categoria,chave,ingles,russo,portugues
Names,angel_guardian,Arael,Араэль,Arael
Names,hero_narrator,Narrator,Рассказчик,Narrador
Names,hero_main,Wigmund,Вигмунд,Wigmund
Names,hero_brother,Wigstan,Вигстан,Wigstan
Names,hero_tankwarrior,Cyneric,Цинерик,Cyneric
Names,hero_axemaster,Modig,Модиг,Modig
Names,hero_cleric,Cleric,Священник,Clérigo
Names,pet_puppy,Puppy,Щенок,Filhote
Names,pet_firebird,Fire Bird,Жар-птица,Pássaro de Fogo
Names,npc_grimme,Grimme,Гримм,Grimme
Names,npc_main_taleteller,Raedan,Райдэн,Raedan
Names,npc_main_mother,Aefestra,Эфестра,Aefestra
Names,npc_main_stneot,Saint Neot,Святой-Неот,Santo Neot
Names,npc_cyld,Cyld,Силд,Cyld
Names,npc_gaffer,Gaffer,Гаффер,Gaffer
Names,npc_boy,Boy,Мальчик,Menino
Names,npc_hildegard,Hildegard,Хильдегард,Hildegard
Names,npc_applewarrior,Eag,Иг,Eag
Names,npc_wyrtha,Wyrtha,Вирта,Wyrtha
Names,npc_wundor,Wundor,Вундор,Wundor
Names,npc_galdor,Galdor,Галдор,Galdor
Names,npc_heorte,Heorthe,Георт,Heorthe
Names,npc_gaed,Gaed,Гаед,Gaed
Names,npc_hyf,Hyf,Хиф,Hyf
Names,npc_peon,Peon,Селянин,Servo
Names,npc_ceorl,Ceorl,Кеорл,Camponês
Names,npc_mayor,Mayor,Мэр,Prefeito
Names,npc_astronomer,Astronomer,Астроном,Astrônomo
Names,npc_dwarf_ofergear,Ofergear,Офергир,Ofergear
Names,npc_dwarf_feorgear,Feorgear,Феоргир,Feorgear
Names,npc_guard,Guard,Стражник,Guarda
Names,npc_merchant,Merchant,Торговец,Mercador
Names,npc_merchant_oip,Oip,Ойп,Oip
Names,npc_merchant_weaponmaster,Weaponmaster,Оружейник,Mestre das Armas
Names,npc_goblin_drof,Drof,Дроф,Drof
Names,npc_goblin_faet,Faet,Фаэст,Faet
Names,npc_goblin_spy,Spy,Шпион,Espião
Names,npc_wolf_stagga,Stagga,Стагга,Stagga
Names,npc_boar_ferocious,Great Boar,Большой Кабан,Grande Javali
Names,npc_spider_forest_matron,Spider Mother,Мать-паук,Mãe Aranha
Names,npc_troll_hombug,Hombug,Хомбаг,Hombug
Names,npc_goblin_overgrown,Overgrown Goblin,Заросший гоблин,Goblin Crescido
Names,npc_antiochus,Antiochus,Антиох,Antiochus
Names,shadow_room,Ghastly Room,Ужасная комната,Sala Sinistral
Names,reliquary_room,Reliquary Room,Реликварийная комната,Sala do Relicário
Names,dragon_room,Great Hall Antechamber,Большой зал,Antecâmara do Grande Salão
Names,dungeon_room_winery,Winery,Винодельня,Adega
Names,dungeon_room_barracks,Barracks,Казармы,Quartel
Names,dungeon_room_crypt,Crypts,Крипта,Cripta
Names,dungeon_room_greathall,The Great Hall,Большой зал,O Grande Salão
Names,dungeon_room_treasury,Treasury,Сокровищница,Tesouro
Names,dungeon_room_treasuryantechamber,Treasury Antechamber,Прихожая при сокровищнице,Antecâmara do Tesouro
Names,castle_room_reliquary,Reliquary,Реликварий,Relicário
Names,castle_room_greatbooks,Giants Library,Библиотека Великих,Biblioteca dos Gigantes
Names,castle_room_scriptorium,Scriptorium,Скрипторий,Scriptorium
Names,castle_room_towerrelic,North-West Tower,Северо-Западная башня,Torre Noroeste
Names,castle_room_towershadow,South-West Tower,Юго-Западная Башня,Torre Sudoeste
Names,poi_evil_cells,Cells,Клетки,Celas
Names,poi_evil_foundry,Great Foundry,Великий литейный завод,Grande Forja
Names,poi_evil_summon,Summoning Room,Комната призыва,Sala de Invocação
Names,poi_evil_throneroom,Throne Room,Тронный зал,Sala do Trono
Names,poi_evil_darkmagic,Dark Magic Room,Комната Темной Магии,Sala da Magia Negra
Names,poi_evil_towerbook,Stone Tower,Каменная башня,Torre de Pedra
Names,poi_transition_ashdowncastlethroneroom,Throne Room Antechamber,Тронный зал,Antecâmara do Trono
Names,poi_transition_ashdowncastle,Ashdown Castle,Замок Эшдаун,Castelo Ashdown
Names,poi_transition_ashdowncastledungeon,Castle's Dungeon,Подземелье замка,Masmorra do Castelo
Names,poi_transition_eordscraefcaverns,Eordscaef Caverns,Пещеры Йордскаф,Cavernas de Eordscaef
Names,poi_transition_lonelyvalley,Lonely Valley,Одинокая долина,Vale Solitário
Names,poi_transition_frodforest,Frod Forest,Морозный лес,Floresta de Frod
Names,poi_transition_valleydungeon,Basement,Подвал,Porão
Names,poi_transition_valleywolfden,Wolf’s Den,Волчье логово,Covil dos Lobos
Names,poi_transition_caverns,Caverns,Пещеры,Cavernas
Names,poi_transition_goblincaverns,Goblin Mines,Гоблинские шахты,Minas dos Goblins
Names,poi_transition_bearcaverns,Bear’s Den,Медвежья берлога,Covil dos Ursos
Names,poi_transition_fortdungeon,Fort’s Dungeon,Подземелье крепости,Masmorra do Forte
Names,poi_transition_basementhaunted,Haunted Basement,Подвал с привидениями,Porão Assombrado
Names,poi_teleportnexus,Teleportation Nexus,Телепортационный Нексус,Nexo de Teletransporte
Names,poi_merchant,Merchant,Торговец,Mercador
Names,poi_bearforest,Bear’s Forest,Медвежий лес,Floresta dos Ursos
Names,poi_settlement,Settlement,Поселение,Assentamento
Names,poi_towers,Ruined Towers,Разрушенные башни,Torres em Ruínas
Names,poi_lonelyhouse,Lonely House,Одинокий дом,Casa Solitária
Names,poi_quary,Quarry,Карьер,Pedreira
Names,dir_village,Clwyd Village,Деревня Клуид,Vila Clwyd
Names,dir_oldtower,O..d Towe..,С..рая баш..,T..re Ve..ha
Names,dir_needlepass,Needle’s Pass,Игольчатый проход,Passagem da Agulha
Names,dir_fort,Fort,Крепость,Forte
Names,dir_oldmine,Old Iron Mine,Старый железный рудник,Mina de Ferro Antiga
Names,poi_player_stash,Stash,Тайник,Baú
Names,title_merchant,Merchant,Торговец,Mercador
Names,title_spoils,Spoils,Трофеи,Espólios
Names,signpost_tomb_aefestra,Here lies Aefestra,Здесь лежит Эфестра,Aqui jaz Aefestra
Names,blodwyrt_head_stone,The Stone of Wisdom,Камень мудрости,A Pedra da Sabedoria
Names,blodwyrt_head_stone_description,An almost perfect gemstone with mysterious qualities.,Почти идеальный драгоценный камень с загадочными свойствами.,Uma pedra preciosa quase perfeita com qualidades misteriosas.
Names,throne_room,Throne Room,Тронный зал,Sala do Trono
Names,castle_dungeon,Castle's Dungeon,Подземелье замка,Masmorra do Castelo
Names,good_angelic_wisp,Angelic Voice,Ангельский голос,Voz Angélica
Names,npc_main_goodking,King Alfred,Король Альфред,Rei Alfred
Names,reci_category_cooking,Cooking,Готовка,Culinária
Names,reci_category_zbanquet,Banquets,Пиршество,Banquetes
Names,reci_category_potions,Potions,Зелья,Poções
Names,reci_category_cmisc,Miscellaneous,Разное,Miscelânea
Names,reci_category_bandages,Bandages,Бинты,Ataduras
Names,reci_category_craft_smelting,Smelting,Переплавка,Fundição
Names,reci_category_craft_upgrade,Item Upgrades,Улучшения предметов,Melhorias de Itens
Names,reci_category_craft_jewelcraft,Enhancements,Улучшения,Aprimoramentos
Names,reci_category_craft_jewels,Jewels,Драгоценности,Joias
Names,reci_category_craft_glass,Glass,Стекло,Vidro
Names,reci_category_craft_armor,Armors,Доспехи,Armaduras
Names,reci_category_craft_aaleather,Leather Tanning,Дубление кожи,Curtimento de Couro
Names,itm_naegling_description,Brutally heavy armor provides full protection to all body parts.,Брутальная тяжелая броня обеспечивает полную защиту всех частей тела.,Armadura brutalmente pesada que oferece proteção total a todas as partes do corpo.
Names,itm_wiglaf_description,"Once worn by a Geatish warrior, this armor was specially designed with freedom of movement in mind.","Эта броня, которую когда-то носил воин-геатиш, была специально разработана с учетом свободы передвижения.","Usada outrora por um guerreiro Geata, esta armadura foi especialmente projetada com liberdade de movimento em mente."
Names,itm_beowulf_description,From the intricate design it can be seen that this armor was specially designed for a great Geatish hero.,"По замысловатому дизайну видно, что эти доспехи были специально созданы для великого геатского героя.","Pelo design intrincado, percebe-se que esta armadura foi especialmente criada para um grande herói Geata."
Names,itm_ironarmor_description,Sturdy. Solid. Heavy.,Прочная.  Крепкая.  Тяжелая.,Resistente. Sólida. Pesada.
Names,itm_templar_rainment_description,"Carefully crafted armor for the “Lions Of Templar” elite royal guard, this armor is a marvel of craftsmanship.","Эта броня, тщательно изготовленная для элитной королевской гвардии Львинных тамплиеров, представляет собой чудо мастерства.","Armadura cuidadosamente forjada para a guarda real de elite dos 'Leões dos Templários', esta é uma obra-prima do artesanato."
Names,itm_berserkarmor_description,"One worn by a berserker warrior during a brutal initiation rite, it is probable that it was scattered around by wildlife as a result of the failed initiation.","Тот, который носил воин-берсерк во время жестокого обряда посвящения, вероятно, был разбросан дикими животными в результате неудачного посвящения.","Usada outrora por um guerreiro berserker durante um brutal ritual de iniciação, provavelmente foi espalhada pela vida selvagem como resultado da iniciação fracassada."
Names,itm_faitharmor_description,"Ancient armor, designed to facilitate the casting of preternatural abilities.","Древняя броня, предназначенная для облегчения применения сверхъестественных способностей.","Armadura antiga, projetada para facilitar o uso de habilidades sobrenaturais."
Names,itm_armor_light0.1_helm,Leather Helm,Кожаный шлем,Elmo de Couro
Names,itm_armor_light0.1_body,Leather Vest,Кожаный жилет,Colete de Couro
Names,itm_armor_light0.1_legs,Leather Pants,Кожаные штаны,Calças de Couro
Names,itm_armor_light0.1_boots,Leather Boots,Кожаные ботинки,Botas de Couro
Names,itm_armor_light0.1_hands,Leather Glove,Кожаная перчатка,Luva de Couro
Names,itm_armor_light0.1_shoulder,Leather Shoulderpad,Кожаный наплечник,Ombreira de Couro
Names,itm_armor_light0.1_knee,Leather Knee Guard,Кожаный наколенник,Joelheira de Couro
Names,itm_armor_light1_helm,Reinforced Faceguard,Усиленный большой шлем,Protetor Facial Reforçado
Names,itm_armor_light1_body,Reinforced Leather Vest,Усиленный кожаный жилет,Colete de Couro Reforçado
Names,itm_armor_light1_legs,Reinforced Leather Pants,Усиленные кожаные штаны,Calças de Couro Reforçadas
Names,itm_armor_light1_boots,Reinforced Leather Boots,Усиленные кожаные сапоги,Botas de Couro Reforçadas
Names,itm_armor_light1_hands,Reinforced Leather Glove,Усиленная кожаная перчатка,Luva de Couro Reforçada
Names,itm_armor_light1_shoulder,Reinforced Leather Shoulderpad,Усиленный кожаный наплечник,Ombreira de Couro Reforçada
Names,itm_armor_light1_knee,Reinforced Knee Guard,Усиленная защита колена,Joelheira Reforçada
Names,itm_armor_light1_armguard,Reinforced Armguard,Усиленная защита,Braçal Reforçado
Names,itm_armor_light2_helm,Wiglaf's Faceguard,Большой шлем Виглафа,Protetor Facial de Wiglaf
Names,itm_armor_light2_body,Wiglaf's Hauberk,Хауберк Виглафа,Hauberque de Wiglaf
Names,itm_armor_light2_legs,Wiglaf's Tasset,Тассет Виглафа,Saiote de Wiglaf
Names,itm_armor_light2_boots,Wiglaf's Boots,Сапоги Виглафа,Botas de Wiglaf
Names,itm_armor_light2_hands,Wiglaf's Glove,Перчатка Виглафа,Luva de Wiglaf
Names,itm_armor_light2_shoulder,Wiglaf's Shoulder Guard,Наплечные щитки Виглафа,Ombreira de Wiglaf
Names,itm_armor_light2_knee,Wiglaf's Knee Guard,Наколенник Виглафа,Joelheira de Wiglaf
Names,itm_armor_light3_helm,Beowulf's Faceguard,Большой шлем Беовульфа,Protetor Facial de Beowulf
Names,itm_armor_light3_body,Beowulf's Hauberk,Хауберк Беовульфа,Hauberque de Beowulf
Names,itm_armor_light3_legs,Beowulf's Tasset,Тассет Беовульфа,Saiote de Beowulf
Names,itm_armor_light3_boots,Beowulf's Boots,Сапоги Беовульфа,Botas de Beowulf
Names,itm_armor_light3_shoulder,Beowulf's Shoulder Guard,Наплечные щитки Беовульфа,Ombreira de Beowulf
Names,itm_armor_light3_shoulder_ref,Beowulf's Reinforced Shoulder Guard,Усиленные наплечники Беовульфа,Ombreira Reforçada de Beowulf
Names,itm_armor_light3_hands,Beowulf's Glove,Перчатка Беовульфа,Luva de Beowulf
Names,itm_armor_light3_knee,Beowulf's Knee Guard,Наколенник Беовульфа,Joelheira de Beowulf
Names,itm_armor1_helm,Battered Iron Helm,Потертый железный шлем,Elmo de Ferro Batido
Names,itm_armor1_cuirass,Battered Iron Cuirass,Потрепанная железная кираса,Couraça de Ferro Batido
Names,itm_armor1_platelegs,Battered Iron Platelegs,Побитые железные латные поножи,Grevas de Ferro Batido
Names,itm_armor1_greaves,Battered Iron Greaves,Потертые железные поножи,Caneleiras de Ferro Batido
Names,itm_armor1_gauntlets,Battered Iron Gauntlets,Потрепанные железные рукавицы,Manoplas de Ferro Batido
Names,itm_armor1_pauldron,Battered Iron Pauldron,Потертое железное наплечье,Espaldeira de Ferro Batido
Names,itm_armor1_poleyn,Battered Iron Poleyn,Побитый Железный Полейн,Joelheira de Ferro Batido
Names,itm_armor2_helm,Naegling Helm,Наеглингский шлем,Elmo Naegling
Names,itm_armor2_cuirass,Naegling Cuirass,Кираса Наеглинга,Couraça Naegling
Names,itm_armor2_platelegs,Naegling Platelegs,Нэглингские латные поножи,Grevas Naegling
Names,itm_armor2_greaves,Naegling Greaves,Наколенники Нэглинга,Caneleiras Naegling
Names,itm_armor2_gauntlets,Naegling Gauntlet,Рукавица Нэглинга,Manopla Naegling
Names,itm_armor2_pauldron,Naegling Pauldron,Наплечье Нэглинга,Espaldeira Naegling
Names,itm_armor2_poleyn,Naegling Poleyn,Нэглинг Полейн,Joelheira Naegling
Names,itm_armor2_armguard,Naegling Armguard,Наручи Нэглинга,Braçal Naegling
Names,itm_armor3_helm,Templar Helm,Шлем тамплиера,Elmo Templário
Names,itm_armor3_cuirass,Templar Cuirass,Кираса тамплиера,Couraça Templária
Names,itm_armor3_platelegs,Templar Platelegs,Латные поножи тамплиеров,Grevas Templárias
Names,itm_armor3_greaves,Templar Greaves,Наголенники тамплиеров,Caneleiras Templárias
Names,itm_armor3_pauldron,Templar Pauldron,Наплечье тамплиера,Espaldeira Templária
Names,itm_armor3_pauldron_reinforced,Reinforced Templar Pauldron,Усиленное наплечье тамплиера,Espaldeira Templária Reforçada
Names,itm_armor3_gauntlets,Templar Gauntlet,Рукавицы тамплиера,Manopla Templária
Names,itm_armor3_poleyn,Templar Poleyn,Тамплиер Полейн,Joelheira Templária
Names,itm_armor_faith_helm,Paladin Helm,Шлем паладина,Elmo de Paladino
Names,itm_armor_faith_cuirass,Paladin Cuirass,Кириса паладина,Couraça de Paladino
Names,itm_armor_faith_platelegs,Paladin Platelegs,Латные поножи паладина,Grevas de Paladino
Names,itm_armor_faith_greaves,Paladin Greaves,Наголенники паладина,Caneleiras de Paladino
Names,itm_armor_faith_pauldron_law,Paladin Pauldron Of Law,Наплечье 'Закон' паладина,Espaldeira de Paladino da Lei
Names,itm_armor_faith_pauldron_justice,Paladin Pauldron Of Justice,Наплечье 'Справедливость' паладина,Espaldeira de Paladino da Justiça
Names,itm_armor_faith_gauntlets,Paladin Gauntlet,Рукавицы паладина,Manopla de Paladino
Names,itm_armor_faith_poleyn,Paladin Poleyn,Полейн паладина,Joelheira de Paladino
Names,itm_armor8_helm,Berserker’s Faceguard,Большой шлем берсерка,Protetor Facial do Berserker
Names,itm_armor8_cuirass,Berserker’s Gambeson,Гамбезон Берсеркера,Gambeson do Berserker
Names,itm_armor8_platelegs,Berserker’s Trousers,Поножи Берсерка,Calças do Berserker
Names,itm_armor8_greaves,Berserker’s Boots,Сапоги берсерка,Botas do Berserker
Names,itm_armor8_gauntlets,Berserker’s Gloves,Перчатки Берсерка,Luvas do Berserker
Names,itm_armor8_pauldron,Berserker’s Shoulderguards,Наплечные щитки берсерка,Ombreiras do Berserker
Names,itm_armor8_poleyn,Berserker’s Kneeguards,Наколенники берсерка,Joelheiras do Berserker
Names,itm_armguard_berserk,Bladed Armguard,Лезвийные Наручи,Braçal com Lâminas
Names,itm_armor8_armguard_desc,"Covered with razors sharp blades, this armguard was the last resort for a warrior that had the ill fortune of loosing his weapon during combat.","Покрытые бритвенно острыми лезвиями, эти наручи были последним спасением для воина, которому не повезло потерять свое оружие во время боя.","Coberto com lâminas afiadas, este braçal era o último recurso de um guerreiro que teve o azar de perder sua arma em combate."
Names,itm_armguard_tank,Plated Armguard,Пластинчатые Наручи,Braçal Plaquetado
Names,itm_armguard_tank_desc,Provides an additional layer of protection to the sword-wielding hand.,"Обеспечивает дополнительный уровень защиты руки, держащей меч.",Oferece uma camada adicional de proteção à mão que empunha a espada.
Names,itm_armguard_scholar,Inscribed Armguard,Расписные наручи,Braçal Gravado
Names,itm_armguard_scholar_desc,"Inscribed with runes of power, this piece will enhance the wielder’s preternatural abilities.","Этот предмет, украшенный рунами силы, усиливает сверхъестественные способности владельца.","Gravado com runas de poder, esta peça aprimora as habilidades sobrenaturais de quem o usa."
Names,itm_armguard_knight,Templar Armguard,Наручи тамплиера,Braçal Templário
Names,itm_armguard_knight_desc,"Besides the delicate inscriptions, the “Lions of Templar” coat of arms can be seen on the front side.",Помимо изящных надписей на лицевой стороне можно увидеть герб Львы тамплиеров.,"Além das delicadas inscrições, o brasão dos 'Leões dos Templários' pode ser visto na frente."
Names,itm_cape_berserker,Berserker’s Cape,Накидка Берсерка,Capa do Berserker
Names,itm_cape_deacon,Deacon’s Mantle,Мантия диакона,Manto do Diácono
Names,itm_cape_heavy,Thick Cape,Толстая накидка,Capa Grossa
Names,itm_cape_ranger,Ranger’s Cape,Накидка лучника,Capa do Guardião
Names,itm_cape_templar,Lions of Templar Mantle,Мантия львов тамплиеров,Manto dos Leões dos Templários
Names,itm_shield_buckler,Wooden Buckler,Деревянный баклер,Broquel de Madeira
Names,itm_shield_towerwood,Wooden Towershield,Деревянный башенный щит,Torre de Madeira
Names,itm_shield_falcon,Amethyst Guard,Аметистовый страж,Guarda Ametista
Names,itm_shield_falcon_desc,"Made from gemstones and reinforced with metal, this shield was designed to protect from evil spells cast against its wielder.","Этот щит, сделанный из драгоценных камней и укрепленный металлом, был разработан для защиты от злых заклинаний, наложенных на его владельца.","Feito de pedras preciosas e reforçado com metal, este escudo foi projetado para proteger contra feitiços malignos lançados contra seu portador."
Names,itm_shield_crusader,Crusader’s Shield,Щит крестоносца,Escudo do Cruzado
Names,itm_shield_greattower,Great Dwarven Towershield,Большой гномий башенный щит,Grande Torre Anã
Names,itm_shield_greattower_desc,"Created by ancient dwarves deep beneath their mountain-home, this shield was crafted with the maximum amount of protection for the wielder.","Этот щит, созданный древними гномами глубоко под своим горным домом, обеспечивал максимальную защиту владельца.","Criado por antigos anões nas profundezas de sua morada na montanha, este escudo foi forjado com a máxima proteção para o portador."
Names,itm_shield_kiteshield,Naegling Kiteshield,Нэглинг Кайтщит,Escudo Naegling
Names,itm_shield_celtic,Celtic Shield,Кельтский щит,Escudo Celta
Names,itm_shield_celtic_ornated,Inscribed Celtic Shield,Расписной кельтский щит,Escudo Celta Gravado
Names,itm_shield_light,Shield Of Glory,Щит Света,Escudo da Glória
Names,itm_shield_light_desc,"Imbued with great powers, this shield along with other artifacts can allow it’s wielder to venture in the darkest depths of Heol.","Наделенный огромной силой, этот щит вместе с другими артефактами может позволить его владельцу отправиться в самые темные глубины Хеола.","Imbuído de grandes poderes, este escudo junto a outros artefatos pode permitir que seu portador adentre as profundezas mais sombrias de Heol."
Names,itm_axe_1h_simple,Woodcutter Axe,Топор лесоруба,Machado de Lenhador
Names,itm_sword_1h_simple,Squire Sword,Меч оруженосца,Espada de Escudeiro
Names,itm_sword_1h_oldiron,Old Iron Sword,Старый железный меч,Espada Velha de Ferro
Names,itm_sword_1h_oldiron_desc,"Not very sharp, but still usable.","Не очень острый, но пользоваться можно.","Não muito afiada, mas ainda utilizável."
Names,itm_sword_1h_celtic_naegling,Naegling,Нэглинг,Naegling
Names,itm_sword_1h_celtic_naegling_desc,"Richly decorated, this sword was certainly crafted with great skill.","Богато украшенный, этот меч, несомненно, был изготовлен с большим мастерством.","Ricamente decorada, esta espada foi certamente forjada com grande habilidade."
Names,itm_warhammer_1h,Warhammer,Молот Войны,Martelo de Guerra
Names,itm_sword_1h_light,Sword Of Light,Меч Света,Espada da Luz
Names,itm_sword_1h_knightly,Knightly Sword,Рыцарский меч,Espada Cavalheiresca
Names,itm_sword_1h_final,Paladin Sword,Меч паладина,Espada de Paladino
Names,itm_mattock_2h,Mattock,Мэтток,Enxada de Guerra
Names,itm_sword_2h_mountanous,Mountainous Claymore,Горный Клеймор,Claymore das Montanhas
Names,itm_sword_2h_simple,Greatsword,Большой меч,Espadão
Names,itm_axe_2h_simple,Dane Greataxe,Великий Топор Дэйна,Grande Machado Dinamarquês
Names,itm_axe_2h_battleaxe,Battleaxe,Боевой топор,Machado de Batalha
Names,itm_axe_2h_battleaxe_desc,"As seen from the delicate dwarven runes inscribed on its hilt, it seems this great battleaxe was forged by dwarves.","Судя по изящным гномьим рунам, начертанным на его рукояти, кажется, что этот огромный боевой топор был выкован гномами.","Pelas delicadas runas anãs gravadas no cabo, parece que este grande machado de batalha foi forjado por anões."
Names,itm_sword_2h_claymore_a,Ornamented Greatsword,Украшенный большой меч,Espadão Ornamentado
Names,itm_sword_2h_claymore_b,Claymore,Клеймор,Claymore
Names,itm_sword_2h_collosalzwei,Zweihander,Цвайхандер,Zweihänder
Names,itm_sword_2h_final,Paladin Greatsword,Большой меч Паладина,Espadão de Paladino
Names,itm_hammer_2h,Dwarven Warhammer,Гномий боевой молот,Martelo de Guerra Anão
Names,itm_hammer_2h_desc,"Dwarven made, huge and heavy made to crush the opponent’s armor.","Сделанный гномами, огромный и тяжелый, способный сокрушить броню противника.","Fabricado por anões, enorme e pesado, feito para esmagar a armadura do oponente."
Names,itm_bow_simple,Shortbow,Короткий лук,Arco Curto
Names,itm_bow_longbow,Longbow,Длинный лук,Arco Longo
Names,itm_bow_longbow_decorated,Reinforced Longbow,Усиленный длинный лук,Arco Longo Reforçado
Names,itm_bow_imperial,Imperial Bow,Императорский лук,Arco Imperial
Names,itm_bow_composite,Dwarven Bow,Двемерский лук,Arco Anão
Names,itm_bow_final,Paladin Bow,Лук паладина,Arco de Paladino
Names,itm_artefact_scriptorium,Tome Of The Scriptorium,Фолиант Скрипториума,Tomo do Scriptorium
Names,itm_artefact_scriptorium_desc,"Highly decorated with intricate miniatures, this tome contains not only beauty but also long lost wisdom.","Этот том, богато украшенный замысловатыми миниатюрами, содержит не только красоту, но и давно утраченную мудрость.","Ricamente decorado com miniaturas intrincadas, este tomo contém não só beleza, mas também uma sabedoria há muito perdida."
Names,itm_artefact_parchment,Parchment,Пергамент,Pergaminho
Names,itm_artefact_parchment_desc,"An old parchment, filled with many words of wisdom.","Старый пергамент, наполненный множеством мудрых слов.","Um pergaminho antigo, repleto de muitas palavras de sabedoria."
Names,itm_artefact_holy_grail,The Holy Grail,Святой Грааль,O Santo Graal
Names,itm_artefact_holy_grail_desc,"The legendary Holy Grail, it imbues its wielder with great power.","Легендарный Святой Грааль, наделяет своего владельца великой силой.","O lendário Santo Graal, que concede imenso poder a seu portador."
Names,itm_artefact_warhorn,Warhorn,Боевой рог,Corneta de Guerra
Names,itm_artefact_warhorn_desc,Used in the heat of battle to rally the troops.,Используется в пылу боя для сплочения войск.,Usada no calor da batalha para reunir as tropas.
Names,itm_artefact_satchel,Satchel,Рюкзак,Alforje
Names,itm_artefact_satchel_desc,I could carry more with this.,С ним я смогу унести больше.,Com isso eu conseguiria carregar mais.
Names,itm_artefact_flask,Flask Of Light,Настойка Света,Frasco de Luz
Names,itm_artefact_flask_desc,"No, I don’t know how can one put light in a bottle.","Нет, я не знаю, как можно было запихнуть свет в бутылку.",Não sei como é possível colocar luz numa garrafa.
Names,itm_artefact_angelstone,Guardian’s Angel Stone,Камень ангела-хранителя,Pedra do Anjo Guardião
Names,itm_artefact_angelstone_desc,"Given to me by angel Arael, I should be able to summon him by wearing this.","Подаренный мне ангелом Араэлем, с помощью него я смогу призвать его.","Dada a mim pelo anjo Arael, devo conseguir invocá-lo usando isto."
Names,itm_artefact_booklight,Book of Light,Книга Света,Livro da Luz
Names,itm_artefact_booklight_desc,"Not even the depths of Heol can diminish the light of this ancient, powerful tome.","Даже глубины Хеола не могут уменьшить свет этого древнего, могущественного фолианта.",Nem as profundezas de Heol conseguem diminuir a luz deste tomo antigo e poderoso.
Names,itm_bracer_leather,Leather Bracers,Кожаные наручи,Braçais de Couro
Names,itm_belt_leather,Leather Belt,Кожаный ремень,Cinto de Couro
Names,itm_bracer_reinforced,Reinforced Bracers,Усиленные наручи,Braçais Reforçados
Names,itm_belt_reinforced,Reinforced Belt,Усиленный ремень,Cinto Reforçado
Names,itm_bracer_steel,Steel Bracers,Стальные наручи,Braçais de Aço
Names,itm_belt_steel,Steel Belt,Стальной пояс,Cinto de Aço
Names,itm_bracer_studded,Studded Bracers,Шипованные наручи,Braçais Cravejados
Names,itm_belt_studded,Studded Belt,Ремень с шипами,Cinto Cravejado
Names,itm_bracer_adamant,Mithril Bracers,Мифриловые наручи,Braçais de Mitril
Names,itm_belt_adamant,Mithril Belt,Мифриловый пояс,Cinto de Mitril
Names,itm_belt_shift,Shifting Belt,Переключающий ремень,Cinto Versátil
Names,itm_belt_hero,Hero’s Belt,Пояс героя,Cinto do Herói
Names,itm_neck_stone,Stone Necklace,Каменное ожерелье,Colar de Pedra
Names,itm_neck_stone_desc,"More of a burden than of any real usage, this necklace will provide minimal protection to the neck.","Это ожерелье больше весит, чем что-то дает, дает минимальную защиту шеи.","Mais um fardo do que algo de uso real, este colar oferece proteção mínima ao pescoço."
Names,itm_neck_silver,Silver Necklace,Серебряное колье,Colar de Prata
Names,itm_neck_gold,Gold Necklace,Золотое ожерелье,Colar de Ouro
Names,itm_ring_copper,Copper Ring,Медное кольцо,Anel de Cobre
Names,itm_ring_iron,Iron Ring,Железное кольцо,Anel de Ferro
Names,itm_ring_silver,Silver Ring,Серебряное кольцо,Anel de Prata
Names,itm_ring_gold,Golden Ring,Золотое кольцо,Anel de Ouro
Names,itm_ring_ranger,Ranger’s Ring,Кольцо Лучника,Anel do Guardião
Names,itm_ring_dextrous,Dextrous Ring,Ловкое кольцо,Anel da Destreza
Names,itm_ring_warrior,Warrior’s Ring,Кольцо Воина,Anel do Guerreiro
Names,itm_ring_unburden,Ring Of Unburden,Кольцо освобождения,Anel do Alívio
Names,itm_ring_unburden_desc,This ring can make the wearer feel burdens less heavily.,Это кольцо поможет облегчить владельцу чувство бремени.,Este anel pode fazer o portador sentir o peso com menos intensidade.
Names,itm_ring_thick,Thick Band,Толстая полоса,Aro Grosso
Names,itm_ring_gemstone,Gemstone Ring,Кольцо с драгоценным камнем,Anel com Gema
Names,itm_ring_gemstone_desc,"With fine and intricate design, this ring was certainly not made for a commoner.",Это кольцо с прекрасным и замысловатым дизайном определенно не было создано для простолюдина.,"Com design fino e intrincado, este anel certamente não foi feito para alguém comum."
Names,itm_ring_kingly,King’s Signet,Королевская печатка,Sinete Real
Names,itm_ring_templar,Templar’s Ring,Кольцо тамплиера,Anel Templário
Names,itm_ring_templar_desc,"This ring was stolen with the intention of creating evil weapons of war, as all other Templar equipment.","Это кольцо было украдено с намерением создать зловещее оружие войны, как и всё другое снаряжение тамплиеров.","Este anel foi roubado com a intenção de criar armas malignas de guerra, assim como todo o equipamento dos Templários."
Names,itm_neck_decorated,Decorated Necklace,Украшенное ожерелье,Colar Decorado
Names,itm_neck_berserk,Berserker’s Necklace,Ожерелье Берсерка,Colar do Berserker
Names,itm_neck_berserk_desc,"Enemies, fear me!","Враги, бойтесь меня!","Inimigos, me temam!"
Names,itm_neck_spiky,Spiked Necklace,Шипастое ожерелье,Colar com Espinhos
Names,itm_neck_spiky_desc,"With it’s spikes pointed inwards, I should never fall asleep with this on.","Поскольку его шипы направлены внутрь, я никогда не засну в нём.","Com os espinhos voltados para dentro, nunca devo adormecer com isso."
Names,itm_neck_vitality,Necklace Of Vitality,Ожерелье жизненной силы,Colar da Vitalidade
Names,itm_neck_unburden,Medallion Of Constitution,Медальон телосложения,Medalhão da Constituição
Names,itm_neck_unburden_desc,This medallion can make the wearer feel less burden.,Этот медальон может облегчить владельцу чувство бремени.,Este medalhão pode fazer o portador sentir menos o peso da carga.
Names,itm_ring_eyevoid,Eye Of The Void,Глаз Пустоты,Olho do Vazio
Names,itm_ring_eyevoid_desc,It seems to be staring back at you.,"Кажется что, он смотрит на тебя.",Parece olhar de volta para você.
Names,itm_neck_purity,Pendant Of Purity,Кулон Чистоты,Pingente da Pureza
Names,itm_neck_purity_desc,Great craftsmanship.,Отличное мастерство.,Artesanato de grande qualidade.
Names,itm_shovel_archeology,Archeology Shovel,Археологическая лопата,Pá de Arqueologia
Names,itm_shovel_archeology_desc,I can use this to discover hidden treasures!,"Я могу использовать это, чтобы обнаружить спрятанные сокровища!",Posso usar isto para descobrir tesouros escondidos!
Names,itm_artefact_visibility,Tablet of True Sight,Табличка истинного зрения,Tábua da Visão Verdadeira
Names,itm_artefact_visibility_desc,"A tablet divided into four runes, that can make invisible items visible.","Табличка, разделенная на четыре руны, позволяющая сделать невидимые предметы видимыми.",Uma tábua dividida em quatro runas capaz de tornar visíveis itens invisíveis.
Names,itm_artefact_hourglass,Hourglass,Песочные часы,Ampulheta
Names,itm_artefact_hourglass_desc,This mysterious artefact can accelerate the time until midnight.,Этот загадочный артефакт способен ускорить время до полуночи.,Este misterioso artefato pode acelerar o tempo até a meia-noite.
Names,itm_milkweed_medallion,Milkweed Medallion,Медальон из молочая,Medalhão de Erva-Leiteira
Names,itm_milkweed_medallion_desc,"Using the legendary Milkweed grass, this medallion can unlock all magic locks.","Используя легендарную траву Молочая, этот медальон может открыть все магические замки.","Usando a lendária erva-leiteira, este medalhão pode abrir todas as fechaduras mágicas."
Names,itm_respec_rune,Re-specialization Rune,Руна повторной специализации,Runa de Re-especialização
Names,itm_respec_rune_desc,Unlearn all the talents and regains all the attribute points that I have spent.,Отучите все таланты и восстановите все потраченные очки атрибутов.,Desaprende todos os talentos e recupera todos os pontos de atributo gastos.
Names,itm_fished_casket,Watertight Casket,Водонепроницаемая шкатулка,Cofre Estanque
Names,itm_fished_casket_desc,This casket seems to have been under water for a very long time. I should see what is inside it.,"Кажется, этот гроб очень долго находился под водой.  Я должен посмотреть, что у него внутри.",Este cofre parece ter ficado debaixo d'água por muito tempo. Preciso ver o que há dentro.
Names,itm_fished_casket_b,Decorated Casket,Украшенная шкатулка,Cofre Decorado
Names,itm_fished_casket_b_desc,This highly decorated casket seems to have been lost underwater. I am sure it can contain great treasures.,"Эта богато украшенная шкатулка, похоже, затерялась под водой.  Я уверен, что здесь могут храниться великие сокровища.",Este cofre ricamente decorado parece ter se perdido debaixo d'água. Tenho certeza de que pode conter grandes tesouros.
Names,itm_pickaxe,Pickaxe,Кирка,Picareta
Names,itm_pickaxe_desc,"A miner’s tool, usable near ore veins.","Инструмент шахтера, используемый вблизи рудных жил.","Ferramenta de mineiro, utilizável perto de veios de minério."
Names,im_fishrod,Fishing Rod,Удочка,Vara de Pesca
Names,im_fishrod_desc,A simple fishing rod. Use near water where you can see fishes.,"Простая удочка.  Используйте вблизи воды, где можно увидеть рыб.",Uma vara de pesca simples. Use perto da água onde dá para ver peixes.
Names,im_fishrod_dwarf,Dwarven Fishing Rod,Гномья удочка,Vara de Pesca Anã
Names,im_fishrod_dwarf_desc,A very intricate fishing rod. In high level waters has a 7-21% change to catch something else than a fish. Maybe some lost treasure…,"Очень сложная удочка для ловли рыбы. При высоком уровне воды вероятность поймать что-то другое составляет от 7 до 21%. Возможно, какое-нибудь потерянное сокровище...","Uma vara de pesca muito elaborada. Em águas de nível alto, tem 7-21% de chance de pescar algo diferente de um peixe. Talvez um tesouro perdido…"
Names,itm_scroll_sacrality,Scroll Of Sacrality,Свиток Сакральности,Pergaminho de Sacralidade
Names,itm_scroll_cleave,Scroll Of Cleave,Свиток Раскола,Pergaminho de Golpe Amplo
Names,itm_scroll_bow,Blessing of War Scroll,Свиток Благословение войны,Pergaminho de Bênção de Guerra
Names,itm_scroll_shieldslam,Scroll Of Shield Slam,Свиток удара щитом,Pergaminho de Martelada de Escudo
Names,itm_scroll_groundslam,Scroll Of Ground Slam,Свиток удара по земле,Pergaminho de Golpe no Chão
Names,itm_scroll_sworddance,Scroll Of Sword Dance,Свиток танца смерти,Pergaminho de Dança das Espadas
Names,itm_scroll_shieldcharge,Scroll Of Shield Charge,Свиток заряда щита,Pergaminho de Investida de Escudo
Names,itm_scroll_exorcism,Scroll Of Exorcism,Свиток экзорцизма,Pergaminho de Exorcismo
Names,itm_scroll_powerarrow,Scroll Of Power Arrow,Свиток Стрелы Силы,Pergaminho de Flecha Poderosa
Names,itm_coins,Coins,Монеты,Moedas
Names,itm_coins_desc,Merchants will be interested in these.,В этом будут заинтересованы торговцы.,Os mercadores vão se interessar por estas.
Names,itm_food_apple,Shiny Apple,Блестящее яблоко,Maçã Brilhante
Names,itm_food_old_wine,100’ Years Old Wine,Старое 100’ летнее вино,Vinho com 100 Anos
Names,itm_food_old_wine_desc,"“If an angel out of heaven brings you other things to drink, thank him for his kind attentions, go and pour them down the sink.”
In memoriam G. H.","“Если ангелы свыше тебе принесут, выпить нечто иное в красивой бутыли, благодарность отвесь – ну а как отойдут, в раковину поскорей ты бурду эту слей.”
В память о Г.К. Честертоне","""Se um anjo dos céus te trouxer outras bebidas, agradeça pelas suas gentis atenções, vá e despeje-as na pia.""\nIn memoriam G. H."
Names,itm_food_bread,Soft Bread,Мягкий хлеб,Pão Macio
Names,itm_food_meat,Salted Meat,Соленое мясо,Carne Salgada
Names,itm_food_wine,Wine,Вино,Vinho
Names,itm_food_fish,Smoked Northern Pike,Копченая северная щука,Lúcio Defumado
Names,itm_food_fish_desc,Smells a bit fishy.,Пахнет немного рыбно.,Tem um cheirinho de peixe.
Names,itm_food_mushroom,Edible Cave Mushroom,Съедобный пещерный гриб,Cogumelo de Caverna Comestível
Names,itm_food_mushroom_desc,Tasteless and odorless. A good chewing exercise.,"Безвкусный и без запаха. Подойдет если захочется, что-то пожувать.",Sem gosto e sem cheiro. Um bom exercício de mastigação.
Names,itm_food_beerkeglight,Barrel Of Light Beer,Бочонок светлого пива,Barril de Cerveja Leve
Names,itm_food_beerkegstrong,Barrel Of Dark Beer,Бочонок темного пива,Barril de Cerveja Escura
Names,itm_food_smallpint,Small Pint,Маленькая пинта,Caneca Pequena
Names,itm_food_brandy,Brandy,Брэнди,Conhaque
Names,itm_food_meadskin,Skin Of Mead,Медовуха,Odre de Hidromel
Names,itm_food_honey,Acacia Honey,Акациевый мед,Mel de Acácia
Names,itm_food_haunch,Haunch Of Pork,Окорок из свинины,Pernil de Porco
Names,itm_food_roastrabbit,Roast Rabbit,Жареный кролик,Coelho Assado
Names,itm_food_roastcrablegs,Roast Crab Claw,Жареная крабовая клешня,Pata de Caranguejo Assada
Names,itm_food_roastchicken,Roast Chicken,Жареный цыпленок,Frango Assado
Names,itm_food_poachedmackerel,Poached Mackerel,Скумбрия-пашот,Cavalinha Pochada
Names,itm_food_braisedcrab,Braised Crab,Тушеный краб,Caranguejo Braseado
Names,itm_food_smokedmountainwhitefish,Smoked Mountain Whitefish,Копченый горный сиг,Peixe Branco da Montanha Defumado
Names,itm_food_sparkherringdelight,Sparkling Herring Delight,Жареная селедка,Delícia de Arenque Brilhante
Names,itm_food_troutfillet,Trout Fillet,Филе форели,Filé de Truta
Names,itm_food_grilledboarribs,Grilled Boar Ribs,Жареные кабаньи ребрышки,Costelinha de Javali Grelhada
Names,itm_food_sauscisson,Saucisson,Сосиска,Saucisson
Names,itm_food_pate,Pâté,Паштет,Patê
Names,itm_food_eggybread,Eggy Bread,Яичный хлеб,Rabanada
Names,itm_food_salmonfillet,Filet Of Salmon,Филе Лосося,Filé de Salmão
Names,itm_food_bakedcatfish,Baked Catfish,Запеченный сом,Bagre Assado
Names,itm_food_smokedcavegarra,Smoked Cave Garra,Копченая пещера Гарра,Garra de Caverna Defumada
Names,itm_food_roastcaveeel,Roast Cave Squid,Жареный пещерный кальмар,Lula de Caverna Assada
Names,itm_food_grilledkingmackerel,Grilled King Mackerel,Королевская скумбрия на гриле,Cavalinha Real Grelhada
Names,itm_food_deepfriedmushrooms,Deep Fried Mushrooms,Жареные грибы,Cogumelos Fritos
Names,itm_food_fishchips,Fish & Chips,Рыба и чипсы,Fish & Chips
Names,itm_food_porkstew,Pork Stew,Свиное рагу,Ensopado de Porco
Names,itm_food_applepie,Apple Pie,Яблочный пирог,Torta de Maçã
Names,itm_food_honeypie,Honey Pie,Медовый пирог,Torta de Mel
Names,itm_food_carefulyroastchicken,Chicken Soup,Куриный суп,Canja de Galinha
Names,itm_food_redporkwine,Red Wine Pork,Свинина в красном вине,Porco ao Vinho Tinto
Names,itm_food_fishbanquet,Fish Banquet,Рыбный пир,Banquete de Peixe
Names,itm_food_giganticbanquet,Gigantic Banquet,Великий пир,Banquete Gigantesco
Names,itm_food_giganticbanquet_desc,"I am a vegetarian, but only between meals.","Я вегетарианец, но только между приемами пищи.","Sou vegetariano, mas só entre as refeições."
Names,itm_pot_rejuvenation,Rejuvenation Potion,Зелье омоложения,Poção de Rejuvenescimento
Names,itm_pot_hp_small,Small Health Potion,Маленькое зелье здоровья,Poção de Vida Pequena
Names,itm_pot_elixir_minor_faith,Minor Elixir Of Faith,Малый эликсир веры,Elixir Menor da Fé
Names,itm_pot_elixir_minor_speed,Minor Elixir Of Speed,Малый эликсир скорости,Elixir Menor de Velocidade
Names,itm_pot_energy,Energy Potion,Энергетическое зелье,Poção de Energia
Names,itm_pot_hp_medium,Medium Health Potion,Среднее зелье здоровья,Poção de Vida Média
Names,itm_pot_grace,Grace Potion,Зелье благодати,Poção de Graça
Names,itm_pot_elixir_faith,Elixir Of Faith,Эликсир веры,Elixir da Fé
Names,itm_pot_magicresist,Elemental Resistance Potion,Зелье сопротивления стихиям,Poção de Resistência Elemental
Names,itm_pot_magicresist_greater,Greater Elemental Resistance Potion,Сильное зелье сопротивления стихиям,Poção de Resistência Elemental Superior
Names,itm_pot_elixir_speed,Elixir Of Speed,Эликсир скорости,Elixir de Velocidade
Names,itm_pot_elixir_armor,Elixir Of Armor,Эликсир брони,Elixir de Armadura
Names,itm_pot_elixir_strength,Elixir Of Strength,Эликсир силы,Elixir de Força
Names,itm_pot_hp_large,Large Health Potion,Большое зелье здоровья,Poção de Vida Grande
Names,itm_pot_elixir_life,Elixir Of Life,Эликсир Жизни,Elixir da Vida
Names,itm_pot_hp_greater,Greater Potion Of Healing,Великое зелье исцеления,Poção de Cura Superior
Names,itm_pot_elixir_heroes,Elixir Of Heroes,Эликсир героев,Elixir dos Heróis
Names,itm_pot_lifebinder,Lifebinder,Хранительница жизни,Vínculo da Vida
Names,itm_pot_elixir_desc,Elixirs enhance stats for a long period of time.,Эликсиры улучшают характеристики на длительный период времени.,Elixires aprimoram atributos por um longo período.
Names,itm_misc_paper,Old Paper,Старая бумага,Papel Velho
Names,itm_phoenix_egg,Mysterious Fire Egg,Таинственное огненное яйцо,Ovo de Fogo Misterioso
Names,itm_phoenix_egg_desc,This mysterious egg seems to be gently moving. Perhaps in the proper conditions it can hatch.,"Это загадочное яйцо, кажется, мягко движется.  Возможно, в подходящих условиях он сможет вылупиться.",Este misterioso ovo parece se mover suavemente. Talvez nas condições certas possa chocar.
Names,itm_comp_dog,Puppy,Щенок,Filhote
Names,itm_comp_dog_desc,It looks like he wants to get out of the backpack…,"Похоже, он хочет вылезти из рюкзака…",Parece que ele quer sair da mochila…
Names,itm_comp_firebird,Fire Feather,Огненное перо,Pena de Fogo
Names,itm_comp_firebird_desc,"I should be careful with this, or I could burn my hands!","Мне следует быть осторожным с этим, иначе я могу обжечь руки!","Preciso ter cuidado com isso, senão posso me queimar!"
Names,itm_comp_pint,Refreshing Pint,Освежающая пинта,Caneca Refrescante
Names,itm_comp_pint_desc,Calls forth a pint always ready to refresh tired combatants.,"Вызывает пинту пива, всегда готовую освежить уставших бойцов.",Convoca uma caneca sempre pronta para refrescar combatentes cansados.
Names,buff_pint_desc,Will increase my energy regeneration and will offer a small pint from time to time.,Увеличу регенерацию энергии и время от времени буду предлагать небольшую пинту.,Vai aumentar a minha regeneração de energia e me oferecer um gole de vez em quando.
Names,itm_pot_str_growth,Potion Of Giant Strength,Зелье гигантской силы,Poção da Força de Gigante
Names,itm_pot_str_growth_desc,It increases my strength by increasing my physical size.,Это увеличивает мою силу за счет увеличения моего физического размера.,Aumenta minha força ao aumentar meu tamanho físico.
Names,irm_misc_rags,Rags,Тряпки,Trapos
Names,itm_misc_destrleather,Destroyed Leather,Разрушенная кожа,Couro Destruído
Names,itm_misc_oldscroll1,Old Scroll,Старый свиток,Pergaminho Velho
Names,itm_misc_oldscroll2,Deteriorated Old Scroll,Испорченный старый свиток,Pergaminho Velho Deteriorado
Names,itm_misc_woodbeam,Wooden Beam,Деревянная балка,Viga de Madeira
Names,itm_misc_junk,I think I could sell this for a coin or two.,"Думаю, это можно продать за пару монет.",Acho que posso vender isso por uma ou duas moedas.
Names,itm_misc_bonefragment,Bone Fragment,Фрагмент кости,Fragmento de Osso
Names,itm_misc_stone,Stone,Камень,Pedra
Names,itm_misc_stone_desc,Very useful for sharpening items with it.,Очень полезен для заточки предметов.,Muito útil para afiar itens.
Names,itm_misc_feather,Feather,Перо,Pena
Names,itm_misc_feather_desc,Perfect for arrows.,Идеально подходит для стрел.,Perfeita para flechas.
Names,itm_misc_wolftail,Wolf Tail,Волчий хвост,Cauda de Lobo
Names,itm_misc_wolftail_desc,These pesky beasts cause nothing but trouble.,"Эти надоедливые твари не причиняют ничего, кроме неприятностей.",Essas bestas irritantes só causam problema.
Names,itm_misc_linencloth,Linen Cloth,Льняная ткань,Tecido de Linho
Names,itm_misc_linen_desc,A bit dirty but could be used for a patch.,"Немного грязная, но можно использовать для заплатки.","Um pouco sujo, mas dá para usar como remendo."
Names,itm_misc_ironscraps,Iron Scraps,Кусочки железа,Sucata de Ferro
Names,itm_misc_ironscraps_desc,A blacksmith could give a new life to this iron.,Кузнец мог бы подарить этому железу новую жизнь.,Um ferreiro poderia dar nova vida a este ferro.
Names,itm_misc_finecloth,Fine Cloth,Тонкая ткань,Tecido Fino
Names,itm_misc_cashmerecloth,Cashmere Cloth,Кашемировая ткань,Tecido de Caxemira
Names,itm_misc_cashmerecloth_desc,"The finest possible cloth, used for the best armors. Merchants will also be interested in these.","Самая лучшая ткань, из которой изготавливаются лучшие доспехи.  Торговцы также будут в этом заинтересованы.","O tecido mais fino possível, usado nas melhores armaduras. Os mercadores também vão se interessar."
Names,itm_misc_leather,Raw Leather,Необработанная кожа,Couro Cru
Names,itm_misc_leather_desc,Many possible applications. Can be refined.,Множество возможных применений.  Можно усовершенствовать.,Muitas aplicações possíveis. Pode ser refinado.
Names,itm_misc_tannedleather,Tanned Leather,Дубленая кожа,Couro Curtido
Names,itm_misc_reinforcedleather,Reinforced Leather,Усиленная кожа,Couro Reforçado
Names,itm_misc_studdedleather,Studded Leather,Кожа с шипами,Couro Cravejado
Names,itm_misc_bearsinew,Bear Sinew,Медвежьи жилы,Tendão de Urso
Names,itm_misc_emerald,Unpolished Emerald,Неотполированный изумруд,Esmeralda Bruta
Names,itm_misc_emerald_desc,"Even if it is in a rough shape, the beauty of this gem can be seen.","Даже если он имеет грубую форму, можно увидеть красоту этого драгоценного камня.","Mesmo em estado bruto, a beleza desta gema é evidente."
Names,itm_misc_diamond,Unpolished Diamond,Неотполированный алмаз,Diamante Bruto
Names,itm_misc_diamond_desc,One will require a lot of patience to polish this.,"Чтобы отполировать это, потребуется много терпения.",Vai exigir muita paciência para polir este.
Names,itm_misc_reddiamond,Unpolished Red Diamond,Неотполированный красный бриллиант,Diamante Vermelho Bruto
Names,itm_misc_reddiamond_desc,One of the rarest gems that exist. One will probably need another diamond to polish this.,"Один из самых редких драгоценных камней, которые существуют.  Чтобы отполировать это, вероятно, понадобится еще один алмаз.",Uma das gemas mais raras que existem. Provavelmente vai precisar de outro diamante para polir este.
Names,itm_misc_emerald_polished,Emerald,Изумруд,Esmeralda
Names,itm_misc_emerald_polished_desc,Exquisitely beautiful.,Изумляюще красив.,Exquisitamente bela.
Names,itm_misc_diamond_polished,Diamond,Алмаз,Diamante
Names,itm_misc_diamond_polished_desc,Reflects the light in a thousand faces.,Отражает свет в тысячах лиц.,Reflete a luz em mil faces.
Names,itm_misc_reddiamond_polished,Red Diamond,Красный Бриллиант,Diamante Vermelho
Names,itm_misc_reddiamond_polished_desc,A pale red glow seems to be shining from within.,"Кажется, что изнутри сияет бледно-красное свечение.",Um pálido brilho vermelho parece emanar de dentro.
Names,itm_misc_bluepearl,Blue Pearl,Голубая жемчужина,Pérola Azul
Names,itm_misc_bluepearl_desc,The depths of the deep blue ocean can be seen in this beautiful pearl.,Глубины глубокого синего океана можно увидеть в этой прекрасной жемчужине.,As profundezas do oceano podem ser vistas nesta bela pérola.
Names,itm_misc_blackpearl,Black Pearl,Черная жемчужина,Pérola Negra
Names,itm_misc_blackpearl_desc,I wonder what kind of deep lurker could have produced this magnificent pearl.,"Интересно, какой глубинный скрытник мог создать эту великолепную жемчужину?",Fico me perguntando que tipo de criatura das profundezas poderia ter produzido esta magnífica pérola.
Names,itm_stash_infinite,Infinite Stash,Бесконечный тайник,Baú Infinito
Names,itm_stash_infinite_desc,Creates a portable stash for 180 seconds.,Создает переносной тайник на 180 секунд.,Cria um baú portátil por 180 segundos.
Names,itm_cook_raw_rabbitmeat,Raw Rabbit Meat,Сырое мясо кролика,Carne Crua de Coelho
Names,itm_cook_raw_crab,Raw Crab,Сырой краб,Caranguejo Cru
Names,itm_cook_raw_chicken,Raw Chicken,Сырые куриные,Frango Cru
Names,itm_cook_raw_boarribs,Raw Boar Ribs,Сырые кабаньи ребрышки,Costelinha Crua de Javali
Names,itm_cook_raw_boarlegs,Raw Boar Legs,Сырые кабаньи ножки,Perna Crua de Javali
Names,itm_cook_raw_boarliver,Boar Liver,Печень кабана,Fígado de Javali
Names,itm_cook_raw_boarintestines,Boar Intestines,Кишки кабана,Intestinos de Javali
Names,itm_cook_raw_venison,Raw Venison,Сырая оленина,Carne Crua de Veado
Names,itm_food_roastvenison,Roast Venison,Жареная оленина,Veado Assado
Names,itm_cook_egg,Egg,Яйцо,Ovo
Names,itm_cook_salt,Salt,Соль,Sal
Names,itm_cook_spices,Spices,Специи,Especiarias
Names,itm_cook_flour,Flour,Мука,Farinha
Names,itm_cook_potato,Potato,Картофель,Batata
Names,itm_cook_raw_mtnwhitefish,Raw Mountain Whitefish,Сырой горный сиг,Peixe Branco da Montanha Cru
Names,itm_cook_raw_mackerel,Raw Mackerel,Сырая скумбрия,Cavalinha Crua
Names,itm_cook_raw_trout,Raw Trout,Сырая форель,Truta Crua
Names,itm_cook_raw_sparkherring,Raw Sparkling Herring,Сырая игристая сельдь,Arenque Brilhante Cru
Names,itm_cook_raw_salmon,Raw Salmon,Сырой лосось,Salmão Cru
Names,itm_cook_raw_catfish,Raw Catfish,Сырой сом,Bagre Cru
Names,itm_cook_raw_kingmackerel,Raw King Mackerel,Сырая королевская скумбрия,Cavalinha Real Crua
Names,itm_cook_raw_cavegarra,Raw Cave Garra,Сырая пещера Гарра,Garra de Caverna Crua
Names,itm_cook_raw_caveeel,Raw Cave Squid,Сырой пещерный кальмар,Lula de Caverna Crua
Names,itm_cook_raw_caveeel_desc,"Containing rare oils, it is also used for medicine recipes.",Содержащее редкие масла его также используют в рецептах лекарств.,"Contendo óleos raros, também é usada em receitas medicinais."
Names,itm_medici_sage,Sage,Шалфей,Sálvia
Names,itm_medici_sage_desc,"A common herb, used as a mild tonic.","Распространенная трава, используемая как легкое тонизирующее средство.","Uma erva comum, usada como tônico suave."
Names,itm_medici_yarrow,Yarrow,Тысячелистник,Mil-Folhas
Names,itm_medici_yarrow_desc,Commonly used for stopping bleeding.,Обычно используется для остановки кровотечения.,Comumente usada para estancar sangramentos.
Names,itm_medici_licorice,Licorice,Лакрица,Alcaçuz
Names,itm_medici_licorice_desc,Tea made from this plant helps with breathing issues.,Чай из этого растения помогает при проблемах с дыханием.,O chá feito desta planta ajuda com problemas respiratórios.
Names,itm_medici_meadowsweet,Meadowsweet,Таволга,Rainha-dos-Prados
Names,itm_medici_meadowsweet_desc,Extract from this plant can act as a potent painkiller.,Экстракт этого растения может действовать как сильное болеутоляющее средство.,O extrato desta planta pode funcionar como um poderoso analgésico.
Names,itm_medici_stjohnwort,St. John’s Wort,Зверобой,Erva-de-São-João
Names,itm_medici_stjohnwort_desc,"Applied on wounds, this plant can ease burns. Some also say it can prevent unruly elements.","При нанесении на раны это растение может облегчить ожоги.  Некоторые также говорят, что это может предотвратить неуправляемые элементов при алхимии.","Aplicada em feridas, esta planta pode aliviar queimaduras. Alguns também dizem que pode afastar elementos incontroláveis."
Names,itm_medici_rodiola,Rhodiola,Родиола,Rodiola
Names,itm_medici_rodiola_desc,"Properly extracted, this plant is a powerful tonic.",При правильном извлечении это растение является мощным тонизирующим средством.,"Extraída corretamente, esta planta é um poderoso tônico."
Names,itm_medici_comfrey,Comfrey,Окопник,Confrei
Names,itm_medici_comfrey_desc,Used to bind broken bones.,Используется для связывания сломанных костей.,Usado para consolidar ossos quebrados.
Names,itm_medici_valerian,Valerian,Валериана,Valeriana
Names,itm_medici_valerian_desc,Some say this is an extremely strong painkiller.,"Некоторые говорят, что это чрезвычайно сильное обезболивающее.",Dizem que é um analgésico extremamente forte.
Names,itm_medici_myrrh,Myrrh,Мирра,Mirra
Names,itm_medici_vial,Vial,Вирра,Frasco
Names,itm_medici_vial_desc,"An empty vial, perfect for medicine.","Пустой флакон, идеально подходящий для лекарств.","Um frasco vazio, perfeito para medicamentos."
Names,itm_medici_vialcrystal,Crystal Vial,Хрустальный флакон,Frasco de Cristal
Names,itm_medici_vialcrystal_desc,"Made from crystal, can hold more potent mixes.","Изготовлен из хрусталя, может выдерживать более крепкие смеси.","Feito de cristal, pode conter misturas mais potentes."
Names,itm_medici_powder,Ginseng Powder,Женьшеневый порошок,Pó de Ginseng
Names,itm_medici_binder,Medicinal Binder,Лекарственное связующее,Aglutinante Medicinal
Names,itm_medici_binder_desc,Required when mixing many different ingredients.,Требуется при смешивании большого количества различных ингредиентов.,Necessário ao misturar muitos ingredientes diferentes.
Names,itm_bandage_linen,Linen Bandage,Льняная повязка,Atadura de Linho
Names,itm_bandage_fine,Fine Bandage,Тонкая повязка,Atadura Fina
Names,itm_bandage_cashmere,Cashmere Bandage,Кашемировая повязка,Atadura de Caxemira
Names,itm_reg_craft_dragonhide,Dragon Hide,Драконья чешуя,Couro de Dragão
Names,itm_reg_craft_dragonhide_desc,Extremely resilient against unruly elements.,Чрезвычайно устойчива к неуправляемым элементам.,Extremamente resistente a elementos incontroláveis.
Names,itm_reg_craft_stone,Stone,Камень,Pedra
Names,itm_reg_craft_coal,Coal,Уголь,Carvão
Names,itm_reg_craft_groundquartz,Ground Quartz,Земляной кварц,Quartzo Moído
Names,itm_reg_craft_groundcrystal,Ground Crystal,Земляной кристалл,Cristal Moído
Names,itm_reg_craft_ironore,Iron Ore,Железная руда,Minério de Ferro
Names,itm_reg_craft_silverore,Silver Ore,Серебряная руда,Minério de Prata
Names,itm_reg_craft_goldore,Gold Ore,Золотая руда,Minério de Ouro
Names,itm_reg_craft_adamantiumore,Mithril Ore,Мифриловая руда,Minério de Mitril
Names,itm_reg_craft_mithore_desc,Has a particular shine to it.,Имеет особый блеск.,Tem um brilho peculiar.
Names,itm_reg_craft_ironbar,Iron Bar,Железный слиток,Barra de Ferro
Names,itm_reg_craft_steelbar,Steel Bar,Стальной слиток,Barra de Aço
Names,itm_reg_craft_steelbar_desc,98% iron and 2% carbon.,98% железа и 2% углерода.,98% ferro e 2% carbono.
Names,itm_reg_craft_silverbar,Silver Bar,Серебряный слиток,Barra de Prata
Names,itm_reg_craft_goldbar,Gold Bar,Золотой слиток,Barra de Ouro
Names,itm_misc_goldbar_desc,"“All that is gold does not glitter.”
In memoriam J.R.R. T.","“Не всё то золото, что блестит.”
В память о Д.Р.Р. Толкине.","""Nem tudo que reluz é ouro.""\nIn memoriam J.R.R. T."
Names,itm_reg_craft_adamantiumbar,Mithril Bar,Мифриловый слиток,Barra de Mitril
Names,itm_reg_craft_mithrilbar_desc,Practically indestructible. ,Практически нерушимый.,Praticamente indestrutível.
Names,itm_reg_craft_ironrivets,Iron Rivets,Железные заклепки,Rebites de Ferro
Names,itm_upgrade_kit_weapon_desc,Contains counterweights and sharpening stones to enhance any melee weapon.,Содержит противовесы и точильные камни для улучшения любого оружия ближнего боя.,Contém contrapesos e pedras de afiar para melhorar qualquer arma corpo a corpo.
Names,itm_upgrade_stone,Stone Weapon Kit,Набор каменного оружия,Kit de Arma de Pedra
Names,itm_upgrade_stone_reinforced,Reinforced Weapon Kit,Усиленный комплект оружия,Kit de Arma Reforçado
Names,itm_upgrade_kit_light,Light Armor Kit,Комплект легкой брони,Kit de Armadura Leve
Names,itm_upgrade_kit_bow_composite,Composite Bow Kit,Комплект композитного лука,Kit de Arco Composto
Names,itm_upgrade_kit_bow_desc,"Contains strong strings and reinforcement structures, perfect for augmenting bows.","Содержит прочные струны и армирующие конструкции, идеально подходящие для дополнения луков.","Contém cordas resistentes e estruturas de reforço, perfeito para melhorar arcos."
Names,itm_upgrade_kit_heavy,Heavy Armor Kit,Комплект тяжелой брони,Kit de Armadura Pesada
Names,itm_upgrade_kit_dragon,Dragonhide Armor Kit,Комплект брони из драконьей шкуры,Kit de Armadura de Couro de Dragão
Names,itm_upgrade_stone_adamant,Mithril Weapon Kit,Набор мифрилового оружия,Kit de Arma de Mitril
Names,itm_upgrade_kit_adamant,Mithril Armor Kit,Комплект мифриловой брони,Kit de Armadura de Mitril
Names,itm_upgrade_jw_emerald_encased,Encased Emerald,Ограненный изумруд,Esmeralda Cravada
Names,itm_upgrade_jw_emerald_sharp,Sharp Emerald,Острый Изумруд,Esmeralda Afiada
Names,itm_upgrade_jw_emerald_shifting,Shifting Emerald,Перемещающийся изумруд,Esmeralda Versátil
Names,itm_upgrade_jw_emerald_mystic,Mystic Emerald,Мистический Изумруд,Esmeralda Mística
Names,itm_upgrade_jw_diamond_encased,Encased Diamond,Ограненный алмаз,Diamante Cravado
Names,itm_upgrade_jw_diamond_sharp,Sharp Diamond,Острый алмаз,Diamante Afiado
Names,itm_upgrade_jw_diamond_shifting,Shifting Diamond,Смещающийся алмаз,Diamante Versátil
Names,itm_upgrade_jw_diamond_mystic,Mystic Diamond,Мистический алмаз,Diamante Místico
Names,itm_upgrade_jw_diamondred_sumpt,Sumptuous Red Diamond,Роскошный красный бриллиант,Diamante Vermelho Suntuoso
Names,itm_upgrade_jw_diamondred_magni,Magnificent Red Diamond,Великолепный красный бриллиант,Diamante Vermelho Magnífico
Names,itm_key_old_basement_valley,Basement Key,Ключ от подвала,Chave do Porão
Names,itm_key_old_valley_description,It is so rusty! I hope it will not break.,Он такой ржавый! Я надеюсь он не сломается.,Está enferrujadíssima! Espero que não quebre.
Names,itm_key_gaffer,Gaffer’s Basement Key,Ключ от подвала Гаффера,Chave do Porão de Gaffer
Names,itm_key_galdor,Haunted Basement Key,Ключ от подвала с привидениями,Chave do Porão Assombrado
Names,itm_key_galdor_desc,I hope the key is not haunted too.,"Я надеюсь, что к ключу не прилагаются призраки.",Espero que a chave não seja assombrada também.
Names,itm_key_taskmaster,Taskmaster’s Key,Ключ надсмотрщика,Chave do Capataz
Names,itm_key_cagefeorgear,Goblin Cage Key,Ключ от клетки гоблинов,Chave da Jaula dos Goblins
Names,itm_quest_relic_stneot,St. Neot Relic,Реликвия Святого Неота,Relíquia de Santo Neot
Names,itm_quest_relic_stneot_desc,Ex Ossibus Sanctus Neot.,Бывший Святой Неот,Ex Ossibus Sanctus Neot.
Names,itm_quest_golden_harp,Golden Harp Of King Alfred,Золотая арфа короля Альфреда,Harpa Dourada do Rei Alfred
Names,itm_quest_golden_harp_desc,It is said that this harp was used by King Alfred himself and that it can put to sleep any evil beast.,"Говорят, этой арфой пользовался сам король Альфред и что она может усыпить любого злого зверя.",Dizem que esta harpa foi usada pelo próprio Rei Alfred e que pode adormecer qualquer besta maligna.
Names,itm_blodwyrt_head_stone,Blodwirt Headstone,Надгробие Блодвирт,Pedra Tumular de Blodwirt
Names,itm_quest_seal_left,Left Grand Vault Seal,Левая печать Большого хранилища,Selo Esquerdo do Grande Cofre
Names,itm_quest_seal_right,Right Grand Vault Seal,Правая печать Большого хранилища,Selo Direito do Grande Cofre
Names,itm_quest_seal_desc,"Together with the other seal, it will open the door towards the Grand Treasury.",Вместе с другой печатью она откроет дверь в Великое Сокровище.,"Junto com o outro selo, abrirá a porta para o Grande Tesouro."
Names,itm_quest_flowers,Flowers,Цветы,Flores
Names,itm_quest_bearhead,Bear Head,Голова Медведя,Cabeça de Urso
Names,itm_quest_bearhead_desc,Shall make a nice trophy.,Из него выйдет хороший трофей.,Vai fazer um belo troféu.
Names,itm_quest_hedgehog_cage,Hedgehog Cage,Клетка для ежа,Gaiola de Ouriço
Names,itm_quest_hedgehog_cage_desc,What a curious design.,Какой занимательный дизайн.,Que design curioso.
Names,itm_quest_berries,Berries,Ягоды,Frutas Silvestres
Names,itm_quest_berries_desc,A hedgehog’s favorite!,Лакомство ёжика!,O favorito dos ouriços!
Names,itm_quest_hedgehog_cage_hoglet,Cage With Hoglet,Клетка с Хоглетом,Gaiola com Filhote de Ouriço
Names,itm_quest_hedgehog_cage_hoglet_desc,It is cute!,А он милый!,Que fofinho!
Names,itm_quest_milkweed,Milkweed,Молочай,Erva-Leiteira
Names,itm_quest_milkweed_desc,The fabled grass that can open magic locks.,"Легендарная трава, способная открывать магические замки.",A lendária erva capaz de abrir fechaduras mágicas.
Names,itm_key_antiochus,Translucent Key,Прозрачный ключ,Chave Translúcida
Names,itm_key_antiochus_desc,"This key is decorated with a hideous, translucent skull.",Этот ключ украшен отвратительным полупрозрачным черепом.,Esta chave está decorada com uma caveira horrível e translúcida.
Names,itm_watercore,Water Core,Водяное ядро,Núcleo de Água
Names,itm_earthcore,Earth Core,Землянное ядро,Núcleo de Terra
Names,itm_titanium,Titanium Core,Титановое ядро,Núcleo de Titânio
Names,itm_platinum_box,Platinum Box,Платиновая шкатулка,Caixa de Platina
Names,itm_platinum_box_desc,"With the right ingredients, this might work as a portal nexus.",При наличии правильных ингредиентов это может стать связующим звеном между порталами.,"Com os ingredientes certos, isso pode funcionar como um nexo portal."
Names,itm_platinum_box_full,Platinum Box of the Wise-Man,Платиновая шкатулка мудреца,Caixa de Platina do Sábio
Names,itm_platinum_box_full_desc,"Augmented, now it is ready to use. Can be used on any current map nexus and can be used to teleport back to Clwyd from any other map.","Дополнено, теперь готово к использованию.  Может использоваться на любой текущей карте и для телепортации обратно в Клуид с любой другой карты.","Aprimorada, agora está pronta para uso. Pode ser usada em qualquer nexo do mapa atual e serve para teletransporte de volta a Clwyd de qualquer outro mapa."
Names,itm_quest_fordjrn_page1,Journal Page 1,Страница дневника 1,Página 1 do Diário
Names,itm_quest_fordjrn_page2,Journal Page 2,Страница дневника 2,Página 2 do Diário
Names,itm_quest_fordjrn_page3,Journal Page 3,Страница дневника 3,Página 3 do Diário
Names,itm_page_fordjournal_page1,"…the cascade of the lion… through water… all those three clues. …only a humble man will pass… I, Indiana Ford, …find the Holy Grail…","…львинный водопад… сквозь воду… эти три подсказки. …лишь смиренный пройдет … Я, Индиана Форд, …найду Святой Грааль…","…a cascata do leão… pela água… essas três pistas. …só um homem humilde passará… Eu, Indiana Ford, …encontrar o Santo Graal…"
Names,itm_page_fordjournal_page2,…the lion will guide you…,…лев проведёт тебя…,…o leão te guiará…
Names,itm_page_fordjournal_page3,…the faith that makes visible the invisible… ,…лишь верущий узреет незримое… ,…a fé que torna visível o invisível…
Names,itm_shovel_head,Shovel Blade,Штык лопаты,Lâmina de Pá
Names,itm_shovel_handle,Shovel Handle,Ручка лопаты,Cabo de Pá
Names,itm_old_belongings,Gaffer’s Belongings,Вещи Гаффера,Pertences de Gaffer
Names,itm_old_belongings_desc,I should return these to old Gaffer.,Я должен вернуть их старому Гафферу.,Devo devolver isso ao velho Gaffer.
Names,itm_oak_box,Oak Box,Дубовый ящик,Caixa de Carvalho
Names,itm_oak_box_desc,"Not from any oak, but sapient Oak.","Не из какого-то дуба, а из дуба разумного.","Não de qualquer carvalho, mas de carvalho senciente."
Names,itm_dragon_scale,Dragon Scale,Чешуя Дракона,Escama de Dragão
Names,itm_dragon_scale_desc,Unusually large for a whelp of that age.,Необычной огромная для детёныша такого возраста.,Estranhamente grande para um filhote dessa idade.
Names,itm_etherium_vial,Etherium Vial,Флакон Эфириума,Frasco de Etério
Names,itm_etherium_vial_desc,"Etherium, all in a vial.","Эфириум, во флаконе.","Etério, tudo num frasco."
Names,itm_visibility_rune,Visibility Rune,Руна видимости,Runa de Visibilidade
Names,itm_visibility_rune_desc,"Combined with the other runes, it should reveal the invisible.",В сочетании с другими рунами она должна раскрывать невидимое.,"Combinada com as outras runas, deve revelar o invisível."
Names,itm_wolf_tooth,Wolf Tooth,Волчий Зуб,Dente de Lobo
Names,itm_boar_tusk,Razorboar,Острый кабан,Presa de Javali
Names,itm_spider_claw,Spider Claw,Коготь паука,Garra de Aranha
Names,itm_goblin_ear,Goblin Ear,Гоблинское ухо,Orelha de Goblin
Names,itm_troll_tooth,Troll Tooth,Зуб Тролля,Dente de Troll
Names,itm_beehive,Wild Beehive,Дикий улей,Colmeia Selvagem
Names,itm_beehive_desc,I do not think that I should shake it too much.,"Я не думаю, что мне следует трясти его слишком сильно.",Acho que não devo sacudi-la demais.
Names,itm_tryptich_piece,Triptich Piece,Триптих,Peça de Tríptico
Names,itm_tryptich_piece_desc,This triptych seems to represent a royal scene.,Этот триптих словно изображает царскую сцену.,Este tríptico parece representar uma cena real.
Names,itm_beehive_net,Beehive Net,Улей Сеть,Rede de Apicultor
Names,itm_townbell,Town Bell,Городской колокол,Sino da Cidade
Names,itm_teddybear,Teddy Bear,Плюшевый мишка,Urso de Pelúcia
Names,itm_teddybear_desc,I am sure the owner of this toy is very sad right now.,"Уверен, владельцу этой игрушки сейчас очень грустно.",Tenho certeza de que o dono deste brinquedo está muito triste agora.
Names,itm_crystal,Telescope Crystal,Кристалл для телескопа,Cristal de Telescópio
Names,itm_abrasivepowder,Abrasive Powder,Абразивный порошок,Pó Abrasivo
Names,itm_magnifying,Magnifying Glass,Увеличительное стекло,Lupa
Names,itm_magnifying_desc,Will display nearby resources on the minimap.,Отображает близлежащие ресурсы на мини-карте.,Exibe os recursos próximos no minimapa.
Names,itm_magnifying_ench,Spyglass,Подзорная труба,Luneta
Names,itm_magnifying_ench_desc,Will display resources on the minimap and the world map.,Будет отображать ресурсы на миникарте и карте мира.,Exibe os recursos no minimapa e no mapa mundial.
Names,itm_lovepotion,Love Potion,Любовное зелье,Poção do Amor
Names,itm_lovepotion_desc,I should have this on me if I want to attract the werewolf.,"Мне нужно иметь это при себе, если я хочу привлечь оборотня.",Preciso estar com isso para atrair o lobisomem.
Names,itm_holywater,Holy Water,Святая вода,Água Benta
Names,itm_goldapple,Gold Apple,Золотое яблоко,Maçã de Ouro
Names,itm_goldapple_desc,The legends are true…,Легенды правдивы…,As lendas são verdadeiras…
Names,itm_ancientarmorpiece,Ancient Armor Piece,Часть древней брони,Peça de Armadura Antiga
Names,itm_ancientarmorpiece_desc,I think that a skilled goldsmith could somehow put these together.,"Я думаю, что опытный ювелир мог бы как-то соединить их вместе.",Acho que um ourives habilidoso conseguiria unir essas peças de alguma forma.
Names,abil_unstuck,Unstuck,Освобождение,Destravar
Names,abil_unstuck_desc,Attempts to release the character if it is stuck. Use with caution.,"Пытается освободить персонажа, если он застрял.  Используйте с осторожностью.",Tenta libertar o personagem caso esteja preso. Use com cautela.
Names,abil_cleave,Cleave,Раскол,Golpe Amplo
Names,abil_sworddance,Sword Dance,Танец смерти,Dança das Espadas
Names,abil_shieldcharge,Shield Charge,Заряд щита,Investida de Escudo
Names,abil_shieldslam,Shield Slam,Удар щитом,Martelada de Escudo
Names,abil_exorcism,Exorcism,Экзорцизм,Exorcismo
Names,abil_warblessing,War Blessing,Благословение войны,Bênção de Guerra
Names,abil_sacrality,Sacrality,Сакральность,Sacralidade
Names,abil_groundslam,Ground Slam,Удар по земле,Golpe no Chão
Names,abil_powerarrow,Power Arrow,Усиленная стрела,Flecha Poderosa
Names,abil_powerarrow_desc,Damages a single target with a powerful arrow.,Повреждает одну цель мощной стрелой.,Causa dano a um único alvo com uma flecha poderosa.
Names,abil_cleave_desc,A strong melee attack that will damage an enemy in front of you.,"Сильная атака ближнего боя, которая нанесет урон врагу перед вами.",Um forte ataque corpo a corpo que causará dano a um inimigo à sua frente.
Names,abil_sworddance_desc,Unleash a dance of steel that will damage all enemies in front of you.,"Станцуйте вашим недругам танец смерти, который нанесет урон всем врагам перед вами.",Desencadeie uma dança de aço que causará dano a todos os inimigos à sua frente.
Names,abil_shieldcharge_desc,Push and damage all enemies in front of you using your shield.,"Толкайте и наносите урон всем врагам перед вами, используя свой щит.",Empurre e cause dano a todos os inimigos à sua frente usando seu escudo.
Names,abil_shieldslam_desc,Slam the enemy in front of you with your shield.,Ударьте врага перед собой своим щитом.,Golpeie com força o inimigo à sua frente com o escudo.
Names,abil_exorcism_desc,Exorcise the nearest enemy in front of you for holy damage.,"Изгоните ближайшего врага перед вами, нанеся священный урон.",Exorcize o inimigo mais próximo à sua frente causando dano sagrado.
Names,abil_warblessing_desc,Bless your weapon for extra speed and damage.,Благословите свое оружие на дополнительную скорость и урон.,Abençoe sua arma para velocidade e dano extras.
Names,abil_sacrality_desc,Blast all enemies around you.,Взорвите всех врагов вокруг себя.,Atinja todos os inimigos ao seu redor.
Names,abil_groundslam_desc,"Slams the ground, sending out shockwaves that damage all enemies around.","Ударяет по земле, посылая ударные волны, наносящие урон всем врагам вокруг.",Golpeia o chão enviando ondas de choque que causam dano a todos os inimigos ao redor.
Names,abil_tal_sw_precision,Precision,Точность,Precisão
Names,abil_tal_sw_precision_desc,Increases the critical chance with two-handed weapons by {b.Effect1Value}%.,Увеличивает шанс критического удара двуручным оружием на {b.Effect1Value}%,Aumenta a chance de crítico com armas de duas mãos em {b.Effect1Value}%.
Names,abil_tal_sw_powertrain,Power Training,Силовая тренировка,Treinamento de Força
Names,abil_tal_sw_powertrain_desc,Increases damage dealt by {b.Effect1Value}.,Увеличивает урон на {b.Effect1Value}.,Aumenta o dano causado em {b.Effect1Value}.
Names,abil_tal_sw_battletrance,Battle Trance,Боевой транс,Transe de Batalha
Names,abil_tal_sw_battletrance_desc,Has a chance to refresh the cooldown on melee abilities upon receiving a critical strike.,Имеет шанс обновить время восстановления способностей ближнего боя при получении критического удара.,Tem chance de redefinir o resfriamento de habilidades corpo a corpo ao receber um golpe crítico.
Names,abil_tal_sw_fury,Fury,Ярость,Fúria
Names,abil_tal_sw_fury_desc,Applies a {b.Effect1Value}% speed bonus after dealing a critical strike.,Применяет бонус к скорости в {b.Effect1Value}% после нанесения критического удара,Aplica um bônus de velocidade de {b.Effect1Value}% ao desferir um golpe crítico.
Names,abil_tal_sw_weaponmaster_2h,Two Handed Weapon Master,Мастер двуручного оружия,Mestre das Armas de Duas Mãos
Names,abil_tal_sw_weaponmaster_2h_desc,Increases damage dealt with two-handed weapons by {b.Effect1Value}%.,"Увеличивает урон, наносимый двуручным оружием, на {b.Effect1Value}%.",Aumenta o dano causado com armas de duas mãos em {b.Effect1Value}%.
Names,abil_tal_sw_fatalblows,Fatal Blows,Смертельные удары,Golpes Fatais
Names,abil_tal_sw_fatalblows_desc,Has a {b.Chance}% chance to ignore the opponent’s armor on a single attack.,Имеет шанс {b.Chance}% игнорировать броню противника при одной атаке.,Tem {b.Chance}% de chance de ignorar a armadura do oponente em um único ataque.
Names,abil_tal_sw_rend,Rend,Кровотечение,Dilacerar
Names,abil_tal_sw_rend_desc,Has a {b.Chance}% chance to apply a bleed effect on the target.,Имеет шанс {b.Chance}% применить к цели эффект кровотечения.,Tem {b.Chance}% de chance de aplicar um efeito de sangramento no alvo.
Names,abil_tal_sw_furror,Furor,Фурор,Furor
Names,abil_tal_sw_furror_desc,Has a {b.Chance}% chance to enter a warrior’s furor when receiving damage. Will greatly increase damage and speed for a short period of time.,Имеет {b.Chance}% шанс вызвать ярость воина при получении урона.  Значительно увеличит урон и скорость на короткий период времени.,Tem {b.Chance}% de chance de entrar em furor guerreiro ao receber dano. Aumenta muito o dano e a velocidade por um curto período.
Names,abil_tal_sh_stoneskin,Stone Skin,Каменная кожа,Pele de Pedra
Names,abil_tal_sh_stoneskin_desc,Increases health by {b.Effect1Value}.,Увеличивает здоровье на {b.Effect1Value}.,Aumenta a vida em {b.Effect1Value}.
Names,abil_tal_sh_heavyarmormaster,Heavy Armor Master,Мастер тяжелой брони,Mestre da Armadura Pesada
Names,abil_tal_sh_heavyarmormaster_desc,Increases armor gained from plate armor by {b.Effect1Value}%.,"Увеличивает броню, получаемую от доспеха, на {b.Effect1Value}%.",Aumenta a armadura obtida de placas em {b.Effect1Value}%.
Names,abil_tal_sh_strongspine,Strong Spine,Крепкий позвоночник,Coluna Forte
Names,abil_tal_sh_strongspine_desc,Increases weight carry capacity by {b.Effect1Value}.,Увеличивает грузоподъемность на {b.Effect1Value}.,Aumenta a capacidade de carga em {b.Effect1Value}.
Names,abil_tal_sh_weaponmastery,Weapon Master,Мастер оружия,Maestria com Armas
Names,abil_tal_sh_weaponmastery_desc,Increases damage with one-handed weapons by {b.Effect1Value}%.,Увеличивает урон одноручным оружием на {b.Effect1Value}%.,Aumenta o dano com armas de uma mão em {b.Effect1Value}%.
Names,abil_tal_sh_shieldmaster,Shield Master,Мастер Щита,Mestre do Escudo
Names,abil_tal_sh_shieldmaster_desc,Has a chance to reflect {b.Effect1Value}% of damage received when blocking with a shield.,"Имеет шанс отразить {b.Effect1Value}% урона, полученного при блокировании щитом.",Tem chance de refletir {b.Effect1Value}% do dano recebido ao bloquear com um escudo.
Names,abil_tal_sh_impshieldslam,Improved Shield Slam,Улучшенный удар щитом,Martelada de Escudo Aprimorada
Names,abil_tal_sh_impshieldslam_desc,Increases the damage by {a.DamageAdditionPercent}% and the knockdown chance by {a.KnockdownChance}%.,Увеличивает урон на {a.DamageAdditionPercent}% и шанс сбить с ног на {a.KnockdownChance}%.,Aumenta o dano em {a.DamageAdditionPercent}% e a chance de derrubar em {a.KnockdownChance}%.
Names,abil_tal_sh_tacticalmastery,Tactical Mastery,Тактическое мастерство,Maestria Tática
Names,abil_tal_sh_tacticalmastery_desc,"Being a master in armors, always hits the weak points in armor grating an addtitional {b.Effect1Value}% armor piercing.","Будучи мастером доспехов, всегда поражайте слабые места в броне, нанося дополнительный бронебойный эффект на {b.Effect1Value}%","Sendo mestre em armaduras, sempre acerta os pontos fracos, concedendo {b.Effect1Value}% adicional de perfuração de armadura."
Names,abil_tal_sh_shieldwall,Shield Wall,Стена щитов,Muralha de Escudo
Names,abil_tal_sh_shieldwall_desc,Increases your defenses for some time.,Увеличивает вашу защиту на некоторое время.,Aumenta suas defesas por algum tempo.
Names,abil_tal_bw_surehand,Sure Hand,Твердая рука,Mão Firme
Names,abil_tal_bw_surehand_desc,Increases the damage done by bows by {b.Effect1Value}%.,"Увеличивает урон, наносимый луками, на {b.Effect1Value}%.",Aumenta o dano causado por arcos em {b.Effect1Value}%.
Names,abil_tal_bw_lightarmmaster,Light Armor Master,Мастер легкой брони,Mestre da Armadura Leve
Names,abil_tal_bw_lightarmmaster_desc,Increases dexterity received from mail armor by {b.Effect3Value}%.,Повышает ловкость при ношении легких доспехов на {b.Effect3Value}%.,Aumenta a destreza obtida de armadura de malha em {b.Effect3Value}%.
Names,abil_tal_bw_concussionshot,Concussion Shot,Сотрясение мозга,Tiro de Concussão
Names,abil_tal_bw_concussionshot_desc,Offers a {a.KnockdownChance}% chance to knockback enemies with arrows.,Дает {a.KnockdownChance}% шанс отбросить врагов стрелами.,Oferece {a.KnockdownChance}% de chance de recuar inimigos com flechas.
Names,abil_tal_bw_preciseshot,Precision Shot,Точный выстрел,Tiro Preciso
Names,abil_tal_bw_preciseshot_desc,Increases bow critical chance by {b.Effect1Value}%.,Повышает крит.шанс при стрельбе из лука на {b.Effect1Value}%.,Aumenta a chance de crítico com arcos em {b.Effect1Value}%.
Names,abil_tal_bw_eagleeye,Eagle Eye,Соколинный глаз,Olho de Águia
Names,abil_tal_bw_eagleeye_desc,Can see further. Will increase a bow’s range by {b.Effect1Value} yards.,Теперь я вижу дальше. Увеличивает дальность стрельбы из лука на {b.Effect1Value} ярдов.,Enxerga mais longe. Aumenta o alcance do arco em {b.Effect1Value} jardas.
Names,abil_tal_bw_expertise,Expertise,Экспертиза,Expertise
Names,abil_tal_bw_expertise_desc,Offers an additional {b.Effect1Value} dexterity.,Дает дополнительно на {b.Effect1Value} сноровку.,Oferece {b.Effect1Value} destreza adicional.
Names,abil_tal_bw_reflexes,Reflexes,Рефлексы,Reflexos
Names,abil_tal_bw_reflexes_desc,Offers an additional {b.Effect1Value} agility.,Повышает дополнительно на {b.Effect1Value} ловкости.,Oferece {b.Effect1Value} agilidade adicional.
Names,abil_tal_bw_daggerstorm,Dagger Storm,Шторм кинжалов,Tempestade de Adagas
Names,abil_tal_bw_daggerstorm_desc,"Throws daggers around, damaging all nearby enemies.","Бросает кинжалы, нанося урон всем ближайшим врагам.","Arremessa adagas ao redor, causando dano a todos os inimigos próximos."
Names,abil_tal_bw_volley,Volley,Залп,Saraivada
Names,abil_tal_bw_volley_desc,Fires a powerful volley of arrows towards the target.,Выпускает мощный залп стрел в сторону цели.,Dispara uma poderosa saraivada de flechas em direção ao alvo.
Names,abil_tal_exo_strongfaith,Strong Faith,Сильная вера,Fé Inabalável
Names,abil_tal_exo_strongfaith_desc,Increases faith by {b.Effect1Value}.,Повышает веру на {b.Effect1Value}.,Aumenta a fé em {b.Effect1Value}.
Names,abil_tal_exo_warbless,War Blessing,Благословение войны,Bênção de Guerra
Names,abil_tal_exo_warbless_desc,Bless your weapon for extra speed and damage.,Благословите свое оружие на дополнительную скорость и урон.,Abençoe sua arma para velocidade e dano extras.
Names,abil_tal_exo_impexorcism,Improved Exorcism,Улучшенный экзорцизм,Exorcismo Aprimorado
Names,abil_tal_exo_impexorcism_desc,Increases the exorcism’s damage by {a.DamageAdditionPercent}%.,Увеличивает урон экзорцизма на {a.DamageAdditionPercent}%.,Aumenta o dano do exorcismo em {a.DamageAdditionPercent}%.
Names,abil_tal_exo_holyshock,Holy Shock,Святой шок,Choque Sagrado
Names,abil_tal_exo_holyshock_desc,Will sometime heal for {b.Effect1Value} when receiving damage.,Иногда будет восстаналивать {b.Effect1Value} при получении урона.,Às vezes cura {b.Effect1Value} ao receber dano.
Names,abil_tal_exo_righethousfury,Righteous Fury,Праведная ярость,Fúria Justa
Names,abil_tal_exo_righethousfury_desc,Will restore {b.Effect1Value} grace when dealing damage.,Восстанавливает благодать {b.Effect1Value} при нанесении урона.,Restaura {b.Effect1Value} de graça ao causar dano.
Names,abil_tal_exo_holyshield,Holy Shield,Святой Щит,Escudo Sagrado
Names,abil_tal_exo_holyshield_desc,"Envelops you with a holy shield, decreasing melee and elemental damage received.","Окутывает вас святым щитом, уменьшая получаемый урон в ближнем бою и от стихий.","Envolve você com um escudo sagrado, reduzindo o dano corpo a corpo e elemental recebido."
Names,abil_tal_exo_justiceaura,Justice Aura,Аура правосудия,Aura da Justiça
Names,abil_tal_exo_justiceaura_desc,Reflects {b.Effect1Value}% received damage plus an additional {b.Effect2Value} damage back to the attacker. Applies only to melee attacks.,"Отражает {b.Effect1Value}% полученного урона плюс дополнительный {b.Effect2Value} урон, наносимый атакующему. Применяется только к атакам ближнего боя.",Reflete {b.Effect1Value}% do dano recebido mais {b.Effect2Value} de dano adicional de volta ao atacante. Aplica-se apenas a ataques corpo a corpo.
Names,abil_tal_exo_sacralshock,Sacral Shock,Сакральный шок,Choque Sacral
Names,abil_tal_exo_sacralshock_desc,Increases the chance of ‘Sacrality’ to knockback enemies by {a.KnockdownChance}%.,"Увеличивает вероятность того, что Святость отбросит врагов с ног на {a.KnockdownChance}%.",Aumenta a chance de 'Sacralidade' de recuar inimigos em {a.KnockdownChance}%.
Names,abil_tal_exo_renew,Renew,Усиление,Renovar
Names,abil_tal_exo_renew_desc,Applies an instant heal and also renews health for over time. Will not be canceled by combat.,"Применяет мгновенное исцеление, а также восстанавливает здоровье с течением времени.  Не отменяется боем.",Aplica uma cura instantânea e também renova a vida ao longo do tempo. Não é cancelado pelo combate.
Names,buff_sacrality,Sacral Rush,Сакральная лихорадка,Impulso Sacral
Names,buff_bow,Blessing of War,Благословение войны,Bênção de Guerra
Names,buff_overencumber,Overencumbered,Перегруженный,Sobrecarregado
Names,buff_sacrality_desc,Speed rush caused by the energies that infused you.,"Скорость, вызванная энергиями, которые вас наполнили.",Impulso de velocidade causado pelas energias que te infundiram.
Names,buff_bow_desc,Weapon blessing that increases speed and damage.,"Благословение оружия, увеличивающее скорость и урон.",Bênção de arma que aumenta velocidade e dano.
Names,buff_overencumber_desc,You equipped more gear than you can carry.,"Вы экипировали больше снаряжения, чем можете унести.",Você equipou mais carga do que consegue carregar.
Names,buff_food,Food,Еда,Comida
Names,buff_food_desc,Stats will be regenerated over time.,Статистика будет обновляться со временем.,Os atributos serão regenerados ao longo do tempo.
Names,buff_bandage,Bandaged,Перевязанный,Enfaixado
Names,buff_bandage_desc,Stats will be regenerated over time.,Статистика будет обновляться со временем.,Os atributos serão regenerados ao longo do tempo.
Names,buff_stneot_bless,Saint Neot’s Blessing,Благословение Святого Неота,Bênção de Santo Neot
Names,buff_stneot_bless_desc,With this blessing I can take on the strongest of enemies.,С этим благословением я одолею самых сильных и опасных врагов.,Com esta bênção posso enfrentar os mais fortes inimigos.
Names,buff_king_bless,The King’s Blessing,Королевское благословение,A Bênção do Rei
Names,buff_king_bless_desc,This is the only power that can help against dragons.,"Это единственная сила, которая может помочь против драконов.",Este é o único poder capaz de ajudar contra dragões.
Names,buff_invigorated,Invigorated,Бодрость,Revigorado
Names,buff_invigorated_desc,Fortified by new strength.,Укрепленный новой силой.,Fortalecido por uma nova força.
Names,buff_holy_grail_heal,Fountain Of Life,Фонтан Жизни,Fonte da Vida
Names,buff_holy_grail_heal_desc,Drawn directly from the power of the Holy Grail,Получено из силы Святого Грааля.,Extraído diretamente do poder do Santo Graal.
Names,buff_giant,Giant Strength,Гигантская сила,Força de Gigante
Names,buff_giant_desc,Unstoppable!,Неостановимый!,Imparável!
Names,buff_guardian_angel,Guardian Angel,Ангел-хранитель,Anjo Guardião
Names,buff_guardian_angel_desc,Carefully protected under Arael’s angelic wings. He will heal Wigmund from time to time.,Оберегаем ангельскими крыльями Араэля. Время от времени будет подлечивать Вигмунда.,Cuidadosamente protegido sob as asas angélicas de Arael. Ele curará Wigmund de tempos em tempos.
Names,buff_light,Power of the Light,Сила Света,Poder da Luz
Names,buff_light_desc,"Augmented with the Book of Light and with the Shield of Glory, I can now withstand the blazes of Heols.","Закалённый Книгой Света и Щитом Света, я теперь могу противостоять пламени Хеолов.","Potencializado com o Livro da Luz e com o Escudo da Glória, agora posso resistir às chamas de Heols."
Names,buff_elixir,Elixir,Эликсир,Elixir
Names,buff_well_nourished,Well Nourished,Хорошая еда,Bem Nutrido
Names,buff_well_nourished_desc,Food slowly releasing energy.,Еда медленно высвобождает энергию.,Comida liberando energia lentamente.
Names,buff_fd_banquet,Banquet,Пир,Banquete
Names,buff_fd_banquet_desc,With very high spirits!,А еще и хорошее настроение!,Com o ânimo bem alto!
Names,buff_inner_fire,Fire Bird,Жар-птица,Pássaro de Fogo
Names,buff_inner_fire_desc,This bird is keeping me warm.,Эта птица согревает меня.,Este pássaro me mantém aquecido.
Names,buff_dog_desc,Will encourage me from time to time.,Будет подбадривать меня время от времени.,Me dará ânimo de vez em quando.
Names,buff_encouraged,Encouraged,Вдохновление,Encorajado
Names,treasure_old_chest,Old Chest,Старый сундук,Baú Velho
Names,treasure_ancient_urn,Ancient Urn,Древняя урна,Urna Antiga
Names,treasure_old_books,Old Books,Старые книги,Livros Velhos
Names,treasure_casket,Casket,Шкатулка,Cofre
Names,treasure_prof_barrel,Barrel,Бочка,Barril
Names,treasure_prof_sack,Sack,Мешок,Saco
Names,treasure_stash_player,Wigmund’s Stash,Тайник Вигмунда,Baú de Wigmund
Names,prof_fire,Fire,Огонь,Fogo
Names,prof_anvil,Anvil,Наковальня,Bigorna
Names,prof_forge,Forge,Кузница,Forja
Names,prof_crafttable,Crafting Table,Верстак,Bancada de Criação
Names,prof_medicinetable,Medicine Laboratory,Медицинский верстак,Laboratório de Medicina
Names,prof_resource,Resource,Ресурсы,Recurso
Common,level,Level,Уровень,Nível
Common,xp,XP,XP,XP
Common,menu_start,Start,Начать,Iniciar
Common,menu_exit,Exit,Выход,Sair
Common,menu_options,Options,Настройки,Opções
Common,dialogue_end,End Dialog,Завершить,Encerrar Diálogo
Common,dialogue_continue,Continue,Продолжить,Continuar
Common,warning_overwrite,Overwrite ‘{0}’?,Перезаписать ‘{0}’?,Sobrescrever '{0}'?
Common,menu_info_demofinished,Thank you for playing our game’s demo!,"Спасибо, что сыграли в демо версию нашей игры!",Obrigado por jogar a demo do nosso jogo!
Common,keybind_move_up,Move Up,Движение вверх,Mover para Cima
Common,keybind_move_down,Move Down,Движение вниз,Mover para Baixo
Common,keybind_move_left,Move Left,Движение влево,Mover para a Esquerda
Common,keybind_move_right,Move Right,Движение вправо,Mover para a Direita
Common,keybind_attackmode,Attack Mode,Режим атаки,Modo de Ataque
Common,keybind_walkmode,Toggle Walk,Ходьба,Alternar Caminhada
Common,keybind_sprint,Sprint,Бег,Correr
Common,keybind_actionbar1,Action Bar 1,Активный слот 1,Barra de Ação 1
Common,keybind_actionbar2,Action Bar 2,Активный слот 2,Barra de Ação 2
Common,keybind_actionbar3,Action Bar 3,Активный слот 3,Barra de Ação 3
Common,keybind_actionbar4,Action Bar 4,Активный слот 4,Barra de Ação 4
Common,keybind_actionbar5,Action Bar 5,Активный слот 5,Barra de Ação 5
Common,keybind_actionbar6,Action Bar 6,Активный слот 6,Barra de Ação 6
Common,keybind_holster,Sheath/Unsheath Weapon,Вытащить/Скрыть оружие,Guardar/Sacar Arma
Common,keybind_switchtarget,Lock On Target,Захватить в цель,Travar Alvo
Common,keybind_inventory,Inventory,Инвентарь,Inventário
Common,keybind_inventory_sort,Inventory Sort,Слот инвентаря,Organizar Inventário
Common,keybind_inventory_abilities,Abilities Book,Навыки,Livro de Habilidades
Common,keybind_questlog,Quest Log,Список заданий,Diário de Missões
Common,keybind_map,World Map,Карта мира,Mapa Mundial
Common,keybind_professions,Professions,Профессии,Profissões
Common,keybind_talents,Talents,Таланты,Talentos
Common,keybind_cam_left,Camera Rotate Left,Поворот камеры влево,Girar Câmera à Esquerda
Common,keybind_cam_right,Camera Rotate Right,Поворот камеры вправо,Girar Câmera à Direita
Common,keybind_cam_zoomin,Camera Zoom In,Приближение камеры,Aproximar Câmera
Common,keybind_cam_zoomout,Camera Zoom Out,Отдаление камеры,Afastar Câmera
Common,keybind_quicksave,Quick Save,Быстр.сохр.,Salvar Rápido
Common,keybind_quickload,Quick Load,Быстр.загр.,Carregar Rápido
Common,keybind_revealnearby,Reveal Items,Показать предметы рядом,Revelar Itens
Common,keybind_cam_rotate,Camera Rotation Mode,Режим поворта камеры,Modo de Rotação da Câmera
Common,keybind_roll_dodge,Roll/Dodge,Перекат/Уворот,Rolar/Esquivar
Common,keybind_parry_block,Parry/Block,Отбить/Блокировать,Aparar/Bloquear
Common,quality_low,Low,Низкое,Baixa
Common,quality_medium,Medium,Среднее,Média
Common,quality_high,High,Высокое,Alta
Common,quality_ultra,Ultra,Ультра,Ultra
Common,opt_vsync,V Sync,Верт. синхр.,V Sync
Common,opt_gamma,Gamma,Гамма,Gama
Common,opt_max_fps,Maximum FPS,Максимум FPS,FPS Máximo
Common,opt_resolution,Resolution,Разрешение экрана,Resolução
Common,opt_displaymode,Display Mode,Режим дисплея,Modo de Exibição
Common,opt_shadowquality,Shadow Quality,Качество теней,Qualidade das Sombras
Common,opt_postprocquality,Post Processing Quality,Качество пост-эффектов,Qualidade de Pós-processamento
Common,opt_texquality,Texture Quality,Качество текстур,Qualidade de Texturas
Common,opt_antialiasquality,Antialias Quality,Качество сглаживания,Qualidade de Antialiasing
Common,opt_antialias_mode,Antialias Mode,Режим сглаживания,Modo de Antialiasing
Common,opt_antialias_fxaa,FXAA,FXAA,FXAA
Common,opt_antialias_taa,Temporal AA,Временное AA,AA Temporal
Common,opt_foliagequality,Foliage Quality,Качество растительности,Qualidade da Vegetação
Common,opt_volumetricfogquality,Volumetric Fog Quality,Качество объёмного тумана,Qualidade da Névoa Volumétrica
Common,opt_unlimited,Unlimited,Безгранично,Ilimitado
Common,opt_sound_music,Music Volume,Громкость музыки,Volume da Música
Common,opt_sound_ambient,Ambient Volume,Громкость окружения,Volume Ambiente
Common,opt_sound_effects,Sound Effects Volume,Громкость эффектов,Volume dos Efeitos Sonoros
Common,opt_fov,Field Of View,Поле зрения,Campo de Visão
Common,opt_scaleui,User Interface Scale,Масштаб интерфейса,Escala da Interface
Common,opt_monitor,Display Screen,Режим экрана,Monitor
Common,dispmode_windowed,Windowed,Оконный,Janela
Common,dispmode_fswindowed,Fullscreen Windowed,Полноэкранный в окне,Tela Cheia em Janela
Common,dispmode_fullscreen,Fullscreen,Полноэкранный,Tela Cheia
Common,opt_fps_30,30,30,30
Common,opt_fps_50,50,50,50
Common,opt_fps_60,60,60,60
Common,opt_fps_90,90,90,90
Common,opt_fps_120,120,120,120
Common,opt_screenpercentage,Screen Resolution Supersampling,Суперсемплинг,Superamostragem de Resolução
Common,opt_percent_sub,Subsampled (80%),Половина (80%),Subamostragem (80%)
Common,opt_percent_norm,Normal (100%),Нормальное (100%),Normal (100%)
Common,opt_percent_supers,Supersampled (120%),Супер разрешение (120%),Superamostrado (120%)
Common,opt_percent_ultrasupers,Ultra Supersampled (140%),Ультра разрешение (140%),Ultra Superamostrado (140%)
Common,opt_percent_ultraultrasuper,Ultra Ultra Supersampled (160%),,Ultra Ultra Superamostrado (160%)
Common,opt_percent_ultra_max,Maximum Supersampled (200%),,Superamostragem Máxima (200%)
Common,opt_sharpen,Sharpen,Резкость,Nitidez
Common,opt_gameplay_autosave,Timed Autosave,Авто-сейв каждые ,Salvamento Automático
Common,opt_gameplay_autosave_off,Off,Выкл.,Desligado
Common,opt_gameplay_autosave_5,5,5 мин.,5
Common,opt_gameplay_autosave_10,10,10 мин.,10
Common,opt_gameplay_autosave_20,20,20 мин.,20
Common,opt_gameplay_autosave_30,30,30 мин.,30
Common,opt_gameplay_difficulty,Game Difficulty,Сложность,Dificuldade
Common,opt_gameplay_difficulty_easy,Knight,Рыцарь,Cavaleiro
Common,opt_gameplay_difficulty_medium,Master,Магистр,Mestre
Common,opt_gameplay_difficulty_hard,Grand Master,Великий магистр,Grão-Mestre
Common,opt_gameplay_difficulty_impossible,Impossible+,Непроходимая+,Impossível+
Common,opt_automatic_combat_mode,Automatic Combat Gestures,Автоматическая боевая стойка,Gestos de Combate Automáticos
Common,opt_actionqueue_disable,Disable Input Action Queue,Отключить очередь активных действий,Desativar Fila de Ações
Common,opt_auto_targetlock,Automatic Target Lock,Автоматический захват цели,Travar Alvo Automaticamente
Common,opt_togglesprint,Toggle Sprinting,Переключить режим бега,Alternar Corrida
Common,opt_mmap_locknorth,Lock Minmap North,Закрепить миникарту,Fixar Norte no Minimapa
Common,opt_circle_behind_walls,Visibility Mask Size,Размер маски видимости,Tamanho da Máscara de Visibilidade
Common,opt_camera_speeds,Camera Rotation Speed,Скорость вращения камеры,Velocidade de Rotação da Câmera
Common,opt_camera_zoomlock,Camera Lock Zoom,Блокировка приближения камеры,Travar Zoom da Câmera
Common,opt_camera_rotatelock,Camera Rotate Cursor Lock,"Поворот камеры, блокировка курсора",Travar Cursor na Rotação da Câmera
Common,opt_health_bars,Show Combat Health Bars,Показывать полосы здоровья,Mostrar Barras de Vida no Combate
Common,opt_see_text_damage,Show Damage Text,Показывать текст урона,Mostrar Texto de Dano
Common,opt_see_enemy_outline,Show Combat Enemy Outlines,Показывать контуры врагов,Mostrar Contorno de Inimigos no Combate
Common,opt_see_friend_outline,Show Combat Friendly Outlines,Показывать контуры существ,Mostrar Contorno de Aliados no Combate
Common,opt_renderer,Graphics API,,API Gráfica
Common,opt_highqual_water,High Quality Water,Вода высокого качества,Água em Alta Qualidade
Common,opt_lock_actionbar,Lock Action Bar,Заблокировать панель действий,Travar Barra de Ação
Common,warning_renderer,"To run the game in DirectX 12 mode, launch it using the -dx12 option.

Warning: This option may not be supported by all graphics cards.",,"Para rodar o jogo em modo DirectX 12, inicie-o com a opção -dx12.\n\nAviso: Esta opção pode não ser compatível com todas as placas de vídeo."
Common,warning_onlymainmenu,This setting can only be changed in the main menu.,Настройка может быть изменена только из главного меню.,Esta configuração só pode ser alterada no menu principal.
Common,warning_saveprofilefirst,In order to start a NG+ save the character’s profile inside the game.,Чтобы начать НГ+ сохраните профиль персонажа внутри игры.,"Para iniciar um save NG+, salve o perfil do personagem dentro do jogo."
Common,tut_simpleattack,Press the left mouse button once to attack towards the cursor’s direction.,"Нажмите 'левую кнопку мыши' один раз, чтобы атаковать в направлении курсора.",Pressione o botão esquerdo do mouse uma vez para atacar na direção do cursor.
Common,tut_move,Use the '{0} {1} {2} {3}' keys to move your character around. ,"Используйте '{0} {1} {2} {3}' клавиши, чтобы двигаться. ",Use as teclas '{0} {1} {2} {3}' para mover seu personagem.
Common,tut_move_sprint,Hold '{0}' to sprint.,Удерживайте '{0}' чтобы бежать.,Segure '{0}' para correr.
Common,tut_cam_rotate,Hold the '{0}' to rotate the camera.,Удерживайте '{0}' чтобы вращать камеру.,Segure '{0}' para girar a câmera.
Common,tut_shield_back,You can wear shield on your back slot! It will block some arrows coming from behind and provide extra armor.,"Вы можете носить щит в заднем слоте!  Он заблокирует некоторые летящие сзади стрелы, и обеспечит дополнительную защиту.",Você pode usar o escudo no slot de costas! Ele bloqueará algumas flechas vindas de trás e oferecerá armadura extra.
Common,tut_frame_map,Open your Map with ‘{0}’.,Откройте карту при помощи ‘{0}’.,Abra o Mapa com '{0}'.
Common,tut_frame_log,Open your Quest Log with ‘{0}’.,Откройте список заданий при помощи ‘{0}’.,Abra o Diário de Missões com '{0}'.
Common,tut_frame_char,Open your Character tab with ‘{0}’.,Откройте панель персонажа при помощи ‘{0}’.,Abra a aba de Personagem com '{0}'.
Common,tut_frame_minimap,The small arrows shown on the minimap will guide you.,"Маленькие стрелки, показанные на мини-карте, укажут вам путь.",As pequenas setas no minimapa vão te guiar.
Common,tut_combat_simple,Quickly click the 'Left Mouse Button' for a light attack towards the mouse cursor.,"Быстро нажмите 'левую кнопку мыши', чтобы нанести легкий удар в направлении курсора мыши.",Clique rapidamente com o 'Botão Esquerdo do Mouse' para um ataque leve na direção do cursor.
Common,tut_combat_simple_auto,A multi-swipe attack will be automatically used on multiple enemies.,Атака несколькими ударами будет применена к нескольким врагам.,Um ataque múltiplo será usado automaticamente contra vários inimigos.
Common,tut_combat_simple_auto_disable,"To enable manual gesture combat, disable the ‘Automatic Combat Gestures’ in the gameplay options.","Чтобы включить бой вручную, отключите 'Автоматический боевой режим' в настройках игрового процесса.","Para ativar o combate manual, desative os 'Gestos de Combate Automáticos' nas opções de jogabilidade."
Common,tut_combat_simple_bow,Press the ‘Left Mouse Button’ to fire your bow once.,"Нажмите 'левую кнопку мыши', чтобы выстрелить из лука.",Pressione o 'Botão Esquerdo do Mouse' para disparar o arco.
Common,tut_combat_simple_bow_extra,Clicking on an enemy will calculate it’s trajectory for a precise shot. Use target locking for maximum precision.,Зажатие на враге рассчитает траекторию для точного выстрела.  Используйте 'захват цели' для максимальной точности.,Clicar em um inimigo calculará a trajetória para um tiro preciso. Use o travamento de alvo para máxima precisão.
Common,tut_combat_simple_bow_ctrl,The best target that is in front of you will be chosen. Use target locking for maximum precision.,"При зажатии 'Ctrl' будет выбрана лучшая цель, которая находится перед вами.  Используйте 'захват цели' для максимальной точности.",O melhor alvo à sua frente será escolhido automaticamente. Use o travamento de alvo para máxima precisão.
Common,tut_combat_heavy_auto,Hold the ‘Left Mouse Button’ for a heavy frontal attack. Use for extra damage at the cost of energy.,Удерживайте 'левую кнопку мыши' для мощной лобовой атаки.  Используйте для получения дополнительного урона за счет энергии.,Segure o 'Botão Esquerdo do Mouse' para um ataque frontal pesado. Causa dano extra ao custo de energia.
Common,tut_combat_roll,Press '{0}' while moving to roll.,Нажмите '{0}' во время движения для переката.,Pressione '{0}' enquanto se move para rolar.
Common,tut_combat_dodge,Tap '{0}' once while standing still to dodge.,Нажмите '{0}' единожды во время того как вы стоите для уклонения.,Toque '{0}' uma vez parado para esquivar.
Common,tut_combat_parryblock,Hold the '{0}' key to parry or block.,Держите '{0}' чтобы отбить или блокировать.,Segure a tecla '{0}' para aparar ou bloquear.
Common,tut_combat_parryblock_knockback,Running out of energy will knock you back.,Исчерпание энергии отбросит вас назад.,Ficar sem energia fará você ser empurrado para trás.
Common,tut_combat_gesture_stab,Press and hold the ‘Left Mouse Button’ and execute a swift gesture upwards to stab the enemy in front of you. Use for extra damage at the cost of energy.,"Нажмите и удерживайте 'левую кнопку мыши' и выполните быстрый жест вверх, чтобы нанести удар врагу перед вами.  Используйте для получения дополнительного урона за счет энергии.",Pressione e segure o 'Botão Esquerdo do Mouse' e execute um gesto rápido para cima para estocar o inimigo à sua frente. Causa dano extra ao custo de energia.
Common,tut_combat_gesture_swipe,Press and hold the ‘Left Mouse Button’ and execute a swift gesture to your right (or left) to swipe at all enemies in front of you.,"Нажмите и удерживайте 'левую кнопку мыши' и выполните быстрый жест вправо (или влево), чтобы ударить по всем врагам перед вами.",Pressione e segure o 'Botão Esquerdo do Mouse' e execute um gesto rápido para a direita (ou esquerda) para golpear todos os inimigos à sua frente.
Common,tut_combat_gesture_back,Press and hold the ‘Left Mouse Button’ and execute a swift gesture downwards to attack the enemies behind you.,"Нажмите и удерживайте 'левую кнопку мыши' и выполните быстрый жест вниз, чтобы атаковать врагов позади вас.",Pressione e segure o 'Botão Esquerdo do Mouse' e execute um gesto rápido para baixo para atacar os inimigos atrás de você.
Common,tut_controller_press,Press,Нажмите,Pressione
Common,tut_controller_frames,Use the 'Left Special Button' to navigate to the inventory quest log or map.,"Используйте 'специальную кнопку слева', чтобы перейти к журналу заданий инвентаря или карте.","Use o 'Botão Especial Esquerdo' para navegar até o inventário, diário de missões ou mapa."
Common,tut_controller_roll,while moving to roll.,во время движения для переката.,enquanto se move para rolar.
Common,tut_controller_dodge,while standing still to dodge.,во время того как вы стоите для уклонения.,parado para esquivar.
Common,tut_controller_swipe,to swipe.,для отброса.,para golpear.
Common,tut_controller_swipe_info,Damages all enemies in front for less damage.,Наносит меньший урон всем врагам спереди.,Causa dano a todos os inimigos à frente com menos dano.
Common,tut_controller_stab,to stab.,для контроля.,para estocar.
Common,tut_controller_stab_info,Hits a single enemy for more damage at the cost of extra energy.,"Поражает единственного врага, большим уроном за счет дополнительной энергии.",Acerta um único inimigo com mais dano ao custo de energia extra.
Common,tut_overencumbered,You are overencumbered! Unequip some gear from your character.,Вы перегружены!  Снимите с персонажа часть снаряжения.,Você está sobrecarregado! Desequipe alguns itens do seu personagem.
Common,tut_archaeologyshovel,The archeology shovel can be used on any noticeable mound of earth.,Археологическую лопату можно использовать на любом заметном холмике земли.,A pá de arqueologia pode ser usada em qualquer monte de terra visível.
Common,tut_companion_heal,Your companions will heal when you are eating and will regenerate health faster if you have a healing buff.,"Ваши спутники будут исцеляться, когда вы едите, и будут восстанавливать здоровье быстрее, если у вас есть лечебный эффект.",Seus companheiros se curam quando você come e regeneram vida mais rápido se você tiver um efeito de cura ativo.
Common,tut_teleportation,You can teleport by selecting any discovered teleport nexus in your World Map.,"Вы можете телепортироваться, выбрав любой обнаруженный портал на карте мира.",Você pode teletransportar selecionando qualquer nexo de teletransporte descoberto no Mapa Mundial.
Common,tut_combat_targetlock,Press the {0} key to lock an enemy.,"Нажмите {0}, чтобы зафиксировать прицел на цели.",Pressione a tecla {0} para travar um inimigo.
Common,tut_combat_targetlock_ctrl,Press the ‘Right Stick’ to lock an enemy.,"Нажмите правый 'Ctrl', чтобы заблокировать удар врага.",Pressione o 'Analógico Direito' para travar um inimigo.
Common,tut_combat_targetlock_auto,You can enable auto-locking in the gameplay options menu.,Вы можете включить автоматическую блокировку в меню настроек игрового процесса.,Você pode ativar o travamento automático no menu de opções de jogabilidade.
Common,tut_frame_profession,Open your Professions tab with ‘{0}’.,Откройте меню Профессий на ‘{0}’.,Abra a aba de Profissões com '{0}'.
Common,tut_frame_talents,Open your Talents tab with ‘{0}’. Each level you will receive extra talent points that you will be able to spend.,"Откройте меню Талантов на ‘{0}’. Каждый уровень вы будете получать очки талантов, которые сможете применить при изучении.",Abra a aba de Talentos com '{0}'. A cada nível você receberá pontos de talento para gastar.
Common,tut_itm_pickaxe,The mining pickaxe can be used while standing near any noticeable ore vein.,"Горнодобывающую кирку можно использовать, стоя рядом с любой заметной рудной жилой.",A picareta de mineração pode ser usada perto de qualquer veio de minério visível.
Common,tut_itm_fishingrod,The fishing rod can be used near any lake or river where you can see fish.,"Удочку можно использовать возле любого озера или реки, где можно увидеть рыбу.",A vara de pesca pode ser usada perto de qualquer lago ou rio onde dá para ver peixes.
Common,tut_fishing_pull,Quickly press the ‘Left Mouse Button’ to pull the fish towards you.,"Быстро нажмите 'левую кнопку мыши', чтобы потянуть рыбу к себе.",Pressione rapidamente o 'Botão Esquerdo do Mouse' para puxar o peixe.
Common,tut_fishing_pull_howto,"Only pull when a fish was caught. You can tell if a fish was caught if the fishing bobber will suddenly move. The faster you react, the higher the chance to successfully catch a fish.","Тяните только тогда, когда поймана рыба.  Вы можете определить, поймана ли рыба, если поплавок внезапно сдвинется с места.  Чем быстрее вы отреагируете, тем выше шанс успешно поймать рыбу.","Puxe somente quando um peixe for fisgado. Você saberá que fisгou se a bóia se mover de repente. Quanto mais rápido reagir, maior a chance de pegar o peixe."
Common,tut_menu_autocombat,AUTOMATIC COMBAT MODE,АВТОМАТИЧЕСКИЙ РЕЖИМ БИТВЫ,MODO DE COMBATE AUTOMÁTICO
Common,tut_menu_simpleattack_auto,Simple Attack,Простая атака,Ataque Simples
Common,tut_menu_heavyattack_auto,Heavy Attack,Тяжелая атака,Ataque Pesado
Common,tut_menu_manualcombat,MANUAL COMBAT MODE,РУЧНОЙ РЕЖИМ БИТВЫ,MODO DE COMBATE MANUAL
Common,tut_menu_stabattack,Stab Attack,Поражающая атака,Ataque de Estoque
Common,tut_menu_swipeattack,Swipe Attack,Сменная атака,Ataque de Golpe
Common,tut_menu_backattack,Back Attack,Атака сзади,Ataque pelas Costas
Common,tut_menu_defaultautomatic,By default the 'Automatic Combat Mode' is enabled.,По умолчанию включена 'Автоматическая боевая стойка'.,"Por padrão, o 'Modo de Combate Automático' está ativado."
Common,notif_inventoryfull,My inventory is full.,Инвентарь полон.,Meu inventário está cheio.
Common,notif_notgrace,Not enough grace.,Недостаточно благодати.,Graça insuficiente.
Common,notif_locked,It is locked.,Закрыто.,Está trancado.
Common,notif_cantuse,I cannot use that.,Не могу это использовать.,Não posso usar isso.
Common,notif_cantusecombat,I cannot use that during combat!,Не могу это использовать во время боя!,Não posso usar isso durante o combate!
Common,notif_keyrequired,I need a key.,Нужен ключ.,Preciso de uma chave.
Common,notif_overencumbered,I have equipped too much gear!,Экипировано слишком много снаряжения!,Estou carregando equipamento demais!
Common,notif_needcoins,I need more coins.,Нужно больше золота.,Preciso de mais moedas.
Common,notif_couldnotfind,I could not find anything.,Ничего не нашел.,Não encontrei nada.
Common,notif_barehand,I will not touch that bare handed!,Не буду я трогать это голыми руками!,Não vou tocar nisso com as mãos nuas!
Common,notif_needsomething,I need something to place inside.,"Нужно что-то, что можно положить внутрь.",Preciso de algo para colocar dentro.
Common,notif_full,It is full.,Заполнено.,Está cheio.
Common,notif_toofar,Too far away.,Слишком далеко.,Longe demais.
Common,notif_cantdothatnow,I cannot do that right now.,Не могу сделать этого сейчас.,Não posso fazer isso agora.
Common,notif_cantdrop,I cannot drop that item.,Не могу выбросить предмет.,Não posso descartar este item.
Common,notif_cantdropcombat,I cannot drop items during combat.,Не могу бросать предметы во время боя.,Não posso descartar itens durante o combate.
Common,notif_cooldown,It is in cooldown.,В откате.,Está em recarga.
Common,notif_needbox,I need the Wiseman’s Box for teleporting.,Нужен ящик мудреца для телепортации.,Preciso da Caixa do Sábio para teletransporte.
Common,notif_magiclocked,It is locked with a magic spell.,Заперто магическим заклинанием.,Está fechado com um feitiço mágico.
Common,notif_cantsell,I cannot sell that.,Не могу продать.,Não posso vender isso.
Common,notif_merchantdoesntbuy,The merchant does not want that item.,Продавцу этот предмет не нужен.,O mercador não quer este item.
Common,notif_cantfitthere,That does not fit there.,Это сюда не подходит.,Não cabe aí.
Common,notif_cantequipthat,I cannot equip that.,Не могу это использовать.,Não posso equipar isso.
Common,notif_previousrank,I need to learn the previous rank first.,Сначала нужно выучить предыдущий ранг.,Preciso aprender o nível anterior primeiro.
Common,notif_elevator_moving,The elevator is already moving.,Лифт уже едет.,O elevador já está em movimento.
Common,notif_elevator_inside,I need to be inside the elevator.,Нужно быть внутри лифта.,Preciso estar dentro do elevador.
Common,notif_notele,A mysterious force is preventing me from teleporting.,Таинственная сила мешает телепортироваться.,Uma força misteriosa está me impedindo de teletransportar.
Common,notif_prof_req_fire,I require a fire.,Нужен огонь.,Preciso de fogo.
Common,notif_prof_req_anvil,I require an anvil.,Нужна наковальня.,Preciso de uma bigorna.
Common,notif_prof_req_forge,I require a forge.,Нужна кузница.,Preciso de uma forja.
Common,notif_prof_req_crafttable,I require a crafting table.,Нужен верстак.,Preciso de uma bancada de criação.
Common,notif_prof_req_medicinetable,I require a medicine laboratory.,Нужен медицинский верстак.,Preciso de um laboratório de medicina.
Common,notif_prof_req_pickaxe,I require a pickaxe.,Нужна кирка.,Preciso de uma picareta.
Common,notif_prof_reqlevel,I require a higher level for that.,Недостаточный уровень.,Preciso de um nível mais alto para isso.
Common,notif_prof_missingingredient,I am missing an ingredient.,Чего-то не хватает.,Estou sem um ingrediente.
Common,notif_prof_leveltoohigh,My level is too high to learn anything new from that.,"Уровень слишком высок, чтобы извлечь из этого что-то новое.",Meu nível é alto demais para aprender algo novo com isso.
Common,notif_prof_alreadylearned,I have already learned that.,Уже выучил это.,Já aprendi isso.
Common,notif_prof_reqprofession,I need to learn that profession first.,Сначала нужно выучить проффесию.,Preciso aprender essa profissão primeiro.
Common,notif_prof_needores,I could not find any ores nearby.,Поблизости нет руды.,Não encontrei nenhum minério nas redondezas.
Common,notif_prof_alreadyfishing,I’m already fishing.,Я уже рыбачу.,Já estou pescando.
Common,notif_prof_nospotnearby,No fishing spots are nearby.,Не место для рыбалки.,Não há pontos de pesca por perto.
Common,notif_prof_nofishcaught,No fish were attached.,Рыба не была прикреплена.,Nenhum peixe foi fisgado.
Common,notif_prof_caughtsomething,I’ve caught something!,Что-то нашел!,Fisguei algo!
Common,notif_prof_fishgotaway,The fish got away.,Рыба ушла.,O peixe escapou.
Common,notif_prof_needlevel,I need a ‘{0}’ level of {1} to do that.,"Нужен навык {0} {1} уровня, для этого.",Preciso do nível '{0}' de {1} para fazer isso.
Common,notif_prof_wrongitem,I cannot upgrade that item with that kit!,Не могу обновить предмет с помощью этого набора!,Não posso melhorar este item com este kit!
Common,slot_weapon,Weapon,Оружие,Arma
Common,slot_shield,Shield,Щит,Escudo
Common,slot_head,Head,Голова,Cabeça
Common,slot_chest,Chest,Грудь,Peito
Common,slot_legs,Legs,Ноги,Pernas
Common,slot_shoulder_left,Shoulder Left,Плечо левое,Ombro Esquerdo
Common,slot_shoulder_right,Shoulder Right,Плечо правое,Ombro Direito
Common,slot_hand_left,Hand Left,Рука левая,Mão Esquerda
Common,slot_hand_right,Hand Right,Рука правая,Mão Direita
Common,slot_feet,Feet,Нога,Pés
Common,slot_knee_left,Knee Left,Левое колено,Joelho Esquerdo
Common,slot_knee_right,Knee Right,Правое колено,Joelho Direito
Common,slot_artifact,Artifact,Артефакт,Artefato
Common,slot_back,Back,Спина ,Costas
Common,slot_ring,Ring,Кольцо,Anel
Common,slot_neck,Neck,Шея,Pescoço
Common,slot_armguard,Armguard,Перчатки,Braçal
Common,slot_wrists,Wrists,Запястья,Pulsos
Common,slot_belt,Belt,Пояс,Cinto
Common,attrib_strength,Strength,Сила,Força
Common,attrib_constitution,Constitution,Телосложение,Constituição
Common,attrib_dexterity,Dexterity,Ловкость,Destreza
Common,attrib_stamina,Stamina,Выносливость,Resistência
Common,attrib_faith,Faith,Вера,Fé
Common,attrib_agility,Agility,Проворность,Agilidade
Common,stat_damage,Damage,Урон,Dano
Common,stat_health,Health,Здоровье,Vida
Common,stat_critical,Critical Chance,Крит. шанс,Chance de Crítico
Common,stat_armorpiercing,Armor Piercing,Бронебойность,Perfuração de Armadura
Common,stat_energy,Energy,Энергия,Energia
Common,stat_speed,Speed,Скорость,Velocidade
Common,stat_grace,Grace,Благодать ,Graça
Common,stat_weight,Weight,Вес,Peso
Common,stat_armor,Armor,Броня ,Armadura
Common,stat_armor_elemental,Elemental Armor,Элементальная броня,Armadura Elemental
Common,stat_health_second,Health per Second,Здоровье в секунду,Vida por Segundo
Common,stat_energy_second,Energy per Second,Энергия в секунду,Energia por Segundo
Common,stat_grace_second,Grace per Second,Благодать в секунду,Graça por Segundo
Common,attrib_strength_info,Each point increases physical damage dealt by {0}.,Каждый уровень повышает силу атаки на {0}.,Cada ponto aumenta o dano físico causado em {0}.
Common,attrib_constitution_info,Each point increases health by {0} and carry capacity by {1} weights. Each point further negates {2} of weapon weight and {3} of armor weight. A higher constitution will decrease energy drained while blocking by {4}% per point.,Каждый уровень повышает здоровье на {0} и грузоподъемность на {1} веса. Каждое очко дополнительно уменьшает вес оружия на {2} и брони на {3}. Более высокое телосложение уменьшает расход энергии при блокировании на {4}% за уровень.,Cada ponto aumenta a vida em {0} e a capacidade de carga em {1}. Cada ponto nega {2} de peso de arma e {3} de peso de armadura. Uma constituição maior reduz o consumo de energia ao bloquear em {4}% por ponto.
Common,attrib_dexterity_info,Each point increases critical chance by {0}% and critical hit damage by {1}%.,Каждый уровень повышает шанс критической атаки на {0}% и шанс критического урона на {1}%.,Cada ponto aumenta a chance de crítico em {0}% e o dano de crítico em {1}%.
Common,attrib_stamina_info,Each point increases energy by {0} and energy regeneration by {1}% per second.,Каждый уровень повышает энергию на {0} и регенерацию энергии на {1}% в секунду.,Cada ponto aumenta a energia em {0} e a regeneração de energia em {1}% por segundo.
Common,attrib_faith_info,Each point increases preternatural damage by {0} grace by {1} and grace regeneration by {2}% per second.,"Каждый уровень повышает астральный урон на {0}, благодать на {1} и регенерацию благодати на {2}% в секунду.","Cada ponto aumenta o dano sobrenatural em {0}, a graça em {1} e a regeneração de graça em {2}% por segundo."
Common,attrib_agility_info,Each point increases attack and mitigation speed by {0}%.,Каждый уровень повышает атаку и уменьшает получаемый урон на {0}%.,Cada ponto aumenta a velocidade de ataque e de mitigação em {0}%.
Common,stat_energy_info,"Running out of energy will decrease attack and mitigation speed by {0}% and damage by {1}%. When parrying or blocking, energy will be drained in proportion to the damage received. If you do not have enough, you will be knock-backed.","При истощении энергии, скорость снизится на {0}% а урон на {1}%. При парировании или блокировании энергия будет расходоваться пропорционально полученному урону. Если у вас ее не хватит, вы будете отброшены назад.","Ficar sem energia reduzirá a velocidade de ataque e mitigação em {0}% e o dano em {1}%. Ao aparar ou bloquear, a energia será consumida proporcionalmente ao dano recebido. Se não tiver energia suficiente, você será empurrado para trás."
Common,stat_speed_info,Speed is reduced by {0}% for each weight of your weapon and {1}% for each weight of your equipment plus a further {2}% if the used weapon is two-handed.,"Уменьшает скорость на {0}% при каждом очке веса вашего оружия, на {1}% при каждом весе вашего снаряжения, и на {2}% если вы используете двуручное оружие.","A velocidade é reduzida em {0}% por cada unidade de peso da arma e {1}% por cada unidade de peso do equipamento, com redução adicional de {2}% para armas de duas mãos."
Common,stat_piercing_info,Will ignore {0}% of the opponent’s armor.,Игнорирует {0}% урона за счет брони при атаке.,Ignora {0}% da armadura do oponente.
Common,stat_armor_info,"Each {0} points decrease received damage by {1}% and further reduce the change of receiving a critical hit by {2}%. The chance of being knockdown is also reduced by {3}%. Leaving body parts exposed will increase enemy damage to that part by 400% for the head, 200% for the body, 175% for the legs and 150% for the arms.","Каждые {0} очков уменьшает получаемый урон на {1}% дополнительно уменьшают вероятность получения критического удара на {2}%. Вероятность оказаться в нокдауне также снижается на {3}%. Если оставить части тела незащищенными, урон, наносимый врагу по этим частям, увеличится на 400% для головы, на 200% для туловища, на 175% для ног и на 150% для рук.","A cada {0} pontos, o dano recebido diminui {1}% e a chance de receber um golpe crítico reduz {2}%. A chance de ser derrubado também reduz {3}%. Deixar partes do corpo expostas aumentará o dano inimigo nessa parte em 400% para a cabeça, 200% para o corpo, 175% para as pernas e 150% para os braços."
Common,stat_armor_elemental_info,Each point will decrease elemental damage received by {0}%.,Каждый уровень понижает получаемый элементальный урон на {0}%.,Cada ponto reduz o dano elemental recebido em {0}%.
Common,stat_weight_info,Each weight point will decrease your attack and mitigation speed by {0}%. Each weapon weight will further decrease the speed by {1}%. Having a two handed weapon equipped will also decrease the speed by another {2}%. Equipping more than you can carry will make you over-encumbered.,Каждый уровень загруженности понижает вашу атаку и скорость на {0}%. Вес каждого оружия понижает скорость на {1}%. Владение двуручным оружием дополнительно понижает на {2}%. Снаряжение больше чем вы можете унести делает вас трудно передвежимым.,Cada unidade de peso reduz sua velocidade de ataque e mitigação em {0}%. Cada unidade de peso de arma reduz a velocidade em mais {1}%. Ter uma arma de duas mãos equipada reduz a velocidade em mais {2}%. Carregar mais do que o suportado deixará você sobrecarregado.
Common,stat_armor_red_dmg,Physical Damage Reduction,Снижение физического урона,Redução de Dano Físico
Common,stat_armor_red_crit,Critical Chance Reduction,Снижение шанса критического удара,Redução de Chance de Crítico
Common,stat_armor_red_elemental,Elemental Damage Reduction,Снижение стихийного урона,Redução de Dano Elemental
Common,stat_armor_red_knockdown,Knockdown Chance Reduction,Снижение шанса на нокдаун,Redução de Chance de Queda
Common,stat_bow_range,Yard Range,Дистанция ,Alcance em Jardas
Common,misc_cooldown,Cooldown,Задержка,Recarga
Common,misc_duration,Duration,Продолжительность,Duração
Common,misc_timeunit_second,s, сек.,s
Common,misc_timeunit_minute,m, мин.,m
Common,misc_timeunit_hour,h, ч.,h
Common,ability_type_melee,Melee,Ближний бой,Corpo a Corpo
Common,ability_type_range,Range,Дальний бой,À Distância
Common,ability_type_preter,Preternatural,Астральность,Sobrenatural
Common,ability_type_utility,Utility,Изученность,Utilitário
Common,misc_type_buff,Buff,Усиление,Efeito
Common,misc_type_upgrade,Upgrades,Улучшения,Melhorias
Common,misc_missing_abilities,No abilities are available at the moment.,Сейчас способностей нет.,Nenhuma habilidade disponível no momento.
Common,prof_crafting,Crafting,Крафт,Criação
Common,prof_survival,Survival,Выживание,Sobrevivência
Common,prof_medicine,Medicine,Медицина,Medicina
Quests,chapter1_title,Chapter I: Signs,Глава I: Знаки,Capítulo I: Sinais
Quests,chapter1_motto,"It was the best of times, it was the worst of times, it was the age of wisdom, it was the age of foolishness, it was the epoch of belief, it was the epoch of incredulity, it was the season of Light, it was the season of Darkness, it was the spring of hope, it was the winter of despair. (Charles Dickens, A Tale of Two Cities)","Это было самое прекрасное время, это было самое злосчастное время, — век мудрости, век безумия, дни веры, дни безверия, пора света, пора тьмы, весна надежд, стужа отчаяния. (Чарльз Диккенс, Повесть о двух городах)","Era o melhor dos tempos, era o pior dos tempos, era a era da sabedoria, era a era da tolice, era a época da crença, era a época da incredulidade, era a estação da Luz, era a estação das Trevas, era a primavera da esperança, era o inverno do desespero. (Charles Dickens, Um Conto de Duas Cidades)"
Quests,q1_c1_title,Bad Visitors,Незваные гости,Visitas Indesejadas
Quests,q1_c1_description,Some wild boars unexpectedly attack Wigmund’s crops. Nothing like this has happened before. Fight to drive them away. ,Какие-то дикие звери напали на зверей Вигмунда. Раньше такого не происходило. Дайте отпор и прогоните их прочь.,Alguns javalis selvagens atacam inesperadamente a plantação de Wigmund. Algo assim nunca aconteceu antes. Lute para expulsá-los.
Quests,q1_c1_obj1,The Destroyers,Нарушители,Os Destruidores
Quests,q1_c1_obj1_description,Check out the crops near Wigmund’s house.,Осмотрите урожай возле дома Вигмунда.,Verifique a plantação perto da casa de Wigmund.
Quests,q1_c1_obj1_description_info,Crops checked,Посевы проверены,Plantação verificada
Quests,q1_c1_obj1_zone_crops,Crops field,Поле сельскохозяйственных культур,Campo de plantação
Quests,q1_c1_obj2,Fight!,Сражайтесь!,Lute!
Quests,q1_c1_obj2_description,Fight the boars.,Сражайтесь с кабанами.,Lute contra os javalis.
Quests,q1_c1_obj2_info,Intruders defeated,Нарушители побеждены,Intrusos derrotados
Quests,q2_c1_title,Weapons for the Knight,Оружие для рыцаря,Armas para o Cavaleiro
Quests,q2_c1_description,"Determined to destroy the den of the wild boars, Wigmund must arm himself with a good weapon. Based on what Raedan has told him, he knows that in Lonely Valley is only one place where a good weapon and maybe some gear can be found: in the basement of the burned house.","Решив уничтожить логово кабанов, Вигмунд должен вооружиться хорошим оружием.  Судя по тому, что рассказал ему Рейдан, он знает, что в Одинокой долине есть только одно место, где можно найти хорошее оружие и, возможно, какое-нибудь снаряжение: в подвале сгоревшего дома.","Determinado a destruir a toca dos javalis, Wigmund precisa se armar com uma boa arma. Com base no que Raedan lhe contou, sabe que no Vale Solitário há apenas um lugar onde uma boa arma e talvez algum equipamento podem ser encontrados: no porão da casa queimada."
Quests,q2_c1_obj0.1,The Key,Ключ,A Chave
Quests,q2_c1_obj0.1_description,Get the key from Wigmund’s house.,Получите ключ от дома Вигмунда.,Pegue a chave na casa de Wigmund.
Quests,q2_c1_obj1,The Burned House,Сгоревший дом,A Casa Queimada
Quests,q2_c1_obj1_description,Get inside the basement of the burned house.,Заберитесь в подвал сгоревшего дома.,Entre no porão da casa queimada.
Quests,q2_c1_obj1_zone_house,Burned house,Сгоревший дом,Casa queimada
Quests,q2_c1_obj2,Into the Basement,В подвал,No Porão
Quests,q2_c1_obj2_description,Explore the basement to find a real weapon and some equipment.,"Исследуйте подвал, чтобы найти настоящее оружие и некоторое снаряжение.",Explore o porão para encontrar uma arma de verdade e algum equipamento.
Quests,q2_c1_obj2_description_info,Weapon found,Оружие найдено,Arma encontrada
Quests,q2_c1_obj3,Too Old to be Fried,"Слишком стар, для битвы",Velho Demais para Fritar
Quests,q2_c1_obj3_description,Find the wild boar’s den and kill the chief-boar.,Найдите логово кабана и убейте вожака-кабана.,Encontre a toca dos javalis e mate o javali-chefe.
Quests,q2_c1_obj3_description_info,Chief-boar killed,Главный кабан убит,Javali-chefe morto
Quests,q2_c1_obj4,Other Intruders?,Еще нарушители?,Outros Intrusos?
Quests,q2_c1_obj4_description,Check the surroundings of Wigmund’s house.,Осмотрите окрестности дома Вигмунда.,Verifique os arredores da casa de Wigmund.
Quests,q2_c1_obj4_description_info,Surroundings checked,Окружение проверено,Arredores verificados
Quests,q3_c1_title,Unrest,Беспорядки,Agitação
Quests,q3_c1_description,"Wigmund discovers the remains of a dead sheep near his house. Another one has disappeared. Clearly, such things indicate the end of his peaceful life. Enraged, he sets out in pursuit of the kidnappers.","Вигмунд обнаруживает возле своего дома останки мертвой овцы.  Еще одна исчезла.  Понятно, что подобные вещи указывают на конец его мирной жизни.  В ярости он отправляется в погоню за похитителями.","Wigmund encontra os restos de uma ovelha morta perto de sua casa. Outra desapareceu. Claramente, tais coisas indicam o fim de sua vida pacata. Enraivecido, ele parte em perseguição dos raptores."
Quests,q3_c1_obj1,The Kidnappers,Похитители,Os Raptores
Quests,q3_c1_obj1_description,Follow the blood trail to find the wolves’ den.,"Идите по кровавому следу, чтобы найти логово волков.",Siga o rastro de sangue para encontrar a toca dos lobos.
Quests,q3_c1_obj1_description_info,Kidnappers identified,Похитители идентифицированы,Raptores identificados
Quests,q3_c1_zone_wolves,Wolves den,Волчье логово,Toca dos lobos
Quests,q3_c1_obj2,The Bloody Wolf,Кровавый волк,O Lobo Sangrento
Quests,q3_c1_obj2_description,"Kill Stagga, the pack leader.","Убейте Стаггу, вожака стаи.","Mate Stagga, o líder da matilha."
Quests,q3_c1_obj2_description_info,Stagga killed,Стагга убит,Stagga morto
Quests,q3_c1_obj3,The Underground Pursuit,Погоня под землей,A Perseguição Subterrânea
Quests,q3_c1_obj3_description,Follow the spiders and destroy them and their boss.,Следуйте за пауками и уничтожьте их и их босса.,Siga as aranhas e destrua-as junto com seu chefe.
Quests,q3_c1_obj3_description_info,The Green Spiders killed,Зеленые пауки убиты,As Aranhas Verdes mortas
Quests,q3_c1_obj4,"Home, Sweet Home","Дом, милый дом","Lar, Doce Lar"
Quests,q3_c1_obj4_description,Go back to Wigmund’s house.,Вернитесь в дом Вигмунда.,Volte para a casa de Wigmund.
Quests,q3_c1_obj4_description_info,Home reached,Домой достигнут,Casa alcançada
Quests,q4_c1_title,"Farewell, Aefestra","Прощай, Эфестра.","Adeus, Aefestra"
Quests,q4_c1_description,"On his way home Wigmund meets Raedan. The old man explains to him that those giant spiders are not usual beasts. Something strange is going on. Wigmund must prepare himself for future events. That's why he must go to Clwyd, the hidden hamlet of the last refugees who escaped the coup d'état orchestrated by Antiochus. There he will be trained for a desperate mission.","По пути домой Вигмунд встречает Рэдана.  Старик объясняет ему, что эти гигантские пауки – не обычные звери.  Происходит что-то странное.  Вигмунд должен подготовиться к будущим событиям.  Вот почему он должен отправиться в Клуид, скрытую деревню последних беженцев, спасшихся от государственного переворота, организованного Антиохом. Там его будут готовить к отчаянной миссии.","No caminho de volta para casa, Wigmund encontra Raedan. O velho explica que aquelas aranhas gigantes não são bestas comuns. Algo estranho está acontecendo. Wigmund deve se preparar para eventos futuros. Por isso deve ir a Clwyd, o vilarejo escondido dos últimos refugiados que escaparam do golpe orquestrado por Antiochus. Lá será treinado para uma missão desesperada."
Quests,q4_c1_obj1,Flowers for Aefestra,Цветы для Эфестры,Flores para Aefestra
Quests,q4_c1_obj1_description,Find some beautiful flowers near the abandoned camp.,Найдите несколько красивых цветов возле заброшенного лагеря.,Encontre algumas flores bonitas perto do acampamento abandonado.
Quests,q4_c1_obj1_description_info,Flowers collected,Цветы собраны,Flores recolhidas
Quests,q4_c1_obj2,The Last Meeting,Последняя встреча,O Último Encontro
Quests,q4_c1_obj2_description,Visit Aefestra’s tomb to honor her memory.,"Посетите могилу Эфестры, чтобы почтить ее память.",Visite o túmulo de Aefestra para honrar sua memória.
Quests,q4_c1_obj2_description_info,Flowers on Aefestra’s tomb,Цветы на могиле Эфестры,Flores no túmulo de Aefestra
Quests,q4_c1_zone_tomb,Aefestra’s grave,Могила Эфестры,Tumulo de Aefestra
Quests,q4_c1_obj3,A New Home,Новый дом,Um Novo Lar
Quests,q4_c1_obj3_description,"Meet Raedan and his fellows in Clwyd, a small hamlet hidden into the wild.","Познакомьтесь с Рэданом и его товарищами в Клуиде, маленькой деревушке, скрытой от дикой природы.","Encontre Raedan e seus companheiros em Clwyd, um pequeno vilarejo escondido no meio do mato."
Quests,q4_c1_zone_village,Clwyd settlement,Поселение Клуид,Assentamento de Clwyd
Quests,chapter2_title,Chapter II: The Hidden Hunter,Глава II: Скрытый охотник,Capítulo II: O Caçador Oculto
Quests,chapter2_motto,"His need was to exist, and to move onward at the greatest possible risk, and with a maximum of privation. If the absolutely pure, uncalculating, unpractical spirit of adventure had ever ruled a human being, it ruled this be-patched youth. (Joseph Conrad, The Heart of Darkness)","Ему нужно было двигаться вперед рискуя всем. Если столь ярый, чистый, нерасчетливый, непрактичный дух приключений когда-либо руководил человеком, то он руководил и этим целеустремленным юношей. (Джозеф Конрад, Сердце тьмы)","Sua necessidade era existir e avançar com o maior risco possível, e com o máximo de privações. Se alguma vez o espírito absolutamente puro, incalculado e impraticável da aventura governou um ser humano, foi este jovem remendado que ele governou. (Joseph Conrad, O Coração das Trevas)"
Quests,q1_c2_title,A Dangerous Job,Опасная работа,Um Trabalho Perigoso
Quests,q1_c2_description,Wigmund is warned about the attacks of a huge bear that destroys the hives of the village. He receives the mission to follow the bear and to kill it. ,"Вигмунд услышал об атаках большого медведя, что уничтожает пасевы в поселении. Он принимает задание и следует по следам медведя, чтобы положить этому конец.",Wigmund é avisado sobre os ataques de um urso enorme que destrói as colmeias da aldeia. Ele recebe a missão de seguir o urso e matá-lo.
Quests,q1_c2_obj1,Bear’s Burrow,Медвежья нора,A Toca do Urso
Quests,q1_c2_obj1_description,Defeat the bear and get his head.,Победите медведя и заберите его голову.,Derrote o urso e pegue sua cabeça.
Quests,q1_c2_obj2,Return to Raedan,Вернитесь в Рейдан,Retornar a Raedan
Quests,q1_c2_obj2_description,Return to Clwyd and announce Raedan that the bear has been defeated.,"Вернитесь в Клуид и сообщите Рейдану, что медведь повержен.",Retorne a Clwyd e informe a Raedan que o urso foi derrotado.
Quests,q1_c2_obj2_description_info,Raedan met,Встретиться с Рэйданом,Raedan encontrado
Quests,q2_c2_title,An Unexpected Fight,Неожиданный бой,Uma Luta Inesperada
Quests,q2_c2_description,"A bunch of wood-goblins lead by Drof, the son of the King of the goblins, Faett, has been spotted on the eastern side of the village. Wigmund will be involved in this first real fight.","На восточной окраине деревни была замечена группа лесных гоблинов под предводительством Дрофа, сына короля гоблинов Фаэтта.  Вигмунд будет участвовать в этом первом настоящем бою.","Um grupo de goblins da floresta liderado por Drof, filho do Rei dos goblins, Faett, foi avistado no lado leste da aldeia. Wigmund será envolvido nesta primeira luta de verdade."
Quests,q2_c2_obj1,Troubles in Clwyd,Проблемы в Клуиде,Problemas em Clwyd
Quests,q2_c2_obj1_description,Drive the goblins away.,Прогоните гоблинов.,Expulse os goblins.
Quests,q2_c2_obj1_description_info,The goblins are defeated,Гоблины побеждены,Os goblins foram derrotados
Quests,q2_c2_obj2,Annihilate the Leader,Уничтожить лидера,Aniquilar o Líder
Quests,q2_c2_obj2_description,"The goblins cannot be completely defeated without killing their leader, Drof.","Гоблинов невозможно победить полностью, не убив их лидера Дрофа.","Os goblins não podem ser completamente derrotados sem matar seu líder, Drof."
Quests,q2_c2_obj2_description_info,Drof killed,Дроф убит,Drof morto
Quests,q3_c2_title,The Grass of the Beasts,Зверь-трава,A Erva das Feras
Quests,q3_c2_description,Raedan asks Wigmund something unusual: to find the so-called „Milkweed” (known in old stories and legends as „the grass of the beasts”).,Рэдан просит Вигмунда о чем-то необычном: найти так называемую молочай (известную в старинных сказаниях и легендах как зверь-трава).,"Raedan pede a Wigmund algo incomum: encontrar a chamada ""Erva-Leiteira"" (conhecida em histórias e lendas antigas como ""a erva das feras"")."
Quests,q3_c2_obj1,The Cage,Клетка,A Gaiola
Quests,q3_c2_obj1_description,"For such a special mission, a special mini-cage is needed. Get it from Cyneric, our best blacksmith.","Для такой особой миссии необходима особая мини-клетка.  Получите его у Цинерика, нашего лучшего кузнеца.","Para essa missão especial, é preciso uma gaiola especial. Pegue-a com Cyneric, nosso melhor ferreiro."
Quests,q3_c2_obj1_description_info,Cage acquired,Клетка приобретена,Gaiola obtida
Quests,q3_c2_obj2,Children's Wisdom,Детская мудрость,A Sabedoria das Crianças
Quests,q3_c2_obj2_description,"Find Cyld and learn from him how to find the hedgehog's nest. Usually, the boy wanders around the well in the middle of the village. ","Найдите Клуид и узнайте как находить гнезда ежей. Обычно, мальчик, что знает это ошивается недалеко от середины деревни.",Encontre Cyld e aprenda com ele como achar o ninho do ouriço. Geralmente o menino vaga perto do poço no centro da aldeia.
Quests,q3_c2_obj2_description_info,Cyld found,Сайлд найден,Cyld encontrado
Quests,q3_c2_obj3,Rare Fruits,Редкие фрукты,Frutas Raras
Quests,q3_c2_obj3_description,Look for berries near the ruined tower.,Ищите ягоды возле разрушенной башни.,Procure frutas silvestres perto da torre em ruínas.
Quests,q3_c2_obj3_description_info,Blueberries found (0/1),Черника найдена (0/1),Frutas silvestres encontradas (0/1)
Quests,q3_c2_obj4,The Snails,Улитки,Os Caracóis
Quests,q3_c2_obj4_description,Reach the place where you can find the snails that are hunted by hedgehogs.,"Доберитесь до места, где можно найти улиток, на которых охотятся ежи.",Chegue ao lugar onde podem ser encontrados os caracóis caçados pelos ouriços.
Quests,q3_c2_obj4_description_info,Snails found,Улитки найдены,Caracóis encontrados
Quests,q3_c2_obj5,Catch the Hoglet,Поймай Хоглета,Capturar o Filhote
Quests,q3_c2_obj5_description,"Put the iron cage - with some blueberries inside it – in the front of the nest, then hide and wait behind the trees near the cage until the hoglet is caught.","Поставьте железную клетку с черникой внутри перед гнездом, затем спрячьтесь и ждите за деревьями возле клетки, пока паразиты не будут пойманы.","Coloque a gaiola de ferro — com algumas frutas silvestres dentro — na frente do ninho, depois se esconda e aguarde atrás das árvores perto da gaiola até o filhote ser capturado."
Quests,q3_c2_obj5_description_info,Little Hedgehogs Trapped,Маленькие ёжики в ловушке,Filhote de ouriço capturado
Quests,q3_c2_obj6,The Hedgehog’s Tree,Дерево Ежика,A Árvore do Ouriço
Quests,q3_c2_obj6_description,"Put the cage with the hoglet near the tree where they have their nest. Wait hidden close to the place until their mother comes with “the grass of the beasts” to free them. After they leave, collect the grass. ","Поставьте открытую клетку рядом с деревом, где у них гнездо. Спрячьтесь и подождите неподалеку, по их мать не принесет “зверь-траву” чтобы освободить их. После того как они уйдут, заберите траву.","Coloque a gaiola com o filhote perto da árvore onde eles têm seu ninho. Aguarde escondido perto do local até a mãe chegar com ""a erva das feras"" para libertá-los. Depois que forem embora, recolha a erva."
Quests,q3_c2_obj6_description_info,Grass collected,Трава собрана,Erva recolhida
Quests,q3_c2_obj7,The Burglar,Грабитель,O Ladrão
Quests,q3_c2_obj7_description,Give the grass of the beasts to Raedan.,Отдайте зверь-траву Рэдану.,Dê a erva das feras a Raedan.
Quests,q3_c2_obj7_description_info,The key-medallion created (0/1),Медальон ключ создан (0/1),O medalhão-chave criado (0/1)
Quests,q4_c2_title,The Captive,Пленник,O Prisioneiro
Quests,q4_c2_description,"Infuriated by the loss of his son Drof, Faett, the king of the wood-goblins, orders an attack on the village. Grimme has been taken prisoner. Wigmund swears to kill Faett. Raedan advises him to take  Modig „The Brave” with him.","Разъяренный потерей своего сына Дрофа, Фаэтт, король лесных гоблинов, приказывает атаковать деревню.  Гримме взят в плен.  Вигмунд клянется убить Фаэтта.  Рэдан советует ему взять с собой Модига Храброго.","Enfurecido pela perda de seu filho Drof, Faett, o rei dos goblins da floresta, ordena um ataque à aldeia. Grimme foi feito prisioneiro. Wigmund jura matar Faett. Raedan o aconselha a levar Modig, 'O Bravo', consigo."
Quests,q4_c2_obj0.1,Team Mate,Товарищ по команде,Companheiro de Equipe
Quests,q4_c2_obj0.1_description,Meet Modig on the southeastern side of the village. He will follow Wigmund in this dangerous mission.,Встретьтесь с Модигом на юго-восточной стороне деревни.  Он последует за Вигмундом в этой опасной миссии.,Encontre Modig no lado sudeste da aldeia. Ele seguirá Wigmund nesta perigosa missão.
Quests,q4_c2_obj0.1_description_info,Wigmund met Modig,Вигмунд встретил Модига,Wigmund encontrou Modig
Quests,q4_c2_obj1,The Pursuit,Преследование,A Perseguição
Quests,q4_c2_obj1_description,Modig guides you to the heart of the wood-goblins realm.,Модиг проведет вас в самое сердце царства лесных гоблинов.,Modig guia você ao coração do reino dos goblins da floresta.
Quests,q4_c2_obj1_description_info,Wood-goblins village found,Найдена деревня лесных гоблинов,Aldeia dos goblins da floresta encontrada
Quests,q4_c2_obj2,Open the Gate,Откройте ворота,Abrir o Portão
Quests,q4_c2_obj2_description,Kill the guardians and use the wheel to open the gate. Enter the fortress and kill Faett.,"Убейте стражей и используйте колесо, чтобы открыть ворота.  Войдите в крепость и убейте Фаэтта.",Mate os guardiões e use a roda para abrir o portão. Entre na fortaleza e mate Faett.
Quests,q4_c2_obj2_description_info,"Faett's slain 0/1
","Фаэтт убит 0/1
","Faett morto 0/1
"
Quests,q4_c2_obj3,Free Grimme,Освобождение Гримме,Libertar Grimme
Quests,q4_c2_obj3_description,Escort Grimme back to the hamlet.,Сопроводите Гримме обратно в деревню.,Escorte Grimme de volta ao vilarejo.
Quests,q4_c2_obj3_description_info,Grimme is free,Гримме свободен,Grimme está livre
Quests,q4_c2_obj4,Meet Raedan,"Знакомьтесь, Рэдан",Encontrar Raedan
Quests,q4_c2_obj4_description,"Now that Grimme is free, I should return back to Raedan for my next mission.","Теперь, когда Гримме свободен, мне следует вернуться к Рейдану для получения следующего задания.","Agora que Grimme está livre, devo retornar a Raedan para minha próxima missão."
Quests,q5_c2_title,Two Lions,Два льва,Dois Leões
Quests,q5_c2_description,"Asked by Raedan to help Sceoteld, the hunter, Wigmund and Cyneric have to fight the cave-goblins to free the legendary shadow-warrior who was trapped by his enemies in a huge tree from which there is no escape.","По просьбе Рэдана мне нужно помочь охотнику Сцеотелду, Вигмунд и Цинерик должны сразиться с пещерными гоблинами, чтобы освободить легендарного воина-тени, который был пойман врагами в ловушку на огромном дереве, из которого нет выхода.","A pedido de Raedan para ajudar Sceoteld, o caçador, Wigmund e Cyneric devem lutar contra os goblins das cavernas para libertar o lendário guerreiro das sombras que foi aprisionado por seus inimigos numa árvore gigante da qual não há escapatória."
Quests,q5_c2_obj1,Capture the Spy,Поймать шпиона,Capturar o Espião
Quests,q5_c2_obj1_description,A goblin spy has been noticed near Wigstan’s house. Capture him to learn where is surrounded Sceoteld. Cyneric can make him talk.,"Возле дома Вигстана замечен гоблин-шпион.  Схватите его, чтобы узнать, где находится Сцеотелд.  Цинерик может заставить его говорить.",Um espião goblin foi avistado perto da casa de Wigstan. Capture-o para descobrir onde Sceoteld está cercado. Cyneric pode fazê-lo falar.
Quests,q5_c2_obj1_description_info,Info retrieved,Информация получена,Informação obtida
Quests,q5_c2_obj2,The Dark Forest,Темный лес,A Floresta das Trevas
Quests,q5_c2_obj2_description,Find the North-Eastern forest where Sceoteld is surrounded by goblins. Destroy the two ammunition deposits.,"Найдите северо-восточный лес, где Сцеотелд окружен гоблинами.  Уничтожьте два склада боеприпасов.",Encontre a floresta nordeste onde Sceoteld está cercado por goblins. Destrua os dois depósitos de munição.
Quests,q5_c2_obj2_description_info,Deposits destroyed,Месторождения уничтожены,Depósitos destruídos
Quests,q5_c2_obj3,Hombug’s Nightmare,Кошмар Хомбага,O Pesadelo de Hombug
Quests,q5_c2_obj3_description,"Fight the goblins and Hombug, their chief-troll, to free Wigstan.","Сразитесь с гоблинами и Хомбагом, их главным троллем, чтобы освободить Вигстана.","Lute contra os goblins e Hombug, seu troll-chefe, para libertar Wigstan."
Quests,q5_c2_obj3_description_info,Wigstan freed,Вигстан освобожден,Wigstan libertado
Quests,q5_c2_obj4,Meet Wigstan and Raedan,"Знакомьтесь, Вигстан и Рейдан",Encontrar Wigstan e Raedan
Quests,q5_c2_obj4_description,Go back to Clwyd to talk to Raedan and Wigstan.,"Вернитесь в Клуид, чтобы поговорить с Рейданом и Вигстаном.",Volte a Clwyd para falar com Raedan e Wigstan.
Quests,q5_c2_obj4_description_info,Raedan and Wigstan met,Рэйдан и Вигстан встретились,Raedan e Wigstan encontrados
Quests,chapter3_title,Chapter III: How to Kill a Dragon ,Глава III: Как убить дракона ,Capítulo III: Como Matar um Dragão
Quests,chapter3_motto,"A little lower the loathsome beast he smote with sword; his steel drove in bright and burnished; that blaze began to lose and lessen. At last the king wielded his wits again, war-knife drew, a biting blade by his breastplate hanging, and the Weders'-helm smote that worm asunder, felled the foe, flung forth its life. So had they killed it, kinsmen both, athelings twain: thus an earl should be in danger's day! (Anonymous Poet, probably 8th Century A.D., Beowulf)","Отвратительного зверя он поразил мечом; и сталь его сверкала блеском; сияние начало угасать. Наконец, король обрел дар речи вновь, выхватив клинок висевший на нагруднике червя пронзил он Ведера шлем, разрубил того на части, повергнув врага и вернув жизнь. Они убили его, воспоем обоих: трубите ярлу, в опасности он! (Неизвестный поэт, приблизительно 8 век н.э. Беовульф)","Um pouco abaixo a loathsome besta ele golpeou com a espada; seu aço penetrou brilhante e polido; aquela chama começou a perder força e diminuir. Por fim o rei retomou seus sentidos, sacou a faca de guerra, uma lâmina mordente presa à sua couraça, e o elmo dos Weders golpeou aquela serpente ao meio, abateu o inimigo, expeliu-lhe a vida. Assim o mataram, parentes ambos, dois príncipes: assim deve ser um guerreiro no dia do perigo! (Poeta Anônimo, provavelmente séc. VIII d.C., Beowulf)"
Quests,q3_c3_title,Inside the Castle,Внутри замка,Dentro do Castelo
Quests,q3_c3_description,"To get to the light a real hero ought to go through the deepest darkness. To reach the dungeons of the King’s castle, Wigmund and his companions will go through the underground, dark caves of the goblins. And that's not all! No sweet light expects him at the end of his way, but the red flame of a terrible beast: an old dragon. This is the destiny of any true hero. ","Чтобы постичь свет, настоящий герой должен пройти через самую глубокую тьму. Дабы добраться до подземелий Королевского замка, Вигмунду и его спустникам предстоит пройти через опасные подземелья, темные пещеры гоблинов, и даже это еще не всё! В конеце пути его ожидает, не темплый свет, а красное пламя ужасного зверя, старого дракона. Такова судьба всех истинных героев.","Para alcançar a luz, um verdadeiro herói deve atravessar as trevas mais profundas. Para chegar às masmorras do castelo do Rei, Wigmund e seus companheiros passarão pelas cavernas subterrâneas e sombrias dos goblins. E não é só isso! Nenhuma luz suave o espera ao final do caminho, mas a chama vermelha de uma besta terrível: um antigo dragão. Este é o destino de qualquer verdadeiro herói."
Quests,q3_c3_obj0.1,The Caves,Пещеры,As Cavernas
Quests,q3_c3_obj0.1_description,"Guided by Wigstan, reach the goblin caves where the entrance into the dungeons of the castle can be found.","Под руководством Вигстана доберитесь до пещер гоблинов, где можно найти вход в подземелья замка.","Guiado por Wigstan, chegue às cavernas dos goblins onde a entrada para as masmorras do castelo pode ser encontrada."
Quests,q3_c3_obj0.1_description_info,Caves reached,Пещеры достигнуты,Cavernas alcançadas
Quests,q3_c3_obj1,The Diversion,Диверсия,A Diversão
Quests,q3_c3_obj1_description,Get the attention of the guardian goblins and make them open the gates by destroying two of their towers.,"Привлеките внимание гоблинов-хранителей и заставьте их открыть ворота, разрушив две их башни.",Chame a atenção dos goblins guardiões e faça-os abrir os portões destruindo duas de suas torres.
Quests,q3_c3_obj1_description_info,Wooden towers destroyed,Деревянные башни разрушены,Torres de madeira destruídas
Quests,q3_c3_obj2,Under the Castle,Под замком,Sob o Castelo
Quests,q3_c3_obj2_description,Find an entrance between the goblins' caverns and the dungeons of the castle.,Найдите вход между пещерами гоблинов и подземельями замка.,Encontre uma entrada entre as cavernas dos goblins e as masmorras do castelo.
Quests,q3_c3_obj2.1,Get inside,Войти внутрь,Entre
Quests,q3_c3_obj2.1_description,Explore the dungeons and free your way until you find the entrance into the castle – located on the Northern side of the dungeon.,"Исследуйте подземелья и освобождайте себе путь, пока не найдете вход в замок, расположенный на северной стороне подземелья.",Explore as masmorras e abra caminho até encontrar a entrada para o castelo — localizada no lado norte da masmorra.
Quests,q3_c3_obj2.1_description_info,The entrance must be reached,Вход должен быть достигнут,A entrada deve ser alcançada
Quests,q3_c3_obj3,The Secret Hatch,Секретный люк,O Alçapão Secreto
Quests,q3_c3_obj3_description,Unlock the hatch by introducing the numbers from the code.,"Разблокируйте люк, введя цифры из кода.",Destranque o alçapão inserindo os números do código.
Quests,q3_c3_obj3_description_info,Unlock the hatch by using the proper numbers,"Разблокируйте люк, используя правильные цифры.",Destranque o alçapão usando os números corretos
Quests,q3_c3_obj4,Inside,Внутри,Dentro
Quests,q3_c3_obj4_description,Find the mechanism which can open the door.,"Найдите механизм, который сможет открыть дверь.",Encontre o mecanismo que pode abrir a porta.
Quests,q3_c3_obj4_description_info,Find and use the torch lever,Найдите и используйте рычаг фонарика.,Encontre e use a alavanca da tocha
Quests,q4_c3_title,Close The Evil Gates,Закройте врата зла,Fechar os Portais do Mal
Quests,q4_c3_description,"Every time when our knights get too close to a portal-stone, a bunch of enemies will be instantly summoned through it. To defeat all of them is very difficult, if not impossible. To avoid losing their limited strength, they have to find a way to close those portals. If they succeed, they will be able to continue their mission. Do not forget another wise warning from Raedan: “No warrior can defeat the Guardians of the Seals without Saint Neot’s blessing.” From all these you understand that, first, you have to meet Saint Neot.","Каждый раз, когда наши рыцари подходят слишком близко к портальному камню, через него мгновенно вызывается куча врагов.  Победить их всех очень сложно, если вообще возможно.  Чтобы не потерять свою ограниченную силу, им нужно найти способ закрыть эти порталы.  Если им это удастся, они смогут продолжить свою миссию.  Не забывайте еще одно мудрое предостережение Рейдана: Ни один воин не сможет победить Стражей Печатей без благословения Святого Неота.  Из всего этого понимаешь, что сначала тебе предстоит встретиться со святым Неотом.","Toda vez que nossos cavaleiros se aproximam demais de uma pedra-portal, uma horda de inimigos é instantaneamente invocada por ela. Derrotá-los a todos é muito difícil, senão impossível. Para não desperdiçar suas forças limitadas, precisam encontrar uma forma de fechar esses portais. Se conseguirem, poderão continuar sua missão. Não esqueça outro sábio aviso de Raedan: ""Nenhum guerreiro pode derrotar os Guardiões dos Selos sem a bênção de Santo Neot."" Com tudo isso, entende-se que, primeiro, é preciso encontrar Santo Neot."
Quests,q4_c3_obj0.1,The Barracks,Казармы,O Quartel
Quests,q4_c3_obj0.1_description,Fight your way out of the barracks.,С боем выберитесь из казарм.,Abra caminho para sair do quartel.
Quests,q4_c3_obj0.1_description_info,Barracks left,Казармы остались,Quartel deixado
Quests,q4_c3_obj1,Saint Neot Relic,Реликвия Святого Неота,Relíquia de Santo Neot
Quests,q4_c3_obj1_description,See where the light wants to guide the three knights.,"Смотрите туда, куда направит трех рыцарей свет.",Veja onde a luz quer guiar os três cavaleiros.
Quests,q4_c3_obj1_description_info,Find the shadow room where the relic is kept by a boss.,"Найдите теневую комнату, где босс хранит реликвию.",Encontre a sala sombria onde a relíquia é guardada por um chefe.
Quests,q4_c3_obj2,The Disappearance of the Shadow,Исчезновение тени,O Desaparecimento da Sombra
Quests,q4_c3_obj2_description,Fight the ghast.,Сразитесь с призраком.,Lute contra o espectro.
Quests,q4_c3_obj4,Honoring Saint Neot,Почитание святого Неота,Honrando Santo Neot
Quests,q4_c3_obj4_description,Place the relic inside the reliquary. ,Положите реликвию в реликварий. ,Coloque a relíquia dentro do relicário.
Quests,q5_c3_title,Here Are Dragons,Вот драконы,Aqui Há Dragões
Quests,q5_c3_description,"To their surprise, Saint Neot appears. From him they will learn that a dragon - a demon of terror from the unseen world - is guarding the doors to the Great Hall of the King. No human can defeat such a creature of darkness. Only the ""Lions from Templar"" - blessed by the King of Kings - can defeat a dragon. But, first, they have to reach the Hall. To fulfill their mission, they have, first, to put the dragon to slumber.","К их удивлению, появляется Святой Неот.  От него они узнают, что дракон – демон ужаса из невидимого мира – охраняет двери в Большой зал Короля.  Ни один человек не сможет победить такое создание тьмы.  Только  ""Львы из Тамплиеров"" - благославленные Королем Королей - смогут победить дракона. Но сначала они должны добраться до Зала. Чтобы выполнить свою миссию, и после, усыпить дракона.","Para surpresa de todos, Santo Neot aparece. Dele saberão que um dragão — um demônio do terror do mundo invisível — guarda as portas do Grande Salão do Rei. Nenhum humano pode derrotar tal criatura das trevas. Somente os ""Leões dos Templários"" — abençoados pelo Rei dos Reis — podem vencer um dragão. Mas, primeiro, precisam chegar ao Salão. Para cumprir sua missão, devem, primeiro, fazer o dragão adormecer."
Quests,q5_c3_obj1,The Round Seal,Круглая печать,O Selo Circular
Quests,q5_c3_obj1_description,With Saint Neot’s blessing you can go and get the two parts of the treasury seal. Kill the Dark Guardian from the South-Western tower and get the first half of the seal. Kill the Fire Dwarf from the Easternmost room and retrieve the second half of the seal.,По благословению святого Неота вы можете пойти и получить две части казначейской печати.  Убейте Темного Стража из Юго-Западной башни и получите первую половину печати.  Убейте Огненного Гнома из самой восточной комнаты и заберите вторую половину печати.,Com a bênção de Santo Neot você pode ir buscar as duas partes do selo do tesouro. Mate o Guardião das Trevas da torre sudoeste e pegue a primeira metade do selo. Mate o Anão de Fogo da sala mais a leste e recupere a segunda metade.
Quests,q5_c3_obj2,The Golden Harp,Золотая Арфа,A Harpa Dourada
Quests,q5_c3_obj2_description,"Return to the castle’s dungeon, open the door of the treasury located on the Western side of the dungeon and find the golden harp.","Вернитесь в подземелье замка, откройте дверь сокровищницы, расположенную на западной стороне подземелья, и найдите золотую арфу.","Retorne à masmorra do castelo, abra a porta do tesouro localizada no lado oeste da masmorra e encontre a harpa dourada."
Quests,q5_c3_obj3,The Music of the Spheres,Музыка сфер,A Música das Esferas
Quests,q5_c3_obj3_description,Return to the castle and enter into the throne room’s antechamber with the harp prepared. The dragon will fall asleep.,Вернитесь в замок и войдите в прихожую тронного зала с приготовленной арфой.  Дракон заснет.,Retorne ao castelo e entre na antecâmara da sala do trono com a harpa preparada. O dragão adormecerá.
Quests,q5_c3_obj4,The Hidden King,Скрытый король,O Rei Oculto
Quests,q5_c3_obj4_description,Receive the Royal Blessing for the Knights from Templar.,Получите Королевское благословение для рыцарей от тамплиеров.,Receba a Bênção Real para os Cavaleiros dos Templários.
Quests,q5_c3_obj5,No Lullaby for the Dragon,Нет колыбельной для дракона,Sem Cantiga de Ninar para o Dragão
Quests,q5_c3_obj5_description,Kill Blodwyrt - The Red Worm from Heols.,Убейте Блодвирта — Красного Червя из Хеолса.,Mate Blodwyrt — O Verme Vermelho de Heols.
Quests,chapter4_title,The Lost Book,Потерянная книга,O Livro Perdido
Quests,chapter4_motto,"He was standing in the shade, gigantic, supported by the tree, and he waited with sword in hand. The crowd came nearer, nearer. At last the voice of command shouted: 'Seize him!' They rushed ahead. The cries were stopped. Those who could not push on gave light to the assailants. A whirl of men gathered and turned under the tree. Only groans came out of that whirl, and for a long time it was impossible to distinguish anything. At last a scream of terror was wrested from the assailants. The crowd broke in a moment. Under the tree remained Pan Longin, and at his feet a crowd of bodies still quivering in agony. (Henryk Sienkiewicz, With Fire and Sword)","Он стоял в тени, огромный, поддерживаемый деревом, и ждал с мечом в руке.  Толпа приближалась все ближе.  Наконец голос командования крикнул: Схватите его!  Они бросились вперед.  Крики прекратились.  Те, кто не смог продвинуться дальше, подожгли нападавших.  Толпа людей собралась и обернулась под деревом.  Из этого водоворота доносились только стоны, и долгое время нельзя было ничего различить.  Наконец у нападавших вырвался крик ужаса.  Толпа мгновенно распалась.  Под деревом остался пан Лонгин, а у его ног толпа тел, все еще дрожащих в агонии.  (Генрик Сенкевич, Огнем и мечом)","Ele estava parado na sombra, gigantesco, apoiado na árvore, e esperava com a espada na mão. A multidão se aproximava, cada vez mais. Por fim a voz de comando gritou: 'Peguem-no!' Eles avançaram. Os gritos foram sufocados. Os que não conseguiam avançar iluminavam os agressores. Um redemoinho de homens se formou e girou sob a árvore. Apenas gemidos saíam daquele redemoinho, e por muito tempo foi impossível distinguir qualquer coisa. Por fim um grito de terror foi arrancado dos agressores. A multidão se dispersou num instante. Sob a árvore restou Pan Longin, e a seus pés uma multidão de corpos ainda se contorcendo em agonia. (Henryk Sienkiewicz, Com Fogo e Espada)"
Quests,q1_c4_title,A Glorious Shield,Щит Славы,Um Escudo Glorioso
Quests,q1_c4_description,"To defeat the Great Beast, Wigmund needs a shield. But not any shield - but the shield of his father, Wiglaf. Where is it?","Чтобы победить Великого Зверя, Вигмунду нужен щит.  Но не какой-нибудь щит – а щит его отца, Виглафа.  Где это?","Para derrotar a Grande Besta, Wigmund precisa de um escudo. Mas não qualquer escudo — o escudo de seu pai, Wiglaf. Onde está?"
Quests,q1_c4_obj1,Ofergear,Офергир,Ofergear
Quests,q1_c4_obj1_description,Find Ofergear and answer his question. Then he will give you a clue regarding the place where the Shield of Glory is hidden.,"Найдите Офергира и ответьте на его вопрос.  Затем он даст вам подсказку относительно места, где спрятан Щит Славы.",Encontre Ofergear e responda sua pergunta. Então ele lhe dará uma pista sobre o lugar onde o Escudo da Glória está escondido.
Quests,q1_c4_obj1_description_info,Ofergear found,Офергер найден,Ofergear encontrado
Quests,q1_c4_obj2,The Greedy Gombug,Жадный гомжук,O Ganancioso Gombug
Quests,q1_c4_obj2_description,Enter into the trolls den and kill Gombug.,Войдите в логово троллей и убейте Гомбага.,Entre na toca dos trolls e mate Gombug.
Quests,q1_c4_obj3,Back to Clwyd,Назад в Клуид,De Volta a Clwyd
Quests,q1_c4_obj3_description,"Go back to Clwyd. Give the Shield of Glory to Raedan who, together with Cyneric, will embedded the “Light of Wisdom” – the diamond retrieved from the first dragon – into the Shield Of Glory.","Вернитесь к Клуиду.  Отдайте Щит Славы Рэдану, который вместе с Цинериком встроит Свет Мудрости — алмаз, добытый у первого дракона, — в Щит Славы.","Volte a Clwyd. Entregue o Escudo da Glória a Raedan que, junto com Cyneric, incrustará a 'Luz da Sabedoria' — o diamante obtido do primeiro dragão — no Escudo da Glória."
Quests,q1_c4_obj3_description_info,Shield returned,Щит возвращен,Escudo entregue
Quests,q2_c4_title,The Dark Castle,Темный Замок,O Castelo das Trevas
Quests,q2_c4_description,"To confront the evil one known to the living people as Dark Archon, his puppet – the pseudo-king Antiochus – must be defeated and the Book of Light found and taken back.","Чтобы противостоять злу, известному живым людям как Темный Архонт, его марионетку – псевдокороля Антиоха – необходимо победить, а Книгу Света найти и вернуть обратно.","Para confrontar o maligno conhecido pelos vivos como Arquidemônio das Trevas, seu fantoche — o pseudo-rei Antiochus — deve ser derrotado e o Livro da Luz encontrado e recuperado."
Quests,q2_c4_obj1,Into the Castle,В замок,Dentro do Castelo
Quests,q2_c4_obj1_description,Use the red diamond of Bloodwyrt to get inside the dark castle.,"Используйте красный алмаз Бладвирта, чтобы попасть в темный замок.",Use o diamante vermelho de Blodwyrt para entrar no castelo das trevas.
Quests,q2_c4_obj1_description_info,Dark Castle reached,Темный Замок достигнут,Castelo das Trevas alcançado
Quests,q2_c4_obj1.1,The Fake King,Фальшивый король,O Rei Falso
Quests,q2_c4_obj1.1_description,Fight your way through the Dark Castle to reach Antiochus’ seat of power.,"Пробейтесь через Темный Замок, чтобы добраться до трона Антиоха.",Abra caminho pelo Castelo das Trevas até o trono de poder de Antiochus.
Quests,q2_c4_obj1.1_description_info,Seat of Power reached,Престол Силы достигнут,Trono de poder alcançado
Quests,q2_c4_obj2,The Hall of Mirrors,Зеркальный зал,O Salão dos Espelhos
Quests,q2_c4_obj2_description,Destroy the mirrors.,Уничтожьте зеркала.,Destrua os espelhos.
Quests,q2_c4_obj2_description_info,Mirrors destroyed,Зеркала уничтожены,Espelhos destruídos
Quests,q2_c4_obj3,The Pseudo-King,Псевдо-король,O Pseudo-Rei
Quests,q2_c4_obj3_description,Fight Antiochus to get the key of the Dark Gate.,"Сразитесь с Антиохом, чтобы получить ключ от Темных Врат.",Lute contra Antiochus para obter a chave do Portal das Trevas.
Quests,q2_c4_obj4,The Golems,Големы,Os Golens
Quests,q2_c4_obj4_description,Fight the golems and retrieve the Book of Light.,Сразитесь с големами и заберите Книгу Света.,Lute contra os golens e recupere o Livro da Luz.
Quests,chapter5_title,The Heart of Darkness,Сердце Тьмы,O Coração das Trevas
Quests,chapter5_motto,"Obscure, profound it was, and nebulous, 
So that by fixing on its depths my sight
Nothing whatever I discerned therein.
""Let us descend  now into the blind world,""
Began the Poet, pallid utterly;
""I will be first, and thou shalt second be.""
(Dante, Inferno, Canto IV)","Он был так темен, смутен и глубок,
Что я над ним склонялся по-пустому, 
И ничего в нем различить не мог.. 
 ""Теперь мы к миру спустимся слепому,""
Так начал, смертно побледнев, поэт;
""Мне первому идти, тебе — второму.""
(Божественная комедия, Ад Данте, Круг IV)","Obscura, profunda era, e nebulosa,
De tal modo que, fixando nela meu olhar,
Nada absolutamente eu discernia.
""Desçamos agora ao mundo cego"",
Começou o Poeta, completamente pálido;
""Eu serei o primeiro, e tu serás o segundo.""
(Dante, Inferno, Canto IV)"
Quests,q1_c5_title,The Cosmic Enemy,Космический враг,O Inimigo Cósmico
Quests,q1_c5_description,"Protected by the Book of Light and equipped with the legendary Shield of Glory – on which the Red Diamond of Fire has been embedded – Wigmund can confront the archenemy of the King. Even though he cannot be destroyed (due to his spiritual, immortal nature), at least his influence on the world and the minds of its inhabitants can be diminished.","Защищенный Книгой Света и вооруженный легендарным Щитом Славы, на котором укреплен Красный Алмаз Огня, Вигмунд может противостоять заклятому врагу Короля.  Хоть его и нельзя уничтожить (в силу его духовной, бессмертной природы), но, по крайней мере, его влияние на мир и сознание его обитателей можно уменьшить.","Protegido pelo Livro da Luz e equipado com o lendário Escudo da Glória — no qual o Diamante Vermelho do Fogo foi incrustado — Wigmund pode confrontar o arquiinimigo do Rei. Embora não possa ser destruído (devido à sua natureza espiritual e imortal), ao menos sua influência sobre o mundo e as mentes de seus habitantes pode ser diminuída."
Quests,q1_c5_obj1,The Invisible Door and the Red Head,Невидимая дверь и рыжая голова,A Porta Invisível e a Cabeça Vermelha
Quests,q1_c5_obj1_description,Find the Room where the same head as the one on the key is painted.,"Найдите комнату, где нарисована та же голова, что и на ключе.",Encontre a sala onde está pintada a mesma cabeça que a da chave.
Quests,q1_c5_obj1_description_info,Room found,Комната найдена,Sala encontrada
Quests,q1_c5_obj2,The Magic Painting,Волшебная картина,A Pintura Mágica
Quests,q1_c5_obj2_description,Find the painting of a castle with a big door.,Найдите картину с изображением замка с большой дверью.,Encontre a pintura de um castelo com uma grande porta.
Quests,q1_c5_obj2_description_info,"Use the key to materialize the door to Heol. Make sure you are equipped with the Book of Light and the Shield of Glory. Without these sacred items, no one can survive in Heol.","Используйте ключ, чтобы материализовать дверь в Хеол.  Убедитесь, что у вас есть Книга Света и Щит Славы.  Без этих священных предметов никто не сможет выжить в Хеоле.","Use a chave para materializar a porta de Heol. Certifique-se de estar equipado com o Livro da Luz e o Escudo da Glória. Sem esses itens sagrados, ninguém consegue sobreviver em Heol."
Quests,q1_c5_obj3,The Fight of the Giants,Битва гигантов,A Batalha dos Gigantes
Quests,q1_c5_obj3_description,Fight the Dark Archon to send him back into the outer darkness.,"Сразитесь с Темным Архонтом, чтобы отправить его обратно во внешнюю тьму.",Lute contra o Arquidemônio das Trevas para enviá-lo de volta às trevas externas.
Quests,q1_c5_obj3_description_info,Dark Archon defeated,Темный Архонт побежден,Arquidemônio das Trevas derrotado
Quests,q1_c5_obj4,The Sacred Book,Священная книга,O Livro Sagrado
Quests,q1_c5_obj4_description,Put the sacred Book of Light near the King’s throne in the great hall of the castle.,Поставьте священную Книгу Света возле королевского трона в большом зале замка.,Coloque o sagrado Livro da Luz perto do trono do Rei no grande salão do castelo.
Quests,q1_c5_obj4_description_info,Book of Light returned,Книга Света вернулась,Livro da Luz devolvido
Quests,chapter5_ending_text,"Is this an end or a new beginning?
Only the passage of time will reveal the answer.","Это конец или новое начало? 
Только время покажет ответ.","É este um fim ou um novo começo?
Somente a passagem do tempo revelará a resposta."
Quests,secondary_quests_title,Secondary Quests,Второстепенные квесты,Missões Secundárias
Quests,sq1_c1_title,The Holy Grail,Святой Грааль,O Santo Graal
Quests,sq1_c1_description,Near an abandoned tent is a page from a journal that belongs to an archaeologist named Indiana Ford. It seems to contain clues to the location where the legendary Holy Grail is hidden.,"Рядом с заброшенной палаткой лежит страница из журнала, принадлежащего археологу по имени Индиана Форд.  Кажется, он содержит подсказки о месте, где спрятан легендарный Святой Грааль.",Perto de uma tenda abandonada há uma página de um diário pertencente a um arqueólogo chamado Indiana Ford. Parece conter pistas sobre o lugar onde o lendário Santo Graal está escondido.
Quests,sq1_c1_obj1,The Lost Journal,Потерянный журнал,O Diário Perdido
Quests,sq1_c1_obj1_description,Find the next tent.,Найдите следующую палатку.,Encontre a próxima tenda.
Quests,sq1_c1_obj1_description_info,First clue found,Найдена первая подсказка,Primeira pista encontrada
Quests,sq1_c1_obj2,Another Clue,Еще одна подсказка,Outra Pista
Quests,sq1_c1_obj2_description,Find the last page.,Найдите последнюю страницу.,Encontre a última página.
Quests,sq1_c1_obj2_description_info,Second clue found,Вторая подсказка найдена,Segunda pista encontrada
Quests,sq1_c1_obj3,The Passage,Прохождение,A Passagem
Quests,sq1_c1_obj3_description,Find the cascade of the Lion.,Найдите каскад Льва.,Encontre a cascata do Leão.
Quests,sq1_c1_obj3_description_info,Entrance found,Вход найден,Entrada encontrada
Quests,sq1_c1_obj4,Be Humble!,Быть скромным!,Seja Humilde!
Quests,sq1_c1_obj4_description,Pass through the first trap.,Пройдите через первую ловушку.,Passe pela primeira armadilha.
Quests,sq1_c1_obj4_description_info,Trial passed,Суд пройден,Provação superada
Quests,sq1_c1_obj5,Following the Right Path,Следуя по правильному пути,Seguindo o Caminho Certo
Quests,sq1_c1_obj5_description,Pass through the second trap.,Пройдите через вторую ловушку.,Passe pela segunda armadilha.
Quests,sq1_c1_obj6,A Bridge too Far,Мост слишком далеко,Uma Ponte Longe Demais
Quests,sq1_c1_obj6_description,Cross the bridge.,Переходить мост.,Atravesse a ponte.
Quests,sq1_c1_obj7,The Holy Cup,Святой Кубок,O Cálice Sagrado
Quests,sq1_c1_obj7_description,Find the Holy Grail.,Найдите Святой Грааль.,Encontre o Santo Graal.
Quests,sq2_c1_title,The Archaeologist,Археолог,O Arqueólogo
Quests,sq2_c1_description,"The metallic part of a shovel has been found. In order to be useful, the shovel needs a handle – which can be found near Wigmund’s house.","Обнаружена металлическая часть лопаты.  Чтобы лопата была полезной, ей нужна ручка, которую можно найти возле дома Вигмунда.","A parte metálica de uma pá foi encontrada. Para ser útil, a pá precisa de um cabo — que pode ser encontrado perto da casa de Wigmund."
Quests,sq2_c1_obj1,A Handle for the Shovel,Ручка для лопаты,Um Cabo para a Pá
Quests,sq2_c1_obj1_description,Find a handle for the shovel.,Найдите ручку для лопаты.,Encontre um cabo para a pá.
Quests,sq3_c1_title,The Secret Door,Секретная дверь,A Porta Secreta
Quests,sq3_c1_description,Inside the basement of the burnt house there is a door which cannot be opened without a key.,"В подвале сгоревшего дома есть дверь, которую невозможно открыть без ключа.",Dentro do porão da casa queimada há uma porta que não pode ser aberta sem uma chave.
Quests,sq3_c1_obj1,Old Gaffer,Старый Гаффер,O Velho Gaffer
Quests,sq3_c1_obj1_description,Talk with old Gaffer - who lives on the Southwestern shore of the lake next to the fortress in the mainland - about the key of the sealed door.,"Поговорите со старым Гаффером, который живет на юго-западном берегу озера рядом с крепостью на материке, о ключе от запечатанной двери.",Fale com o velho Gaffer — que vive na margem sudoeste do lago perto da fortaleza no continente — sobre a chave da porta selada.
Quests,sq3_c1_obj1_description_info,Gaffer met,Гаффер встретился,Gaffer encontrado
Quests,sq3_c1_obj2,Old Things,Старые вещи,Coisas Velhas
Quests,sq3_c1_obj2_description,Give to Gaffer the old items retrieved from the chest.,"Отдайте Гафферу старые предметы, извлеченные из сундука.",Dê a Gaffer os itens velhos retirados do baú.
Quests,sq3_c1_obj3,The Dragon Scale,Чешуя Дракона,A Escama do Dragão
Quests,sq3_c1_obj3_description,Go to the Fire-draca cave.,Идите в пещеру Огненного Дракона.,Vá até a caverna do Fire-draca.
Quests,sq3_c1_obj4,The Oak Wood Box,Дубовый ящик,A Caixa de Carvalho
Quests,sq3_c1_obj4_description,Enter the dungeons of the fort.,Войдите в подземелья форта.,Entre nas masmorras do forte.
Quests,sq3_c1_obj5,Etherium Vial,Флакон Эфириума,Frasco de Etério
Quests,sq3_c1_obj5_description,Find the lost vial of etherium inside the bear's cave.,Найдите потерянный флакон с эфирием в пещере медведя.,Encontre o frasco perdido de etério dentro da caverna do urso.
Quests,sq3_c1_obj6,Teleport Trial,Испытание телепорта,Teste do Teletransporte
Quests,sq3_c1_obj6_description,"Return to Gaffer through teleportation. To do this, open your map and click on the vortex showed above the Gaffer’s place.","Вернитесь к Гафферу посредством телепортации.  Для этого откройте карту и нажмите на вихрь, показанный над местом Гаффера.","Retorne a Gaffer por teletransporte. Para isso, abra seu mapa e clique no vórtice mostrado acima do local de Gaffer."
Quests,sq3_c1_obj6_description_info,Back to Gaffer,Вернуться к Гаферу,De volta a Gaffer
Quests,sq4_c1_title,The Runes,Руны,As Runas
Quests,sq4_c1_description,"On some Lewis statues, luminous signs can be noticed, and a small-stone with a reproduction of the sign can be found.","На некоторых статуях Льюиса можно заметить светящиеся знаки, а также найти небольшой камень с воспроизведением знака.","Em algumas estátuas de Lewis, sinais luminosos podem ser notados, e uma pequena pedra com uma reprodução do sinal pode ser encontrada."
Quests,sq4_c1_obj1,Runes,Руны,Runas
Quests,sq4_c1_obj1_description,Find the four runic statues.,Найдите четыре рунические статуи.,Encontre as quatro estátuas rúnicas.
Quests,sq4_c1_obj2,The Sacred Name,Священное Имя,O Nome Sagrado
Quests,sq4_c1_obj2_description,Combine the runes into one single rune-stone.,Объедините руны в один рунный камень.,Combine as runas em uma única pedra-runa.
Quests,sq4_c1_obj5_description_info,The Visible Invisible,Видимое Невидимое,O Invisível Visível
Quests,sq5_c1_title,He Is Legend,Он легенда,Ele É Uma Lenda
Quests,sq5_c1_description,"If a jeweler creates a necklace with the teeth of the monsters defeated by Wigmund, its wearer will instill fear in enemies.","Если ювелир создаст ожерелье из зубов монстров, побежденных Вигмундом, его носитель будет вселять страх во врагов.","Se um joalheiro criar um colar com os dentes dos monstros derrotados por Wigmund, seu portador infundirá medo nos inimigos."
Quests,sq5_c1_obj1,Wolf Tooth,Волчий Зуб,Dente de Lobo
Quests,sq5_c1_obj1_description,Take a tooth from a Wolf.,Отнять зуб у Волка.,Tire um dente de um lobo.
Quests,sq5_c1_obj2,Razorboar,Острый кабан,Presa de Javali
Quests,sq5_c1_obj2_description,Take a razor from a boar.,Возьмите бритву у кабана.,Tire uma presa de um javali.
Quests,sq5_c1_obj3,Spider Claw,Коготь паука,Garra de Aranha
Quests,sq5_c1_obj3_description,Take a claw from a spider.,Возьмите коготь у паука.,Tire uma garra de uma aranha.
Quests,sq5_c1_obj4,Goblin Ear,Гоблинское ухо,Orelha de Goblin
Quests,sq5_c1_obj4_description,Take an ear from a goblin.,Отберите ухо у гоблина.,Tire uma orelha de um goblin.
Quests,sq5_c1_obj5,Troll Tooth,Зуб Тролля,Dente de Troll
Quests,sq5_c1_obj5_description,Take a tooth from a troll.,Отнять зуб у тролля.,Tire um dente de um troll.
Quests,sq6_c2_title,The Paladin's Sword,Меч Паладина,A Espada do Paladino
Quests,sq6_c2_description,"Based on an old recipe received from his father, Wundor can create an extraordinary sword used by the legendary Paladin of Weorold.","Опираясь на старинный рецепт, полученный от отца, Вундор может создать необыкновенный меч, которым пользовался легендарный паладин Веорольда.","Com base em uma receita antiga recebida de seu pai, Wundor pode criar uma espada extraordinária usada pelo lendário Paladino de Weorold."
Quests,sq6_c2_obj1,The Water Core,Водяное ядро,O Núcleo de Água
Quests,sq6_c2_obj1_description,Fight the water elemental chief to get his core.,"Сразитесь с главой элементаля воды, чтобы заполучить его ядро.",Lute contra o chefe elemental da água para obter seu núcleo.
Quests,sq6_c2_obj2,The Earth Core,Ядро Земли,O Núcleo de Terra
Quests,sq6_c2_obj2_description,Fight the earth elemental chief to get his core.,"Сразитесь с главой элементаля земли, чтобы заполучить его ядро.",Lute contra o chefe elemental da terra para obter seu núcleo.
Quests,sq6_c2_obj3,Titanium,Титан,Titânio
Quests,sq6_c2_obj3_description,Find a piece of titanium in the Grefa mine.,Найдите кусок титана в шахте Грефа.,Encontre um pedaço de titânio na mina de Grefa.
Quests,sq6_c2_obj4,The Sword of the Paladin,Меч Паладина,A Espada do Paladino
Quests,sq6_c2_obj4_description,Give to Wundor the ingredients necessary for the sword.,"Отдайте Вундору ингредиенты, необходимые для меча.",Dê a Wundor os ingredientes necessários para a espada.
Quests,sq7_c2_title,The Potion,Зелье,A Poção
Quests,sq7_c2_description,Sometimes a goblin can have strange potions. This one has a miraculous potion that doubles his size. Defeat him and take his potions.,"Иногда у гоблина могут быть странные зелья.  У этого есть чудесное зелье, которое увеличивает его размер вдвое.  Победите его и возьмите его зелья.",Às vezes um goblin pode ter poções estranhas. Este tem uma poção milagrosa que dobra seu tamanho. Derrote-o e tome suas poções.
Quests,sq7_c2_obj1,The Giant Goblin,Гигантский Гоблин,O Goblin Gigante
Quests,sq7_c2_obj1_description,Fight the increased goblin.,Сразитесь с увеличившимся гоблином.,Lute contra o goblin aumentado.
Quests,sq8_c2_title,The Lost Tryptich,Потерянный триптих,O Tríptico Perdido
Quests,sq8_c2_description,Wigmund finds a part of a painting that seems to have been stolen from the castle. Two other parts can be found to complete the picture and give it to the mayor of Clwyd.,"Вигмунд находит часть картины, которая, похоже, была украдена из замка.  Можно найти две другие детали, чтобы завершить картину и передать ее мэру Клуида.",Wigmund encontra uma parte de uma pintura que parece ter sido roubada do castelo. Duas outras partes podem ser encontradas para completar o quadro e entregá-lo ao prefeito de Clwyd.
Quests,sq8_obj1,The Paitings,Картины,As Pinturas
Quests,sq8_obj1_description,Find the tryptich pieces.,Найдите кусочки триптиха.,Encontre as peças do tríptico.
Quests,sq8_obj2,The Tryptich,Триптих,O Tríptico
Quests,sq8_obj2_description,Give the tryptich to the mayor. Then he will hang it on the wall of the Great Hall of Clwyd.,Отдайте триптих мэру.  Затем он повесит его на стену Большого зала Клуида.,Dê o tríptico ao prefeito. Ele o pendurarà na parede do Grande Salão de Clwyd.
Quests,sq8_obj2_description_info,Tryptich delivered,Триптих доставлен.,Tríptico entregue
Quests,sq9_c2_title,The Bell,Звонок,O Sino
Quests,sq9_c2_description,The bell is missing from its place. Wigmund will try to find it. Will the people of Clwyd hear again the crystalline sound that calls them to their gatherings?,"Колокол отсутствует на своем месте.  Вигмунд попытается его найти.  Смогут ли жители Клуида снова услышать кристальный звук, призывающий их на собрания?",O sino sumiu do seu lugar. Wigmund tentará encontrá-lo. O povo de Clwyd voltará a ouvir o som cristalino que os chama para seus encontros?
Quests,sq9_obj1,The Empty Place,Пустое место,O Lugar Vazio
Quests,sq9_obj1_description,Ask the old mayor where is the bell.,"Спросите старого мэра, где находится колокол.",Pergunte ao velho prefeito onde está o sino.
Quests,sq9_obj1_description_info,Piece of info retrieved,Часть информации получена.,Informação obtida
Quests,sq9_obj2,The Nest,Гнездо,O Ninho
Quests,sq9_obj2_description,"Find the eagle's nest, retrieve the bell and return it to the Mayor.","Найдите орлиное гнездо, заберите колокол и верните его мэру.","Encontre o ninho da águia, recupere o sino e devolva-o ao Prefeito."
Quests,sq9_obj3,Sound The Bell,Звуки колокола,Tocar o Sino
Quests,sq9_obj3_description,Put the bell in its place.,Поставьте колокольчик на место.,Coloque o sino no seu lugar.
Quests,sq9_obj3_description_info,Sound The Bell,Звуки колокола,Tocar o Sino
Quests,sq10_c2_title,The Wild Bees,Дикие пчелы,As Abelhas Silvestres
Quests,sq10_c2_description,"On the Southern side of Clwyd, there is a beekeeper named Hyf. If Wigmund catches five swarms of wild bees, Hyf will give him acacia honey.","На южной стороне Клуида живет пчеловод по имени Хиф.  Если Вигмунд поймает пять роев диких пчел, Хиф подарит ему акациевый мед.","No lado sul de Clwyd há um apicultor chamado Hyf. Se Wigmund capturar cinco enxames de abelhas silvestres, Hyf lhe dará mel de acácia."
Quests,sq10_c2_obj2,Five Swarms of Wild Bees,Пять стаев диких пчел,Cinco Enxames de Abelhas Silvestres
Quests,sq10_c2_obj2_description,Catch five swarms of bees and put them into the empty hives.,Поймайте пять роев пчел и поместите их в пустые ульи.,Capture cinco enxames de abelhas e coloque-os nas colmeias vazias.
Quests,sq10_c2_obj2_description_info,Swarms of bees,Стаи пчел,Enxames de abelhas
Quests,sq11_c2_title,The Toy,Игрушка,O Brinquedo
Quests,sq11_c2_description,This toy appears to have been stolen from a child in Clwyd. Maybe I can find out whom it belongs to.,"Эту игрушку, похоже, украли у ребенка в Клуиде.  Возможно, я смогу узнать, кому оно принадлежит.",Este brinquedo parece ter sido roubado de uma criança em Clwyd. Talvez eu possa descobrir a quem pertence.
Quests,sq11_c2_obj1,The Unexpected Gift,Неожиданный подарок,O Presente Inesperado
Quests,sq11_c2_obj1_toybear,Find the child that lost this Teddy.,"Найдите ребенка, потерявшего этого Тедди.",Encontre a criança que perdeu este urso de pelúcia.
Quests,sq11_c2_obj1_toybear_info,Teddy bear given,Мишка Тедди в подарок,Urso de pelúcia devolvido
Quests,sq12_c2_title,The Ghost,Призрак,O Fantasma
Quests,sq12_c2_description,There is a place where a voice can be heard from the middle of a phantomatic contour.,"Есть место, где из середины призрачного контура слышен голос.",Há um lugar onde uma voz pode ser ouvida de dentro de um contorno fantasmagórico.
Quests,sq12_c2_obj1,The Voice,Таинственный голос,A Voz
Quests,sq12_c2_obj1_description,Talk with Galdor's voice to learn his story and how can you help him.,"Поговорите с голосом Галдора, чтобы узнать его историю и то, как вы можете ему помочь.",Fale com a voz de Galdor para conhecer sua história e como você pode ajudá-lo.
Quests,sq12_c2_obj1_description_info,Story heard,История услышана,História ouvida
Quests,sq12_c2_obj2,The Den of Thieves,Логово воров,O Covil dos Ladrões
Quests,sq12_c2_obj2_description,Fight the thieves near the river to find Galdor's items. Destroy them.,"Сразитесь с ворами у реки, чтобы найти вещи Галдора. И уничтожьте их.",Lute contra os ladrões perto do rio para encontrar os pertences de Galdor. Destrua-os.
Quests,sq12_c2_obj2_description_info,Items destroyed,Предметы были уничтожены,Pertences destruídos
Quests,sq12_c2_obj3,The Resting Place,Место отдыха,O Lugar de Descanso
Quests,sq12_c2_obj3_description,Dig a grave and put Galdor's remains in it.,Выкопайте могилу и положите туда останки Галдора.,Cave uma sepultura e coloque os restos de Galdor nela.
Quests,sq12_c2_obj3_description_info,Grave dug,Могила вырыта,Sepultura cavada
Quests,sq13_c2_title,A Strange House,Странный дом,Uma Casa Estranha
Quests,sq13_c2_description,"All the ancients knew that there are haunted houses. Definitively, this is one of those houses. Purify it!","Все древние знали, что существуют дома с привидениями.  Определенно, это один из тех домов.  Очисти же его от зла!","Todos os antigos sabiam que existem casas assombradas. Definitivamente, esta é uma delas. Purifique-a!"
Quests,sq13_c2_obj1,The Abandoned House,Заброшенный дом,A Casa Abandonada
Quests,sq13_c2_obj1_description,Visit the house during the night to find out what's going on there.,"Посетите дом ночью, чтобы узнать, что там происходит.",Visite a casa durante a noite para descobrir o que está acontecendo lá.
Quests,sq13_c2_obj1_description_info,House visited,Дом посещен,Casa visitada
Quests,sq13_c2_obj2,Purify the Place,Освятить место,Purificar o Lugar
Quests,sq13_c2_obj2_description,Use the holy water to purify the place.,"Используйте святую воду, чтобы очистить это место.",Use a água benta para purificar o lugar.
Quests,sq13_c2_obj2_description_info,House purified,Дом очищен,Casa purificada
Quests,sq14_c2_title,The Telescope,Телескоп,O Telescópio
Quests,sq14_c2_description,"A passionate astronomer needs some rare ""ingredients"" to create a telescope. The abrasive powder can be found on the shore of a remote Northwestern lake. A piece of crystal for the objective lens can be found near the Eastern mountains.","Увлечённому астроному нужны редкие ""ингредиенты"", чтобы создать телескоп. Абразивный порошок можно найти на берегу недалеко от северо-западного озера. Куски кристалла необходимые для обьектива линзы можно найти недалеко от Восточных гор.","Um astrônomo apaixonado precisa de alguns ""ingredientes"" raros para criar um telescópio. O pó abrasivo pode ser encontrado na margem de um lago remoto ao noroeste. Um pedaço de cristal para a lente objetiva pode ser encontrado perto das montanhas a leste."
Quests,sq14_c2_obj1,The Sky Crystal,Небесный Кристалл,O Cristal do Céu
Quests,sq14_c2_obj1_description,Find a piece of crystal.,Найдите кусок кристалла.,Encontre um pedaço de cristal.
Quests,sq14_c2_obj2,The Abrasive Powder,Абразивный порошок,O Pó Abrasivo
Quests,sq14_c2_obj2_description,Find some abrasive powder.,Найдите абразивный порошок.,Encontre um pouco de pó abrasivo.
Quests,sq14_c2_obj3,Back to the Observatory,Вернитесь в обсерваторию,De Volta ao Observatório
Quests,sq14_c2_obj3_description,"Give the ingredients to the astronomer, near the observatory tower.",Отдайте ингредиенты астроному возле башни обсерватории.,"Dê os ingredientes ao astrônomo, perto da torre do observatório."
Quests,sq14_c2_obj3_description_info,Ingredients handed,Ингредиенты переданы,Ingredientes entregues
Quests,sq15_c2_title,The Golden Apple,Золотое яблоко,A Maçã de Ouro
Quests,sq15_c2_description,No one was ever able to get a golden apple from the only mystical tree which exists in the region. But an old legend says that one day a Templar knight will do this.,"Никому и никогда не удавалось добыть золотое яблоко с единственного мистического дерева, существующего в этом регионе.  Но старая легенда гласит, что однажды это сделает рыцарь-тамплиер.",Ninguém jamais conseguiu pegar uma maçã de ouro da única árvore mística que existe na região. Mas uma velha lenda diz que um dia um cavaleiro templário conseguirá.
Quests,sq15_c2_obj1,The Spiky Necklace,Колючее ожерелье,O Colar com Espinhos
Quests,sq15_c2_obj1_description,Ask the jeweler to design a spiky necklace that will help Wigmund to defy sleep.,"Попросите ювелира создать остроконечное ожерелье, которое поможет Вигмунду бросить вызов сну.",Peça ao joalheiro que crie um colar com espinhos para ajudar Wigmund a resistir ao sono.
Quests,sq15_c2_obj1_description_info,Spiky Necklace,Колючее ожерелье,Colar com Espinhos
Quests,sq15_c2_obj2,The Thieves,Воры,Os Ladrões
Quests,sq15_c2_obj2_description,Protect the mystical tree named Milscapuldor during the night and return to Eag with the Golden Apple.,Защитите мистическое дерево по имени Милскапулдор ночью и вернитесь к Иг с Золотым Яблоком.,Proteja a árvore mística chamada Milscapuldor durante a noite e retorne a Eag com a Maçã de Ouro.
Quests,sq15_c2_obj2_description_info,Golden Apple,Золотое яблоко,Maçã de Ouro
Quests,sq15_c2_obj3,Return to Eag,Вернуться к Иг,Retornar a Eag
Quests,sq15_c2_obj3_description,Give the Golden Apple to Eag as a proof of your deed.,Дайте съесть Золотое Яблоко в качестве доказательства вашего поступка.,Dê a Maçã de Ouro a Eag como prova de seu feito.
Quests,sq15_c2_obj3_description_info,Golden Apple returned,Золотое яблоко возвращено,Maçã de Ouro devolvida
Quests,sq16_c2_title,The Beauty and the Beast,Красавица и чудовище,A Bela e a Fera
Quests,sq16_c2_description,"There is a place where a wanderer lycanthrope can be met during the night. A young lady from Clwyd named Heorthe has a potion which can be used to break the binding spell cast on Gaed, her fiancé.","Есть место, где ночью можно встретить странника-ликантропа.  У молодой леди из Клуида по имени Хеорт есть зелье, с помощью которого можно снять связывающее заклинание, наложенное на Гаеда, ее жениха.","Há um lugar onde um lobisomem errante pode ser encontrado durante a noite. Uma jovem de Clwyd chamada Heorthe tem uma poção que pode desfazer o feitiço de ligação lançado sobre Gaed, seu noivo."
Quests,sq16_c2_obj1,The Potion,Зелье,A Poção
Quests,sq16_c2_obj1_description,Get the potion from Heorthe.,Получите зелье у Хеорт.,Pegue a poção com Heorthe.
Quests,sq16_c2_obj1_description_info,Love Potion 0/1,Любовное зелье 0/1,Poção do Amor 0/1
Quests,sq16_c2_obj2,The Lycanthrope,Ликантроп,O Lobisomem
Quests,sq16_c2_obj2_description,Break the spell by using the potion of love.,"Снимите чары, используя любовное зелье.",Quebre o feitiço usando a poção do amor.
Quests,sq16_c2_obj2_description_info,Spell broken,Заклятие спало.,Feitiço quebrado
Quests,sq17_c2_title,An Ancient Armor,Древняя броня,Uma Armadura Antiga
Quests,sq17_c2_description,Archaeological exploration offers surprises. One of them consists in uncovering pieces of armor. A skilled blacksmith will know what to do with them.,"Археологические исследования преподносят сюрпризы.  Один из них заключается в раскрытии частей брони.  Опытный кузнец знает, что с ними делать.",A exploração arqueológica oferece surpresas. Uma delas consiste em descobrir peças de armadura. Um ferreiro habilidoso saberá o que fazer com elas.
Quests,sq17_c2_obj1,The Armor Pieces,Части брони,As Peças da Armadura
Quests,sq17_c2_obj1_description,Collect all the missing pieces of the armor.,Соберите все недостающие части брони.,Colete todas as peças faltantes da armadura.
Quests,sq18_c3_title,The Prisoner,Заключенный,O Prisioneiro
Quests,sq18_c3_description,"Surprisingly, the goblins keep a dwarf alive in one of their cells. Why?","Удивительно, но гоблины держат гнома живым в одной из своих камер.  Почему?","Surpreendentemente, os goblins mantêm um anão vivo em uma de suas celas. Por quê?"
Quests,sq18_c3_obj1,Free the Dwarf,Освободите гнома,Libertar o Anão
Quests,sq18_c3_obj1_description,Feorgear is the storekeeper of the castle. He can provide you the best supplies. Free him.,Феоргир — кладовщик замка.  Он может предоставить вам лучшие материалы.  Освободите его.,Feorgear é o almoxarife do castelo. Ele pode fornecer os melhores suprimentos. Liberte-o.
Quests,sq18_c2_obj1_description_info,Dwarf freed,Гном освобожден,Anão libertado
Dialogues,c1_narr1,"As during a solar eclipse, in crepuscular times, no one can see the light of a safe and happy life. This was true even for Wigmund, a solitary young man who lived far from the cities and fortresses ruled by the tyrant Antiochus and his merciless troops. More than ever, on that summer day of the year 723 from the last Age of Man, a mysterious feeling hovered over Wigmund’s soul like an invisible cloud: something unexpected would happen soon. He could not tell what, he could not tell why, he could not tell when. But all these questions with uncertain answers did not manage to alter the certainty of the forthcoming, unknown event. The signs were clear...","Как и во время затмения, во времена сумрака никому не увидеть свет безопасности и счастья в жизни. Так это было и для Вигмунда, одинокого молодого человека, живущего вдали от городов и крепостей, которыми издревле правил тиран Антиох и его безжалостное воинство. В летний день 723 года от рождества Христова, как никогда прежде душу Вигмунда, словно туман, окутало таинственное предчувствие: скоро произойдет что-то неизвестное. Что именно, он сказать не мог, как и почему, и когда это произойдет. Но вопросы эти, не смогли поколебать уверенности в том что, что-то, произойдет. Знаки были слишком очевидны...","Como durante um eclipse solar, em tempos crepusculares, ninguém consegue enxergar a luz de uma vida segura e feliz. Isso era verdade até para Wigmund, um jovem solitário que vivia longe das cidades e fortalezas governadas pelo tirano Antiochus e suas tropas impiedosas. Mais do que nunca, naquele dia de verão do ano 723 da última Era dos Homens, um sentimento misterioso pairava sobre a alma de Wigmund como uma nuvem invisível: algo inesperado aconteceria em breve. Ele não sabia o quê, não sabia por quê, não sabia quando. Mas todas essas perguntas sem respostas certas não conseguiam abalar a certeza do evento vindouro e desconhecido. Os sinais eram claros..."
Dialogues,c1_q1_visitors_wgm,What a wonderful day! Very good for increasing my fish supplies. But what’s that noise? It doesn't sound pleasant or friendly. What’s going on there?,"Какой прекрасный день! Такой отличный для небольшой рыбалки. Хм, а это что еще за странный шум? Звучит опасно, как бы не случилось чего. Да что, же там происходит?",Que dia maravilhoso! Muito bom para reabastecer meus estoques de peixe. Mas o que é esse barulho? Não parece nada agradável ou amigável. O que está acontecendo?
Dialogues,c1_q1_weapons_wgm,"I have to find the den of the wild boars. But who knows how many beasts are there?! It could be dangerous to fight them without a good weapon. I remember what Raedan told me about the old house across the river: “One day you will need some weapons. When that time comes, check the basement of the burned house.” I still have at home the basement key he gave me.","Нужно найти логово кабанов. Но кто знает, сколько там еще зверей?! Сражаться с ними без хорошего оружия может быть опасно. Я помню, Рэйдан мне рассказывал о старом доме за рекой: Однажды тебе понадобится оружие. И когда этот момент настанет, проверь подвал сгоревшего дома. Ключ от подвала, который он мне дал, до сих пор хранится у меня дома.","Tenho que encontrar a toca dos javalis. Mas quem sabe quantas bestas há lá?! Pode ser perigoso lutar contra elas sem uma boa arma. Me lembro do que Raedan me disse sobre a velha casa do outro lado do rio: ""Um dia você vai precisar de armas. Quando chegar essa hora, verifique o porão da casa queimada."" Ainda tenho em casa a chave do porão que ele me deu."
Dialogues,c1_q1_weapons_narr1,And so Wigmund’s desire for a lonely and peaceful life has been disturbed by these unruly intruders. But this was just the beginning…,И поэтому стремление Вигмунда к одинокой и мирной жизни было нарушено этими незваными гостями. Но и это было только лишь начало...,E assim o desejo de Wigmund por uma vida solitária e pacífica foi perturbado por esses intrusos indisciplinados. Mas isso era apenas o começo…
Dialogues,c1_q2_key_wgm,It was such a beautiful house... only the basement is almost untouched. Let's see what weapons are there.,"Это был такой красивый дом... только подвал почти не тронут. Ну посмотрим, какое же там припрятано оружие.",Era uma casa tão bonita... só o porão ficou quase intacto. Vamos ver que armas tem aí.
Dialogues,c1_q2_den_wgm,It’s time to pay a visit to the wild boars.,Пришло время навестить кабанов.,É hora de fazer uma visita aos javalis selvagens.
Dialogues,c1_q2_boar_wgm,"Hopefully, no wild boar will devastate my crops again. But what's this persistent feeling? I am so worried... Maybe there are still intruders around my house. I have to hurry to check!","Надеюсь, больше ни один кабан не потопчет мой урожай. Но что это за странное непроходящее чувство? Я чувствую... что, возможно, возле моего дома есть еще гости. Мне нужно поспешить и всё проверить!",Tomara que nenhum javali selvagem devaste minha plantação de novo. Mas o que é essa sensação persistente? Estou tão preocupado... Talvez ainda haja intrusos por perto. Tenho que ir verificar logo!
Dialogues,c1_q3_unrest_wgm1,"Stains of blood? Near the remains of a dead sheep? Indeed, the world turned upside down. At least two things are certain: that the attackers are carnivorous - probably wolves - and that my days of peace are over.","Пятна крови?  Рядом с останками мертвой овцы? Вот уж действительно, мир перевернулся. Ну по крайней мере, две вещи я могу сказать наверняка: нападавшие — плотоядные, вероятно, волки, и что дни моей мирной жизни, прошли.","Manchas de sangue? Perto dos restos de uma ovelha morta? Realmente, o mundo virou de cabeça para baixo. Pelo menos duas coisas são certas: que os atacantes são carnívoros — provavelmente lobos — e que meus dias de paz acabaram."
Dialogues,c1_q3_unrest_wgm2,Interesting. A dead goblin. I've never seen one in Lonely Valley. I would like to learn how such an infamous creature has got here. Another unanswered question to think about. But now I have to get back home.,"Интересно. Мертвый гоблин. Никогда не видел их в Одинокой Долине. Хотелось бы узнать, как сюда пролезло такое гнусное существо. Еще один вопрос который остается без ответа, над которым мне предстоит задуматься. Однако, сейчас мне нужно вернуться домой.",Interessante. Um goblin morto. Nunca vi um no Vale Solitário. Gostaria de saber como uma criatura tão infame chegou até aqui. Mais uma pergunta sem resposta para pensar. Mas agora preciso voltar para casa.
Dialogues,c1_q3_unrest_narr1,"A deep metamorphosis has happened to Wigmund. The peaceful inhabitant of the Lonely Valley is increasingly turning into a young man eager to fight. The memory of the death of his mother - but also of his father, whose face he no longer remembers – is continually increasing his unrest.","С Вигмундом произошла глубокая метаморфоза. Мирный житель Одинокой долины все больше превращается в жаждущего битвы юношу.  Воспоминания о смерти его матери, и отца, лица которого он больше не помнит, постоянно усиливали его беспокойство.","Uma profunda metamorfose aconteceu com Wigmund. O habitante pacífico do Vale Solitário vai se tornando cada vez mais um jovem ansioso para lutar. A memória da morte de sua mãe — mas também de seu pai, cujo rosto ele já não se lembra — aumenta continuamente sua inquietação."
Dialogues,c1_q4_farewell_raed1,"Salve, Wigmund!","Сальве, Вигмунд!","Salve, Wigmund!"
Dialogues,c1_q4_farewell_wgm1,"Raedan! What a surprise! Salve! This is no chance meeting, is it? Strange things are happening here.","Рэйдан! Какой сюрприз! Сальве! Это же не случайная встреча, правда? Здесь происходят такие странные вещи.","Raedan! Que surpresa! Salve! Isso não é um encontro por acaso, é? Coisas estranhas estão acontecendo aqui."
Dialogues,c1_q4_farewell_raed2,What are you talking about?,О чем ты говоришь?,Do que você está falando?
Dialogues,c1_q4_farewell_wgm2,"Maybe I am wrong. But it seems that both wild animals and certain creatures of darkness have multiplied beyond measure. I've just cleared the Southeastern corner of some giant spiders. Imagine: such beasts on my land! And as if that weren't enough, I found a dead goblin in their nest.","Возможно, я ошибаюсь, но, похоже, и дикие звери, и некие порождения тьмы размножились сверх всякой меры. Я только что очистил юго-восточный угол области от гигантских пауков. Только представь себе: такие звери на моей земле! И как будто этого было мало, я еще нашел в их гнезде мертвого гоблина.","Talvez eu esteja errado. Mas parece que tanto os animais selvagens quanto certas criaturas das trevas se multiplicaram além da conta. Acabei de limpar o canto sudeste de algumas aranhas gigantes. Imagina: essas bestas na minha terra! E como se não bastasse, encontrei um goblin morto no ninho delas."
Dialogues,c1_q4_farewell_raed3,"Spiders you say? Giant spiders? And a dead goblin? You are right, Wigmund. These are not accidents. These are signs. That's why I am here.","Пауки, говоришь? Гигантские пауки, И мертвый гоблин? А ты прав, Вигмунд, это не случайность. Это знаки, это то, почему я здесь.","Aranhas você disse? Aranhas gigantes? E um goblin morto? Você está certo, Wigmund. Não são acidentes. São sinais. É por isso que estou aqui."
Dialogues,c1_q4_farewell_wgm3,Now it's my turn to ask: what are you talking about? What signs?,Теперь моя очередь спросить: о чем ты говоришь?  Какие знаки?,Agora é minha vez de perguntar: do que você está falando? Que sinais?
Dialogues,c1_q4_farewell_raed4,"After Aefestra's death I've told you that no place on this earth is safe. Not even the Lonely Valley. You’ve got the proof, Wigmund. Now you must come to Clwyd. There is no other choice. The enemy is looking for you.","После смерти Эфестры я сказал, что ни одно место на этой земле более не является безопасным. Даже в Одинокой долине. И вот доказательства этого, Вигмунд. Теперь ты должен направляться в Клуид. Другого выбора нет, враг ищет тебя.","Depois da morte de Aefestra eu lhe disse que nenhum lugar nesta terra é seguro. Nem mesmo o Vale Solitário. Você tem a prova, Wigmund. Agora você deve vir a Clwyd. Não há outra escolha. O inimigo está te procurando."
Dialogues,c1_q4_farewell_wgm4,Antiochus? The tyrant? Why is he looking for me? And how come he knows me? We've never met.,"Не уж то, Антиох, сам Тиран? Так, почему он ищет именно меня? И откуда он меня знает?  Мы же никогда с ним не встречались.",Antiochus? O tirano? Por que ele está me procurando? E como ele me conhece? Nunca nos encontramos.
Dialogues,c1_q4_farewell_raed5,"This is a long story. I don't have time to tell you now. And you probably wouldn't believe me. That's why, first, you will have to meet someone.","Это слишком долгая история. Сейчас у меня нет времени, чтобы поведать её. Да и ты, вероятно, мне не поверишь. И вот почему сначала тебе придется кое с кем познакомиться.","É uma longa história. Não tenho tempo para contar agora. E provavelmente você não acreditaria em mim. Por isso, primeiro, você terá que encontrar alguém."
Dialogues,c1_q4_farewell_wgm5,Someone? And who would be that “someone”?,Кое с кем? И кем будет этот 'кое кто'?,"Alguém? E quem seria esse ""alguém""?"
Dialogues,c1_q4_farewell_raed6,"Don't rush. You will see with your own eyes. Come to Clwyd, Wigmund!","Не спеши так. Ты увидишь всё своими глазами. Направляйся в Клуид, Вигмунд!","Não se apresse. Você verá com seus próprios olhos. Venha a Clwyd, Wigmund!"
Dialogues,c1_q4_farewell_narr1,"Raedan's gaze was as bright as the blade of a sharp sword. Indeed, Wigmund has no choice. And he fully understands this. ","Взгляд Рейдана был столь же ярким, как лезвие острого меча. И самом деле, у Вигмунда не было выбора, и он прекрасно об этом знал. ","O olhar de Raedan era tão brilhante quanto a lâmina de uma espada afiada. De fato, Wigmund não tem escolha. E ele entende isso completamente."
Dialogues,c1_q4_farewell_wgm6,I cannot come without visiting my mother's tomb one last time.,"Я не могу уйти, не посетив в последний раз могилу матери.",Não posso ir sem visitar o túmulo da minha mãe uma última vez.
Dialogues,c1_q4_farewell_raed7,"Very well. But after that, take your weapons and come. Do not hesitate! Every hour is precious. You ought to fulfill your destiny. The Lions of Templar must fight again!",Так и быть. Но после этого бери свое оружие и приходи. Не робей! Каждый твой час бесценен. Ты должен исполнить своё предназначение. Львы из Тамплиеров должны снова сразиться!,"Muito bem. Mas depois disso, pegue suas armas e venha. Não hesite! Cada hora é preciosa. Você deve cumprir seu destino. Os Leões dos Templários devem lutar novamente!"
Dialogues,c1_q4_farewell_wgm7,The Lions of Templar? Who are they?,Львы из Тамплиеров? Это кто?,Os Leões dos Templários? Quem são eles?
Dialogues,c1_q4_farewell_raed8,No time for questions. Go! And don't be late. See you in Clwyd!,"У нас нет времени на вопросы. Иди! И не опаздывай, мы еще увидимся в Клуиде!",Não há tempo para perguntas. Vá! E não se atrase. Até Clwyd!
Dialogues,c1_q4_farewell_narr2,"Without another word, Raedan disappeared faster than a breeze of the spring wind. When he realized that a deep silence had settled over the Lonely Valley, Wigmund felt a lump in his throat. He did not understand why he had to leave his peaceful life for an uncertain future. Suddenly he realized how lonely he was and that he couldn't live like that indefinitely. Only the bright remembrance of his mother, Aefestra, banished all disturbing thoughts and unanswered questions.","Не сказав больше ни слова, Рейдан исчез быстрее, чем дуновение весеннего ветра. И вот, когда, над Одинокой долиной воцарилась глубокая тишина, Вигмунд почувствовал комок в горле.  Он не понимал, почему ему придется оставить свою мирную жизнь ради неопределенного будущего. Внезапно он осознал, насколько он одинок и что не может жить так бесконечно. Лишь светлые воспоминания о его матери Эфестре прогнали все тревожные мысли и вопросы, оставшиеся без ответа.","Sem mais uma palavra, Raedan desapareceu mais rápido que uma brisa de vento primaveril. Quando percebeu que um silêncio profundo havia se instalado no Vale Solitário, Wigmund sentiu um nó na garganta. Ele não entendia por que tinha que deixar sua vida pacífica por um futuro incerto. De repente, percebeu como estava sozinho e que não podia viver assim indefinidamente. Apenas a lembrança luminosa de sua mãe, Aefestra, afastava todos os pensamentos perturbadores e as perguntas sem resposta."
Dialogues,c1_q4_tomb_narr1,"""Thou know’st ’tis common.
All that lives must die,
Passing through nature to eternity.""
(William Shakespeare, Hamlet, Act 1, Scene II)","""Ты знаешь, так и должно быть. 
Всё живое умрет, 
Слившись с вечностью. ""
(Уильям Шекспир, Гамлет, Акт 1, сцена II)","""Sabes que é comum.
Tudo que vive deve morrer,
Passando pela natureza à eternidade.""
(William Shakespeare, Hamlet, Ato 1, Cena II)"
Dialogues,c1_q4_tomb_wgm1,"Goodbye, mother! I have to go to Clwyd. But one day I'll be back. Please, wherever you are, pray for me. Farewell!","До свидания, мама! Мне нужно выдвигаться в Клуид, но однажды я вернусь. Прошу, где бы ты не находилась, помолись за меня. Прощай!","Adeus, mãe! Tenho que ir a Clwyd. Mas um dia voltarei. Por favor, onde quer que você esteja, reze por mim. Até logo!"
Dialogues,c2_q1_dangerous_raed1,Wigmund! Finally!,Вигмунд! Наконец-то!,Wigmund! Finalmente!
Dialogues,c2_q1_dangerous_wgm1,I promised to come to Clwyd.,Я же обещал появиться в Клуиде.,Prometi que viria a Clwyd.
Dialogues,c2_q1_dangerous_raed2,"And you have kept your word. Unfortunately, these are dark times. What you’ve noticed in your place is much more palpable here.","И ты сдержал своё слово. К сожалению, сейчас настали тёмные времена. То, что вы увидел у себя, лишь песчинка, от всей проблемы, как например...","E cumpriu sua palavra. Infelizmente, são tempos sombrios. O que você notou no seu lugar é muito mais palpável aqui."
Dialogues,c2_q1_dangerous_wgm2,Like...?,Как что...?,Como assim…?
Dialogues,c2_q1_dangerous_raed3,"Like the invasion of those evil beasts. I know that you would prefer that all these attacks of the enemies be but a mere coincidence. No, Wigmund, they are not accidents.","Как вторжение этих злых зверей. Знаю, что ты бы предпочел, чтобы все эти нападения врагов были простым совпадением. Но нет, Вигмунд, это вовсе не совпадения.","Como a invasão dessas bestas malignas. Sei que preferiria que todos esses ataques dos inimigos fossem mera coincidência. Não, Wigmund, não são acidentes."
Dialogues,c2_q1_dangerous_wgm3,"I am not happy to agree, but the evidence seems to confirm that.","Я так не рад с этим согласиться, но факты, кажется, лишь это подтверждают.","Não fico feliz em concordar, mas as evidências parecem confirmar isso."
Dialogues,c2_q1_dangerous_raed4,"You still don’t fully understand the amplitude of the events. So I will describe the current situation, in short, to make everything crystal clear: all these are parts – or episodes, if you wish - of the final assault of the evil king, Antiochus. He wants to destroy any human being who does not accept his will and deeds.","Ты до сих пор не до конца понимаешь масштаб событий.  Итак, я опишу текущую ситуацию вкратце, чтобы всё было кристально ясно: все это части – или, если хочешь, эпизоды – финального нападения злого царя Антиоха. Он хочет изничтожить любое проявление неповиновения, всех тех не принимает его волю и его творения.","Você ainda não entende completamente a amplitude dos eventos. Então descreverei a situação atual, em poucas palavras, para deixar tudo bem claro: tudo isso são partes — ou episódios, se preferir — do ataque final do rei maligno, Antiochus. Ele quer destruir todo ser humano que não aceita sua vontade e seus atos."
Dialogues,c2_q1_dangerous_wgm4,What connection can be between the tyrant and these beasts?,Какая же связь может быть между тираном и этими зверями?,Que ligação pode haver entre o tirano e essas bestas?
Dialogues,c2_q1_dangerous_raed5,"Antiochus has a lot of acolytes. Some of them are capable to control these ferocious beasts. What happened in the Lonely Valley is happening here, too. A gigantic bear has attacked our hives. They usually took some honey and left. But this one destroyed more than half from all our hives. It’s as if a sort of chaotic, destructive instinct has been awakened in that bear. As in other beasts, too.","У Антиоха много помощников. И некоторые из них способны контролировать этих свирепых зверей. И то, что произошло в Одинокой Долине, происходит и здесь. Гигантский медведь напал на наши ульи. Обычно они брали немного меда и уходили. Но этот, уничтожил больше половины всех наших ульев. В этом медведе словно пробудился какой-то хаотический, разрушительный инстинкт. Как и у всех других зверей.",Antiochus tem muitos acólitos. Alguns deles são capazes de controlar essas bestas ferozes. O que aconteceu no Vale Solitário também está acontecendo aqui. Um urso gigantesco atacou nossas colmeias. Normalmente pegavam um pouco de mel e iam embora. Mas este destruiu mais da metade de todas as nossas colmeias. É como se uma espécie de instinto caótico e destrutivo tivesse sido despertado naquele urso. Assim como em outras bestas também.
Dialogues,c2_q1_dangerous_narr1,"After being initially marked by the concern regarding what Raedan was telling him, now Wigmund’s figure looks unexpectedly calm.","Если поначалу в нём теплилось лишь беспокойство из-за слов Рейдана, то теперь Вигмунд выглядел неожиданно спокойным.","Após inicialmente demonstrar preocupação com o que Raedan lhe dizia, agora a figura de Wigmund parece inesperadamente calma."
Dialogues,c2_q1_dangerous_wgm5,I am ready.,Я готов.,Estou pronto.
Dialogues,c2_q1_dangerous_raed6,"That’s certain. Otherwise, you wouldn’t be here. The cave - named “Fur den” - is near the Southwestern forest. It is a fairly deep cavern. There is an old and extremely dangerous bear living in it. It is not very agile, but a single blow from him can be fatal. Most likely, there are many other beasts there. And, probably, some valuable items stolen by them. By the way, if you need any supplies, you can visit Oip, our merchant. And if you need any storage use the stash in the great hall, in case you did not already.","Это уж точно, иначе тебя бы здесь и не было. Пещера под названием Меховое логово находится недалеко от юго-западного леса. Это довольно глубокая пещера. В нем живет старый и крайне опасный медведь. Он не очень ловок, но один его удар может оказаться смертельным. Скорее всего, там также обитает и много других зверей. И, возможно, какие-то ценные вещи, украденные ими. Кстати, если тебе понадобятся какие-либо припасы, ты можешь обратиться к нашему торговцу Оипу.  А если тебе понадобится какое-нибудь хранилище, воспользуйся тайником в большом зале, если ты ещё этого не сделал.","Isso é certo. Caso contrário, não estaria aqui. A caverna — chamada de ""Toca do Pelo"" — fica perto da floresta sudoeste. É uma caverna bem funda. Há um urso velho e extremamente perigoso vivendo lá. Não é muito ágil, mas um único golpe seu pode ser fatal. Provavelmente há muitas outras bestas lá. E, talvez, alguns itens valiosos roubados por elas. A propósito, se precisar de suprimentos, pode visitar Oip, nosso mercador. E se precisar de armazenamento, use o baú no grande salão, caso ainda não tenha feito isso."
Dialogues,c2_q1_dangerous_wgm6,"My days of peace are gone. That is certain. Anyway, you still owe me an explanation.","Мои спокойные дни прошли. Это уж точно. Ну в любом случае, ты все ещё должен мне кое-что объяснить.","Meus dias de paz se foram. Isso é certo. De qualquer forma, você ainda me deve uma explicação."
Dialogues,c2_q1_dangerous_raed7,I know. Be sure that you will find out everything in due course.,"Я это знаю. И будьте уверен, что со временем ты всё узнаешь.",Sei. Pode ter certeza de que descobrirá tudo no momento certo.
Dialogues,c2_q1_dangerous_narr2,"After looking at him intensely, straight in his eyes, Wigmund left without adding anything else. Without realizing it, he had already begun to follow the thin line that his unique destiny began to draw. Deep in thought, Raedan murmured almost inaudible but very clear, as if to himself: ""The lions of Templar."" But there was no one who could hear him.","Пристально посмотрев ему прямо в глаза, Вигмунд ушел, не добавив ни слова. Сам того не осознавая, он уже начал идти по той тонкой линии, которую начала проводить его уникальная судьба. Глубоко задумавшись, Рейдан пробормотал почти неслышно, но очень ясно, словно про себя: ""Лев из Тамплиеров."" Были и те, кто услышал это.","Após olhá-lo intensamente, direto nos olhos, Wigmund foi embora sem acrescentar mais nada. Sem perceber, já havia começado a seguir o tênue fio que seu destino único começava a traçar. Absorto em pensamentos, Raedan murmurou quase inaudivelmente, mas muito claramente, como que para si mesmo: ""Os leões dos Templários."" Mas não havia ninguém que pudesse ouvi-lo."
Dialogues,c2_q2_unexpected_peon1,"Sir Wigmund! Master Raedan has sent me. The goblins have just been seen near the Western part of the village. Hurry up, please! Your sword is needed there! ","Сэр Вигмунд! Меня прислал мастер Рейдан. Гоблинов только что видели недалеко от западной части деревни. Поторопитесь, пожалуйста! Там очень нужен ваш острый меч!","Senhor Wigmund! O Mestre Raedan me mandou. Os goblins acabaram de ser vistos perto do lado oeste da aldeia. Apressa-te, por favor! Sua espada é necessária lá!"
Dialogues,c2_q2_unexpected_wgm1,Goblins you say? Near the Western side of Clywd? I'm going straight there! ,"Гоблины, говоришь? Рядом с западной стороной Кливда? Уже иду! ",Goblins você disse? Perto do lado oeste de Clwyd? Vou direto lá!
Dialogues,c2_q2_unexpected_raed1,"No time for discussions! The goblins are attacking us, from the Western side of Clywd!",Нет времени на дискуссии! Гоблины нападают на нас с западной стороны Клуида!,"Sem tempo para discussões! Os goblins estão nos atacando, pelo lado oeste de Clwyd!"
Dialogues,c2_q3_villageraid_wgm1,"First, wild boars and wolves, then a mad bear, now goblins. I am not surprised anymore, Raedan. But, undoubtedly, something big is happening!","Сначала кабаны и волки, потом бешеный медведь, теперь гоблины. Больше я ничему не удивляюсь, Рейдан. Но, несомненно, происходит что-то грандиозное!","Primeiro javalis e lobos, depois um urso enlouquecido, agora goblins. Não me surpreendo mais, Raedan. Mas, sem dúvida, algo grande está acontecendo!"
Dialogues,c2_q3_villageraid_raed1,I have already told you: Antiochus is looking for you. His minions are already at war.,Я ведь уже говорил тебе: тебя ищет Антиох. Его приспешники уже сражаются.,Já te disse: Antiochus está te procurando. Seus servos já estão em guerra.
Dialogues,c2_q3_villageraid_wgm2,But how can you know that Antiochus is behind this attack?,"Но откуда ты можешь знать, что за всеми этими нападениями стоит Антиох?",Mas como você pode saber que Antiochus está por trás desse ataque?
Dialogues,c2_q3_villageraid_raed2,"I can’t. Not yet. But everything will become clearer. And that will happen quickly. We do not have time. We must act. First of all, you will go on a very special mission.","Ты прав, я не могу этого знать. Еще не могу. Но вскоре и тебе это станет ясно, и это произойдет быстро. У нас нет времени. Мы должны действовать. Прежде всего, тебе предстоит выполнить особую миссию.","Não posso. Ainda não. Mas tudo ficará mais claro. E isso vai acontecer rapidamente. Não temos tempo. Precisamos agir. Antes de tudo, você irá a uma missão muito especial."
Dialogues,c2_q3_villageraid_wgm3,"Now, that I am sure that my quiet life has vanished like a dream, I am ready to fulfill whatever missions you will give me. I just hope that at the end I will regain my peaceful and solitary life. ","Теперь, когда точно я уверен, что моя тихая жизнь исчезла, как сон, я готов взяться за любую миссию, которую ты мне дашь. Я просто надеюсь, что в конце я вновь обрету свою мирную и уединенную жизнь.","Agora que tenho certeza de que minha vida tranquila se foi como um sonho, estou pronto para cumprir qualquer missão que me der. Só espero que no fim eu consiga recuperar minha vida pacífica e solitária."
Dialogues,c2_q3_villageraid_raed3,"Or maybe a cruel, violent, but heroic death. Like many of your ancestors.","Это может быть, и жестокая, кровожадная, но героическая смерть. Как у многих твоих предков.","Ou talvez uma morte cruel, violenta, mas heróica. Como muitos de seus ancestrais."
Dialogues,c2_q3_villageraid_wgm4,My ancestors?,У моих предков?,Meus ancestrais?
Dialogues,c2_q3_villageraid_raed4,"Yes, your ancestors. Great warriors were they…","Да, у твоих предков. Они были такими великими воинами, они…","Sim, seus ancestrais. Grandes guerreiros eram eles…"
Dialogues,c2_q3_villageraid_wgm5,Great warriors? My ancestors? My mother never told me anything about them.,"Мои предки, великие воины? Моя мать никогда ничего мне о них не рассказывала.",Grandes guerreiros? Meus ancestrais? Minha mãe nunca me contou nada sobre eles.
Dialogues,c2_q3_villageraid_raed5,"I won't tell you now, either.",Я и сейчас тебе ничего не скажу.,Nem eu te contarei agora.
Dialogues,c2_q3_villageraid_wgm6,I know: I will find everything out in due course. I’ve learned this lesson. What do I have to do?,"Я знаю: я всё узнаю со временем. Я уже усвоил этот урок. Так, что мне нужно сделать?",Sei: descobrirei tudo no momento certo. Aprendi essa lição. O que preciso fazer?
Dialogues,c2_q3_villageraid_raed6,You have to catch a hedgehog.,Тебе предстоит поймать ёжика.,Você precisa capturar um ouriço.
Dialogues,c2_q3_villageraid_wgm7,"What? Am I no longer a warrior but a hedgehog hunter? What sort of game is this, Raedan?","Чего-чего? Так, я уже не воин, а охотник на ежей? Это, что еще за игра такая, Рэйдан?","O quê? Não sou mais guerreiro, mas caçador de ouriços? Que tipo de jogo é esse, Raedan?"
Dialogues,c2_q3_villageraid_raed7,"Believe me: nothing is more serious than this. You need a hedgehog to find the grass of the beasts. That’s something really precious. Only a hedgehog mother can help you find the grass of the beasts. That’s because when one of the little hedgehogs is caught in a cage his mother knows where to find this herb, Milkweed, which can open any lock that has a spell on it. The grass of the beasts will be put in a medallion; then it can be used. And that will be helpful in your most crucial mission.","Поверь: в этом нет ничего смешного. Тебе нужен ёжик, чтобы найти зверь-траву. Это что-то необыкновенное. И только мама-ёжик сможет помочь найти зверь-траву. И это потому, что когда один из маленьких ежиков попадает в клетку, его мать знает, где найти эту траву, её название - молочай, она может открыть любой замок, на котором есть заклинание. Я помещу зверь-траву в медальон, и будет очень кстати в твоей самой важной миссии.","Acredite: nada é mais sério que isso. Você precisa de um ouriço para encontrar a erva das feras. É algo realmente precioso. Só uma mãe ouriço pode ajudá-lo a encontrar a erva das feras. Isso porque quando um dos filhotinhos é capturado numa gaiola, a mãe sabe onde encontrar essa erva, a Erva-Leiteira, que pode abrir qualquer fechadura com feitiço. A erva das feras será colocada num medalhão; depois pode ser usada. E isso será útil em sua missão mais crucial."
Dialogues,c2_q3_villageraid_wgm8,Very well. What do I have to do? ,"Ну ладно, хорошо. И что же мне делать?",Muito bem. O que devo fazer?
Dialogues,c2_q3_villageraid_raed8,"Find Cyld and talk to him. That little boy knows everything about hedgehogs. He will tell you what to do. But before that, visit Cyneric, our blacksmith. He is waiting for you.","Найди Сайлда и поговори с ним. Этот маленький мальчик знает всё о ежах. Он расскажет тебе, что делать. Но перед этим посети Цинерика, нашего кузнеца. Он уже ждет тебя.","Encontre Cyld e fale com ele. Aquele garoto sabe tudo sobre ouriços. Ele vai lhe dizer o que fazer. Mas antes disso, visite Cyneric, nosso ferreiro. Ele está esperando por você."
Dialogues,c2_q3_villageraid_wgm9,I will try to do my best.,Постараюсь сделать всё возможное.,Vou tentar fazer o melhor.
Dialogues,c2_q3_villageraid_raed9,I’m sure you will try.,"О, более чем уверен, что это так.",Tenho certeza de que vai tentar.
Dialogues,c2_q3_cyn_wgm1,Salve! Are you Cyneric? My name is Wigmund. Raedan has sent me here.,Сальве! Ты Цинерик? Меня зовут Вигмунд. Рэйдан послал меня к тебе.,Salve! Você é Cyneric? Meu nome é Wigmund. Raedan me mandou aqui.
Dialogues,c2_q3_cyn_cyn1,Master Wigmund! It is a great honor to meet you.,Мастер Вигмунд! Для меня большая честь познакомиться с вами.,Mestre Wigmund! É uma grande honra conhecê-lo.
Dialogues,c2_q3_cyn_wgm2,Honor? I am a simple man as you. I have not proved in any way that I deserve such an honor.,"Честь? Я лишь простой человек, как и ты. Я ничем не доказал, что заслуживаю такой чести.",Honra? Sou um homem simples como você. Não provei de forma alguma que mereço tal honra.
Dialogues,c2_q3_cyn_cyn2,"Master, excuse me for being so talkative. You do not meet everyday one of the Lions of Templar. But I understand your philosophy: deeds, not words. Here it is something more concrete.","Мастер, извините меня за такую болтливость.  Не каждый день, можно встретить одного из Львов Тамплиеров. Но я понимаю вашу философию: важны дела, а не слова. Вот, у меня кое-что есть.","Mestre, me perdoe por ser tão falador. Não é todo dia que se encontra um dos Leões dos Templários. Mas entendo sua filosofia: feitos, não palavras. Aqui está algo mais concreto."
Dialogues,c2_q3_cyn_wgm3,What is this? A small cage? I see...this would be used to catch the hedgehog. I still can hardly believe that this mission is real.,"Что это?  Маленькая клетка? Понятно... этим можно было бы поймать ежа. Мне до сих пор с трудом верится, что эта миссия реальна.",O que é isso? Uma gaiola pequena? Entendo... seria usada para capturar o ouriço. Ainda tenho dificuldade em acreditar que essa missão é real.
Dialogues,c2_q3_cyn_cyn3,I do not know about your mission. But what is sure is that the wise master Raedan has asked me to create this cage for you. Here it is! You can take it.,"Я не знаю о вашей миссии.  Но несомненно то, что мудрый мастер Рэйдан попросил меня создать для тебя эту клетку.  Вот!  Ты можешь взять это.",Não sei nada sobre sua missão. Mas o que é certo é que o sábio mestre Raedan me pediu para criar esta gaiola para você. Aqui está! Pode levá-la.
Dialogues,c2_q3_cyn_wgm4,"Thank you, Cyneric! I have another visit to make. Maybe I will meet you again.","Спасибо, Цинерик!  Мне предстоит еще один визит. Возможно, мы вскоре встретимся снова.","Obrigado, Cyneric! Tenho outra visita a fazer. Talvez nos encontremos novamente."
Dialogues,c2_q3_cyn_cyn4,Every meeting with you will always be a great honor for me.,Каждая встреча с вами всегда будет для меня большой честью.,Cada encontro com você sempre será uma grande honra para mim.
Dialogues,c2_q3_child_cyl1,Hey! Are you that warrior of the Templar?,Привет! Ты тот один из рыцарей тамплиеров?,Ei! Você é aquele guerreiro dos Templários?
Dialogues,c2_q3_child_wgm1,"I don’t know who are those Templar knights. It seems that in this place I am the only one who doesn’t know. Anyway, my name is Wigmund.","Не знаю, о каких всё рыцарях-тамплиерах, идет речь. И кажется, что я единственный, здесь, кто ничего не знает о них. Но в любом случае, моё имя Вигмунд.","Não sei quem são esses cavaleiros templários. Parece que aqui sou o único que não sabe. De qualquer forma, meu nome é Wigmund."
Dialogues,c2_q3_child_cyl2,"I knew it! You are the warrior! I knew it! I am Cyld, Sir. And I am happy to see a warrior.","Я знал! Ты один из рыцарей! Я знал! Я Силд, сэр. Я так рад видеть рыцаря.","Eu sabia! Você é o guerreiro! Eu sabia! Sou Cyld, senhor. E fico feliz em ver um guerreiro."
Dialogues,c2_q3_child_wgm2,"I am glad that you are happy, Cyld. I need your help.","Я рад, что ты рад, Силд. Слушай, мне нужна твоя помощь.","Fico feliz que esteja feliz, Cyld. Preciso da sua ajuda."
Dialogues,c2_q3_child_cyl3,"My help, Sir? You… you require my help? ","Моя помощь, сэр? Неужели вам... нужна моя... помощь?","Da minha ajuda, senhor? Você… precisa da minha ajuda?"
Dialogues,c2_q3_child_wgm3,Yes. I have to learn from you how to catch a hedgehog.,"Да. Мне предстоит поучиться у тебя, как ловить ежей.",Sim. Preciso que você me ensine a capturar um ouriço.
Dialogues,c2_q3_child_cyl4,"Ah, Sir... This is just great! My family will be astonished when I tell them that I, Cyld, the youngest of my twelve brothers and sisters, taught you how to catch a hedgehog. I wonder what faces they will make when I tell them this!","Ах это, сэр... Это же просто великолепно! Моя семья будет так удивлена, когда я расскажу им, что я, Силд, младший из моих двенадцати братьев и сестер, научил вас ловить ежа. Интересно, какие рожи они скорчат, когда я им это расскажу!","Ah, senhor… Isso é demais! Minha família vai ficar pasma quando eu contar que eu, Cyld, o caçula dos meus doze irmãos e irmãs, ensinei você a capturar um ouriço. Fico imaginando as caras que vão fazer quando eu contar isso!"
Dialogues,c2_q3_child_wgm4,"You can tell them whatever you want. But, first, you must tell me what I’ve asked.","Ты можешь рассказать им всё, что хочешь, и как хочешь. Но сначала ты должен рассказать мне то, о чем я спросил.",Pode contar o que quiser. Mas primeiro tem que me dizer o que perguntei.
Dialogues,c2_q3_child_cyl5,"Sure, Sir! I see that you already have got the cage. That’s why I cannot do this instead of you: because I am not able to open such a cage. Its spring is too strong for me. To use the cage, you need some blueberries. There are a lot near the ruined tower. Go and get some. Then you must find the favorite place of the snails.","Конечно, сэр! Вижу, что клетка у вас уже есть. А вот почему я не смогу сам сделать это вместо вас: потому что я не в состоянии открыть такую клетку. Её пружина слишком сильная для меня. А так, чтобы использовать клетку, вам лишь понадобится немного черники и всё. Возле разрушенной башни её много. Поэтому, идите и нарвите немного. А затем вам стоит найти любимое место улиток.","Claro, senhor! Vejo que já tem a gaiola. É por isso que não posso fazer isso no lugar do senhor: porque não consigo abrir essa gaiola. A mola é forte demais para mim. Para usar a gaiola, o senhor precisa de algumas frutas silvestres. Tem bastante perto da torre em ruínas. Vá pegar algumas. Depois o senhor precisa encontrar o lugar preferido dos caracóis."
Dialogues,c2_q3_child_wgm5,Snails? And what else? Maybe some lizards?!,"Улиток? А потом что? Может, ящерицы?!",Caracóis? E mais o quê? Talvez alguns lagartos?!
Dialogues,c2_q3_child_cyl6,"Ha ha! Master, you are so funny! That’s the secret... Hedgehogs love to eat berries. They will come near the snail’s place, then you will catch them. How nice! But to catch them, you must put the berries in the cage and let it down near the snail’s nest. That’s on the Southern part of the lake. There is a stone with a strange shape. I’m sure that you will notice it. When the hedgehogs come, one of them will enter the cage. They like berries so much!","Ха-ха! Мастер, а вы забавный! Так вот в чем секрет... Ёжики любят лакомиться ягодами. Они подойдут к месту где ползают улитки, и тогда вы их и поймаете, вот так просто! Но, вот, чтобы их поймать, необходимо положить ягоды в клетку и опустить ее возле гнезда улитки. У южная части озера, есть камень странной формы, уверен, что вы его легко заметите. Когда придут ежи, один из них войдет в клетку. Они слишкком любят ягоды!","Haha! Mestre, o senhor é tão engraçado! Esse é o segredo... Os ouriços adoram comer frutas. Vão chegar perto do lugar dos caracóis, então o senhor vai capturá-los. Que legal! Mas para capturá-los, o senhor precisa colocar as frutas na gaiola e deixá-la perto do ninho dos caracóis. Fica na parte sul do lago. Tem uma pedra com forma estranha. Tenho certeza de que vai notar. Quando os ouriços chegarem, um deles vai entrar na gaiola. Eles adoram frutas!"
Dialogues,c2_q3_child_wgm6,And so I will catch a little hedgehog …,И вот поймаю я ёжика…,E assim vou capturar um filhotinho de ouriço…
Dialogues,c2_q3_child_cyl7,"… and his mother will come to free him! She is the only one who can do that: I don’t know how, but that’s what they said.","...и его мама придет его спасать! Она единственная, кто может это сделать: не знаю как, но мне так сказали.","… e a mãe dele vai vir libertá-lo! Ela é a única que pode fazer isso: não sei como, mas é o que disseram."
Dialogues,c2_q3_child_wgm7,Raedan knows. And he has already taught me about that.,Рэйдан знает. И он уже научил меня этому.,Raedan sabe. E já me explicou sobre isso.
Dialogues,c2_q3_child_cyl8,I suppose that’s a secret.,"Полагаю, это ваш секрет.",Suponho que seja segredo.
Dialogues,c2_q3_child_wgm8,"Yes, it is. Maybe one day Raedan will teach you, too. But now I have to go.","Да, это так. Возможно, однажды Рэйдан научит и тебя. Но теперь мне пора идти.",É. Talvez um dia Raedan ensine você também. Mas agora preciso ir.
Dialogues,c2_q3_child_cyl9,"I am happy that I was able to help, Sir! Tell this to Master Raedan: perhaps he will teach me the secret. Salve!","Я рад, что смог помочь, сэр!  Скажи это мастеру Рэдану: возможно, он научит меня секрету.  Сальве!","Fico feliz em ter podido ajudar, senhor! Diga isso ao Mestre Raedan: talvez ele me ensine o segredo. Salve!"
Dialogues,c2_q3_child_wgm9,"Your help is inestimable, Cyld. Salve!","Твоя помощь неоценима, Силд.  Сальве!","Sua ajuda é inestimável, Cyld. Salve!"
Dialogues,c2_q3_cageplaced_wgm1,Here is the nest.,Вот гнездо.,Aqui está o ninho.
Dialogues,c2_q3_hedgecaught_wgm1,Finally! I've got the grass. I suppose that Raedan knows what to do with it.,Наконец-то!  ,Finalmente! Peguei a erva. Suponho que Raedan sabe o que fazer com ela.
Dialogues,c2_q4_wounded_woundedman1,Wood-goblins... They have attacked us... took prisoners...slaves... The dark is coming!,Гоблины... Они напали на нас... взяли в плен...рабов... Приближается тьма!,Goblins da floresta... Nos atacaram... levaram prisioneiros... escravos... A escuridão está chegando!
Dialogues,c2_q4_wounded_wgm1,Poor man… Something terrible has happened. I must hurry to find Raedan.,Бедняга… Произошло что-то ужасное.  Я должен поспешить и как можно скорее найти Рэйдана.,Pobre homem… Algo terrível aconteceu. Preciso correr até Raedan.
Dialogues,c2_q4_village_wgm1,"Raedan, what is going on here?","Рэйдан, что здесь происходит?","Raedan, o que está acontecendo aqui?"
Dialogues,c2_q4_village_raed1,"Oh, Wigmund, something terrible has happened. Faett and his wood-goblins have attacked the village. He is mad after you killed his son.","О, Вигмунд, случилось нечто ужасное.  Фаэтт и его лесные гоблины напали на деревню.  Он разозлился после того, как вы убили его сына.","Ah, Wigmund, algo terrível aconteceu. Faett e seus goblins da floresta atacaram a aldeia. Ele está furioso porque você matou seu filho."
Dialogues,c2_q4_village_wgm2,"And I will kill him, too!",И его самого я тоже убью!,E eu o matarei também!
Dialogues,c2_q4_village_raed2,You have to save the prisoners.,Тебе предстоит еще и спасти заключенных.,Você precisa salvar os prisioneiros.
Dialogues,c2_q4_village_wgm3,Sure! But why are you so pale? It seems that your words stopped on your lips.,"Конечно!  Но почему ты такой бледный?  Кажется, твои слова замерли на губах.",Claro! Mas por que você está tão pálido? Parece que as palavras ficaram presas nos seus lábios.
Dialogues,c2_q4_village_raed3,The goblins have taken Grimme. I suppose that they mistook him for you.,"Гоблины захватили Гримма.  Полагаю, они приняли его за тебя.",Os goblins levaram Grimme. Acho que o confundiram com você.
Dialogues,c2_q4_village_wgm4,What?,Что?,O quê?
Dialogues,c2_q4_village_raed4,"Yes, Wigmund. The arch-enemy is trying to find you. I don’t know if he really understands who you are, but he wants you. Alive.","Да, Вигмунд.  Заклятый враг пытается тебя найти.  Я не знаю, действительно ли он понимает, кто ты, но он хочет поймать тебя, живым.","Sim, Wigmund. O arquiinimigo está tentando te encontrar. Não sei se ele entende realmente quem você é, mas te quer. Vivo."
Dialogues,c2_q4_village_wgm5,"It doesn’t matter. I will go right now, and I will kill all those damn goblins!",Без разницы. Я прямо сейчас пойду и порублю всех этих проклятых гоблинов!,"Não importa. Vou agora mesmo, e matarei todos esses malditos goblins!"
Dialogues,c2_q4_village_raed5,Wait a moment. Let's use the grass of the beasts properly. It will be very helpful to open those doors or locks magically sealed by the enemy.,"Подожди минутку.  Давай правильно используем траву зверей.  Будет очень полезно открыть эти двери или замки, магически запечатанные врагом.",Espere um momento. Vamos usar a erva das feras corretamente. Será muito útil para abrir aquelas portas ou fechaduras seladas magicamente pelo inimigo.
Dialogues,c2_q4_village_wgm6,Here is the grass.,Вот эта трава.,Aqui está a erva.
Dialogues,c2_q4_village_raed6,You can go now. But not alone! I will stay here to protect the village. Maybe another hoard of goblins is preparing an attack. Who can understand these irrational creatures? You will go with Modig “the Brave.” I am confident that together you will be victorious.,"Теперь ты можешь идти.  Но не один!  Я останусь здесь, чтобы защитить деревню.  Возможно, еще одна группа гоблинов готовится к атаке.  Кто сможет понять этих иррациональных существ? Ты пойдешь вместе с Модигом Храбрым.  Я уверен, что вместе вы одержите победу.","Pode ir agora. Mas não sozinho! Ficarei aqui para proteger a aldeia. Talvez outra horda de goblins esteja se preparando para um ataque. Quem entende essas criaturas irracionais? Você irá com Modig ""O Bravo"". Tenho confiança de que juntos serão vitoriosos."
Dialogues,c2_q4_village_wgm7,I am leaving right now!,Выдвигаюсь сию минуту!,Parto agora mesmo!
Dialogues,c2_q4_village_raed7,"Modig is waiting for you on the Southeastern part of the village. From there, he will guide you. And do not forget to search Faett's chest. May the spirit of our King be with you!",Модиг ждет тебя в юго-восточной части деревни.  Оттуда он будет вести тебя.  И не забудь обыскать сундук Фаэтта. И да пребудет с вами дух нашего Короля!,"Modig está esperando por você na parte sudeste da aldeia. De lá, ele vai guiá-lo. E não se esqueça de vasculhar o baú de Faett. Que o espírito de nosso Rei esteja com você!"
Dialogues,c2_q4_modig_mod1,Master!,Мастер!,Mestre!
Dialogues,c2_q4_modig_wgm1,"Salve, Modig! I don’t know what kind of master am I, but I am sure that you are my guide. Lead me to the wood-goblins realm!","Сальве, Модиг!  Я не знаю, какой я мастер, но уверен, что ты мой проводник. Веди меня в царство лесных гоблинов!","Salve, Modig! Não sei que tipo de mestre sou, mas tenho certeza de que você é meu guia. Leve-me ao reino dos goblins da floresta!"
Dialogues,c2_q4_modig_mod2,"Sure, Sir.","С превеликим удовольствием, сэр.","Claro, senhor."
Dialogues,c2_q4_modig_wgm2,Let’s run as much as we can.,"Скорее, бежим столько, сколько сможем.",Vamos correr o máximo que pudermos.
Dialogues,c2_q4_gate_mod1,Sir! We have to free the place where the wheel that opens the gate is guarded. Then we’ll be able to open the gate.,"Сэр!  Нам предстоит освободить место, где охраняется колесо, открывающее ворота.  Тогда мы сможем открыть ворота.",Senhor! Precisamos limpar o lugar onde fica a roda que abre o portão. Aí conseguiremos abri-lo.
Dialogues,c2_q4_faet_faett1,Who dares to attack me into my fortress?,Кто смеет нападать на меня в моей же крепости?,Quem ousa me atacar na minha própria fortaleza?
Dialogues,c2_q4_faet_wgm1,"I, Wigmund! And I will kill you as I killed Drof!","Это я, Вигмунд! И я убью тебя, так же как и убил Дрофа!","Eu, Wigmund! E vou te matar como matei Drof!"
Dialogues,c2_q4_faet_mod1,"Your time has come, Faett! The one standing in front of you is one of the Lions of the Templar!","Твоё время пришло, Фэтт! Тот, кто стоит перед тобой, — один из Львов тамплиеров!","Sua hora chegou, Faett! Quem está diante de você é um dos Leões dos Templários!"
Dialogues,c2_q4_faet_wgm2,"Fight, Modig!","Сражайся, Модиг!","Lute, Modig!"
Dialogues,c2_q4_faet_faett2,"Guards, guards! Kill them before they kill us! The Lions of Templar are attacking us! Kill them!","Охрана, охрана! Убейте их, прежде чем они убьют нас! Львы Тамплиеров напали на нас!  Убей их всех!","Guardas, guardas! Matem-nos antes que eles nos matem! Os Leões dos Templários estão nos atacando! Matem-nos!"
Dialogues,c2_q4_faetchest_mod1,"Here is the chest, Sir. Check it!","А вот и сундук, сэр. Скорее осмотрите его!","Aqui está o baú, senhor. Verifique!"
Dialogues,c2_q4_faetchest_wgm1,But I cannot open it.,Я не могу его открыть.,Mas não consigo abri-lo.
Dialogues,c2_q4_faetchest_mod2,"Probably a spell has been put on its lock. Use the Milkweed medallion, Sir!","Вероятно, на его замок наложено заклинание. Используйте медальон с Молочаем, сэр!","Provavelmente colocaram um feitiço na fechadura. Use o medalhão de Erva-Leiteira, senhor!"
Dialogues,c2_q4_faetchest_wgm2,It works! This is Naegling… What a sword! But where are the prisoners?,Сработало! Это Нэглинг… Какой искусный меч! Но где же все заключенные?,Funciona! Isso é Naegling… Que espada! Mas onde estão os prisioneiros?
Dialogues,c2_q4_faetchest_mod3,"Let's check, Master. They are probably guarded in the other tower.","Давайте выясним, Мастер. Думаю, они охраняются в другой башне.","Vamos verificar, mestre. Provavelmente estão guardados na outra torre."
Dialogues,c2_q4_faetchest_wgm3,Attack!,Засада!,Ataque!
Dialogues,c2_q4_grimme_wgm1,"Ah, Grimme, my friend. You are wounded, but even so I am happy that you are alive.","Ах, Гримм, мой добрый друг. Ты серьёзно ранен, но, я так я рад, что ты всё жив.","Ah, Grimme, meu amigo. Você está ferido, mas ainda assim fico feliz que esteja vivo."
Dialogues,c2_q4_grimme_grimm1,Sir! At your service!,Сэр! Я к вашим услугам!,Senhor! Às suas ordens!
Dialogues,c2_q4_grimme_wgm2,Can you use a sword?,Умеешь ли ты использовать меч?,Consegue usar uma espada?
Dialogues,c2_q4_grimme_grimm2,"If there's anything that can invigorate me, it's a sword to pierce these goblins.","Если есть что-то, что может меня воодушевить после такой взбучки, так это меч, способный пронзать плоть этих гоблинов.","Se há algo que me dá forças, é uma espada para furar esses goblins."
Dialogues,c2_q4_grimme_wgm3,"Grimme, you are a true warrior. Take this!","Гримм, ты самый настоящий воин. Вот возьми!","Grimme, você é um verdadeiro guerreiro. Pegue isso!"
Dialogues,c2_q4_grimme_grimm3,That’s all I need.,Большего и не нужно.,É tudo que preciso.
Dialogues,c2_q4_grimme_wgm4,"Now, back to Clwyd!",А теперь вернемся в Клуид!,"Agora, de volta a Clwyd!"
Dialogues,c2_q4_grimme_grimm4,"Sir, I think this is the beginning of a beautiful friendship. ","Сэр, думаю, это послужит началом прекрасной дружбы.","Senhor, acho que este é o começo de uma bela amizade."
Dialogues,c2_q4_finished_company,"I can handle myself from here. Thank you, Wigmund!","Дальше я дойду сам. Спасибо, Вигмунд!","Consigo me virar daqui. Obrigado, Wigmund!"
Dialogues,c2_q5_aboutwigstan_raed1,"Salve, Wigmund!","Сальве, Вигмунд!","Salve, Wigmund!"
Dialogues,c2_q5_aboutwigstan_wgm1,"Salve, Raedan! You seem to be worried. Why? There are no wood-goblins around anymore.","Сальве, Рейдан! Мне кажется, или ты обеспокоен, но почему? Ведь тех лесных гоблинов больше нет.","Salve, Raedan! Parece preocupado. Por quê? Não há mais goblins da floresta por aqui."
Dialogues,c2_q5_aboutwigstan_raed2,"This time is not about wood-goblins, but about their more dangerous relatives, cave-goblins.","На этот раз речь идет не о лесных гоблинах, а об их более опасных родственниках – пещерных гоблинах.","Desta vez não é sobre goblins da floresta, mas sobre seus parentes mais perigosos, os goblins das cavernas."
Dialogues,c2_q5_aboutwigstan_wgm2,But those ugly creatures are far away from this place.,Но ведь эти уродливые существа находятся очень далеко от этого места.,Mas essas criaturas ficam longe daqui.
Dialogues,c2_q5_aboutwigstan_raed3,"Indeed, but it’s not about this village. It’s something related to a person. A very special one.","В самом деле, но и речь не об этой деревне. Это как-то связанно с человеком. Очень особенным.","De fato, mas não é sobre esta aldeia. É algo relacionado a uma pessoa. Uma muito especial."
Dialogues,c2_q5_aboutwigstan_wgm3,A person?,Особенным?,Uma pessoa?
Dialogues,c2_q5_aboutwigstan_raed4,I am sure that you’ve heard about Sceoteld “Fire-Hand.”,"Уверен, что вы слышали о мастере огнеруком.","Tenho certeza de que já ouviu falar de Sceoteld ""Mão de Fogo""."
Dialogues,c2_q5_aboutwigstan_wgm4,"Sure! But that’s more a legend, isn’t it?","Да, конечно! Но ведь, это скорее легенда, разве не так?","Claro! Mas isso é mais uma lenda, não é?"
Dialogues,c2_q5_aboutwigstan_raed5,"Nowadays, legends become true. Palpable, I can say.","Теперь легенды становятся реальностью, и весьма ощутимо, хочу сказать.","Hoje em dia, as lendas se tornam realidade. Palpável, posso dizer."
Dialogues,c2_q5_aboutwigstan_wgm5,Are you implying that this Sceoteld is real?,"Ты хочешь сказать, что этот Сцеотелд реален?",Está insinuando que esse Sceoteld é real?
Dialogues,c2_q5_aboutwigstan_raed6,Yes. As real as you and me. And now he is in danger.,"Да. И так же реален, как ты, и как я. И теперь он в опасности.",Sim. Tão real quanto você e eu. E agora ele está em perigo.
Dialogues,c2_q5_aboutwigstan_wgm6,"How can that be possible? No one has seen him ever. He is more or less an invisible man. Considered the fiercest enemy of goblins, he killed hundreds of them. At least this is what the legend says. No one can say for sure that he exists.","Но как это возможно? Его никто и никогда не видел. Он человек-невидимка. Что считается самым жестоким врагом гоблинов, убившим более чем сотни из них. Ну по крайней мере, так гласит легенда.  Никто так и не смог доказать наверняка, что он реален.","Como isso é possível? Ninguém nunca o viu. Ele é mais ou menos um homem invisível. Considerado o mais feroz inimigo dos goblins, matou centenas deles. Pelo menos é o que diz a lenda. Ninguém pode afirmar com certeza que ele existe."
Dialogues,c2_q5_aboutwigstan_raed7,"I can. He exists and is as real as you and I are. And, yes, he can hit any target, day or night, from two hundred feet distance.","А я могу. Он реален и он столь же реален, как мы с тобой. И да, он может поразить любую цель, днем и ночью, с расстояния 60 метров.","Posso. Ele existe e é tão real quanto você e eu. E, sim, consegue acertar qualquer alvo, de dia ou de noite, a sessenta metros de distância."
Dialogues,c2_q5_aboutwigstan_wgm7,How can you be so sure?,Откуда тебе это знать?,Como pode ter tanta certeza?
Dialogues,c2_q5_aboutwigstan_raed8,I know him. Personally. That’s all.,"Я его знаю, сам лично. Вот и вся разгадка.",Eu o conheço. Pessoalmente. É tudo.
Dialogues,c2_q5_aboutwigstan_wgm8,"You are mysterious as usual. Anyway, what do I have to do?","Ты как всегда полон загадок. Ну в любом случае, и что мне теперь делать?","Misterioso como sempre. De qualquer forma, o que preciso fazer?"
Dialogues,c2_q5_aboutwigstan_raed9,Take Cyneric and Modig with you. And go to the Sceoteld’s house. That’s on the Northwestern side of the forest. He's been away from his place for at least two weeks. Which has never happened before. I am sure that he is in danger.,"Возьми с собой Цинерика и Модинга. И отправляйтесь в дом Сцеотелда. Он рядом с северо-западной стороной леса. И чего еще не случалось, его не увидели там уже как минимум две недели. Вот почему я уверен, что он в опасности.",Leve Cyneric e Modig com você. E vá até a casa de Sceoteld. Fica no lado noroeste da floresta. Ele está fora do seu lugar há pelo menos duas semanas. O que nunca havia acontecido antes. Tenho certeza de que está em perigo.
Dialogues,c2_q5_aboutwigstan_raed10,You can go now. May the spirit of King Alfred be with you!,Теперь можешь идти. Да пребудет с тобой дух короля Альфреда!,Pode ir agora. Que o espírito do Rei Alfred esteja com você!
Dialogues,c2_q5_goblin_cyn1,"Sir! If he doesn’t talk, I’ll crush him. Just give me a sign.","Сэр! Если он не заговорит, я его раздавлю. Просто дайте мне знак.","Senhor! Se ele não falar, eu o esmago. Só me dê um sinal."
Dialogues,c2_q5_goblin_wgm1,"Ah, you ugly creature! Cyneric can squeeze you like a lemon.","Ну, говори, ты, уродливое существо! Иначе Цинерик может и выжать тебя как лимон.","Ah, sua criatura feia! Cyneric pode te espremer como um limão."
Dialogues,c2_q5_goblin_gob1,Me talk! Me talk! Do not let this monster to squeeze me...,Яй говорить!  Яй говорить! Не позволяй тхэт монстр сжать меня...,Eu falo! Eu falo! Não deixa esse monstro me espremer...
Dialogues,c2_q5_goblin_wgm2,Why not?,И почему я должен тебе поверить?,Por que não?
Dialogues,c2_q5_goblin_gob2,Me tell you everything! Question you ask and me answer… Just let me alive! ,Я расскажу тебе всё! Ты задаёшь вопрос. Я отвечать на него… Только оставь мейн в живых!,Eu conto tudo! Pergunta você e eu respondo… Só me deixa vivo!
Dialogues,c2_q5_goblin_wgm3,"Where is the place where your cursed race entrapped Sceoteld, the archer?","Где находится то место, где ваша проклятая миром раса поймала лучника Сцеотелда?","Onde fica o lugar onde sua raça maldita prendeu Sceoteld, o arqueiro?"
Dialogues,c2_q5_goblin_gob3,"Ney! Ney! Archer cursed is! Archer cursed is, not us...","Нон! Нон! Лучник проклят! Лучник проклят, не мы...","Não! Não! Arqueiro é o maldito! Arqueiro é o maldito, não nós..."
Dialogues,c2_q5_goblin_cyn2,I squeeze you if you don't answer…,"Я сожму тебя, если ты не ответишь…",Eu te esmago se não responder…
Dialogues,c2_q5_goblin_gob4,Ah! Me answer! Me answer!,Ах! Яй ответить! Яй ответить!,Ah! Eu respondo! Eu respondo!
Dialogues,c2_q5_goblin_wgm4,"If so, let's hear your answer!","Ну раз так, то послушаем твой ответ!",Então vamos ouvir sua resposta!
Dialogues,c2_q5_goblin_gob5,The red lake! The red lake! Where the shining enemy appears!,Красное озеро! Красное озеро! Где появляется сияющий враг!,O lago vermelho! O lago vermelho! Onde aparece o inimigo brilhante!
Dialogues,c2_q5_goblin_mod1,"That's the sun, Sir. These dark creatures hate the sun. That's their “shining enemy”… and that's the East.","Это он о солнце, сэр. Эти темные существа ненавидят солнце. Это их сияющий враг… и это на Востоке.","É o sol, senhor. Essas criaturas das trevas odeiam o sol. Esse é o ""inimigo brilhante"" deles… e isso é o leste."
Dialogues,c2_q5_goblin_wgm5,"Very well, you ugly one. Now I can ask my friend to squeeze you.","Ну что ж, уродец.  Теперь я наконец могу попросить друга сжать тебя.","Muito bem, sua feia. Agora posso pedir ao meu amigo que te esmague."
Dialogues,c2_q5_goblin_gob6,No! No! You promised to let me live!,Нон! Нон! Ты обещать остав майн в живых!,Não! Não! Você prometeu me deixar viver!
Dialogues,c2_q5_goblin_wgm6,"Yes, but you lied to us. Anyway, I know where to look for the tree. If a stupid liar like you says East, then it's definitely West. Cyneric, do not kill him. Maybe a wild beast will find him.","Да, но ты солгал нам. И в любом случае, я знаю, где нам искать нужное дерево. И если такой глупый лжец, как ты, говорит Восток, то это определенно Запад. И Цинерик, не убивай его, может какой, дикий зверь найдет его.","Sim, mas você mentiu para nós. De qualquer forma, sei onde procurar a árvore. Se um mentiroso idiota como você diz leste, definitivamente é oeste. Cyneric, não o mate. Talvez alguma besta selvagem o encontre."
Dialogues,c2_q5_goblin_gob7,Noooo....,Нееет....,Nãoooo....
Dialogues,c2_q5_goblin_wgm7,Yes! This is the punishment of liars. Now we can go to the Northwestern forest.,"Да! Это наказание для таких лжецов, как ты. Теперь мы наконец можем отправиться в Северо-Западный лес.",Isso! Esta é a punição dos mentirosos. Agora podemos ir para a floresta noroeste.
Dialogues,c2_q5_tosceotheld_mod1,"Sir, there are so many goblins!","Сэр, здесь слишком гоблинов!","Senhor, há tantos goblins!"
Dialogues,c2_q5_tosceotheld_wgm1,That is what worries me. It is clear that the one who is hiding in that tree is their deadly enemy. Look how many corpses lie around.,"И вот, что беспокоит меня. Понятно лишь то, что тот, кто прячется на том дереве, — их смертельный враг. Посмотрите, сколько трупов валяется вокруг.",É isso que me preocupa. É óbvio que quem está escondido naquela árvore é seu inimigo mortal. Olhe quantos cadáveres estão por aí.
Dialogues,c2_q5_tosceotheld_mod2,"Yes, but no archer has unlimited arrows.","Да, но ни у одного лучника нет такого неограниченного запаса стрел.","Sim, mas nenhum arqueiro tem flechas infinitas."
Dialogues,c2_q5_tosceotheld_wgm2,We have to distract the goblins.,Нам нужно отвлечь гоблинов.,Precisamos distrair os goblins.
Dialogues,c2_q5_tosceotheld_mod3,"And I know how we can do that! Cyneric, do you see those stones?","И я знаю, как мы можем это сделать! Цинерик, видишь эти камни?","E sei como podemos fazer isso! Cyneric, você está vendo aquelas pedras?"
Dialogues,c2_q5_tosceotheld_cyn1,Do I understand well? Is this one of those opportunities when I can check the power of my hammer?,"Я всё правильно понял? Это, что, одна из тех возможностей, когда я могу проверить силу своего молота?",Estou entendendo bem? É uma dessas oportunidades em que posso testar o poder do meu martelo?
Dialogues,c2_q5_tosceotheld_mod4,"Indeed, Cyneric! We will help you, too!","Да, Цинерик! И мы тебе в этом поможем!","Exatamente, Cyneric! Também vamos te ajudar!"
Dialogues,c2_q5_troll_wgm1,"Excellent job, friends! Now, we can fight the remaining goblins…","Отличная работа, друзья! А теперь мы можем сразиться с оставшимися гоблинами…","Excelente trabalho, amigos! Agora podemos lutar contra os goblins restantes…"
Dialogues,c2_q5_troll_mod1,"… and that troll, Sir!"," ...и с этим мерзким троллем, сэр!","… e aquele troll, senhor!"
Dialogues,c2_q5_troll_wgm2,Attack them! Fight them!,Атакуйте их! Сражайтесь с ними!,Ataquem! Lutem!
Dialogues,c2_q5_wigstan_wgs1,It is not a shame when a knight must be grateful to someone who saved his life. But I would like to know to whom do I have to be grateful.,"Нет стыда, в том чтобы рыцарю быть благодарным тому, кто спас его жизнь. Но мне хотелось бы знать, кому же я должен быть столь благодарен.",Não é vergonha que um cavaleiro deva ser grato a quem salvou sua vida. Mas gostaria de saber a quem devo ser grato.
Dialogues,c2_q5_wigstan_wgm1,"My name is Wigmund. And these two valiant knights are Modig and Cyneric. But your real benefactor is not here. If you want to thank him, you will have to come with us.","Меня зовут Вигмунд. А эти два доблестных рыцаря — Модиг и Цинерик. Но твоего настоящего спасителя здесь нет. Если ты хочешь отблагодарить его, то тебе придется пойти с нами.","Meu nome é Wigmund. E esses dois valentes cavaleiros são Modig e Cyneric. Mas seu verdadeiro benfeitor não está aqui. Se quiser agradecê-lo, terá que vir conosco."
Dialogues,c2_q5_wigstan_wgs2,"To greet and honor the one who has helped me is not only a wish, but a sacred duty.","Поприветствовать и почтить честь того, кто мне помог, – это не только желание, но и священный долг.","Cumprimentar e honrar aquele que me ajudou não é apenas um desejo, mas um dever sagrado."
Dialogues,c2_q5_wigstan_wgm2,Raedan the Wise; he is the one who has sent us to find you and to fight together against these beasts.,Рэйдан Мудрый ,"Raedan, o Sábio; é ele quem nos enviou para encontrá-lo e lutar juntos contra essas bestas."
Dialogues,c2_q5_wigstan_wgs3,"You are a true gentleman, Wigmund. Actually, you have saved me, not fought together with me.","Вы настоящие рыцари, Вигмунд.  ","Você é um verdadeiro cavalheiro, Wigmund. Na verdade, você me salvou, não lutou junto comigo."
Dialogues,c2_q5_wigstan_wgm3,"But you killed by yourself at least a quarter from all these cave-goblins. We have heard many things about you, Sceoteld. You are legend!","Но ты сам убил как минимум четверть из всех этих пещерных гоблинов. Мы много слышали о тебе, Сцеотелд. Ты ведь легенда!","Mas você sozinho matou pelo menos um quarto de todos esses goblins das cavernas. Ouvimos muitas coisas sobre você, Sceoteld. Você é uma lenda!"
Dialogues,c2_q5_wigstan_wgs4,"When they are coming from a man of honor, such words are like a blessing for my wandering soul. But I will be happy to prove in the near future that I really deserve them.","Когда подобное произносит человек чести, слова подобны благословению для моей странствующей души. Но буду рад доказать в ближайшем будущем, что действительно их заслуживаю.","Quando vêm de um homem de honra, essas palavras são como uma bênção para minha alma errante. Mas ficarei feliz em provar em breve que realmente as mereço."
Dialogues,c2_q5_wigstan_wgm4,"If you come with us, you will have this opportunity, that is granted.","Если ты пойдешь с нами, то тебе обязательно представиться такая возможность.","Se vier conosco, terá essa oportunidade, isso é garantido."
Dialogues,c2_q5_wigstan_wgs5,"At your service, Wigmund!","Я к вашим услугам, Вигмунд!","Às suas ordens, Wigmund!"
Dialogues,c2_q5_wigstan_wgm5,We are glad that you come with us. And I am sure that Raedan will be very happy to see you.,"Рад, что ты пойдешь с нами. И я уверен, что и Рэйдан будет очень рад тебя видеть.",Ficamos felizes que venha conosco. E tenho certeza de que Raedan ficará muito feliz em vê-lo.
Dialogues,c2_q5_wigstan_wgs6,I’ll meet you in Clwyid!,Тогда встретимся в Клуиде!,Te encontro em Clwyd!
Dialogues,c2_q5_identity_wgm1,"Salve, Raedan! We did it! The one whom you can see is the hidden archer from the Dark Wood, Sceoteld.","Сальве, Рейдан! Мы сделали это! Тот, кого вы выдите перед собой перед собой, — это скрытый лучник из Темного леса, легендарный Сцеотелд.","Salve, Raedan! Conseguimos! Quem você está vendo é o arqueiro oculto da Floresta das Trevas, Sceoteld."
Dialogues,c2_q5_identity_raed1,"Salve, Sceoteld! I am glad that you have survived. Those beasts put a big price on your head.","Сальве, Сцеотелд! Я так рад, что ты выжил. Эти твари уже назначили большую цену за твою голову.","Salve, Sceoteld! Fico feliz que tenha sobrevivido. Essas bestas colocaram um preço alto na sua cabeça."
Dialogues,c2_q5_identity_wgs1,"Wigmund says that I owe you my life. If so, please receive my full gratitude. And, yes, in the past year the attacks of the goblins have increased dramatically. They really want to catch me.","Вигмунд говорит, что это я тебе обязан жизнь. Если так, то прими мою великую благодарность.  Да, за последний год нападения гоблинов резко участились. Они очень хотели меня поймать.","Wigmund diz que lhe devo a vida. Se for assim, por favor receba minha total gratidão. E, sim, no último ano os ataques dos goblins aumentaram dramaticamente. Eles realmente querem me capturar."
Dialogues,c2_q5_identity_raed2,"But if my sources are right, the dark goblins have prepared a long and torturous death for you.","Но если мои источники правы, темные гоблины приготовили тебе долгую и мучительную смерть.","Mas se minhas fontes estiverem certas, os goblins das trevas prepararam para você uma morte longa e torturante."
Dialogues,c2_q5_identity_wgs2,"What else can they want for their main enemy? In the past ten years, I killed many of them. And I will do this indefatigably. When I was a young boy, they killed my parents...","А чего еще они могут желать своему злейшему врагу? За последние десять лет я убил стольких из них. И я буду продолжать это неустанно. Когда я был маленьким, они убили моих родителей...","O que mais podem querer para seu principal inimigo? Nos últimos dez anos, matei muitos deles. E farei isso incansavelmente. Quando era criança, eles mataram meus pais..."
Dialogues,c2_q5_identity_raed3,"That was a really tragic story. For those who don’t know this, Baldrig ""the Hunter"" and his wife, Cunegunda, were killed by cave goblins in a devastating raid of those cruel beasts.","Это была действительно трагическая история.  Для тех, кто этого не знает, Болдриг ""охотник"" и его жена, Сунгунда, были убиты пещерными гоблинами во время последнего набега этих жестоких тварей.","Foi uma história realmente trágica. Para quem não sabe, Baldrig ""O Caçador"" e sua esposa, Cunegunda, foram mortos por goblins das cavernas numa devastadora investida dessas criaturas cruéis."
Dialogues,c2_q5_identity_wgs3,How come that you know the names of both my parents? I cannot remember you... I never saw you in my parents' house.,А откуда ты знаешь имена моих родителей? Я не могу тебя вспомнить... Я никогда не видел тебя в доме своих родителей.,Como você conhece os nomes dos meus dois pais? Não me lembro de você... Nunca o vi na casa dos meus pais.
Dialogues,c2_q5_identity_raed4,That’s because I visited them when you were just a newborn... like your twin brother.,"Это потому, что я навещал их, когда ты был еще новорожденным... как и твоего брата-близнеца.",Porque os visitei quando você era apenas um recém-nascido... assim como seu irmão gêmeo.
Dialogues,c2_q5_identity_wgs4,My twin brother? What brother? I have no brother!,Мой брат-близнец? Какой еще брат? Нет у меня брата!,Meu irmão gêmeo? Que irmão? Não tenho irmão!
Dialogues,c2_q5_identity_raed5,"Yes, you have. And he is much closer to you than you might think.","А вот и есть. И он гораздо ближе, чем ты думаешь.","Sim, tem. E ele está muito mais perto de você do que imagina."
Dialogues,c2_q5_identity_wgs5,"Please, stop all these riddles.","Пожалуйста, прекрати говорить загадками.","Por favor, chega de adivinhações."
Dialogues,c2_q5_identity_raed6,"I will not say any word before you do something unexpected: please, take off your hood. And you, Wigmund.","Я не скажу больше ни слова, пока ты не сделаешь что-нибудь неожиданное: пожалуйста, сними капюшон.  И ты, Вигмунд тоже.","Não direi uma palavra antes que faça algo inesperado: por favor, tire o capuz. Você também, Wigmund."
Dialogues,c2_q5_identity_wgm2,Why?,Зачем?,Por quê?
Dialogues,c2_q5_identity_raed7,"Facts first. Then will come the questions... and the answers. Please, do as I have asked you. Both.",Убедить.  ,"Primeiro os fatos. Depois virão as perguntas… e as respostas. Por favor, façam como pedi. Ambos."
Dialogues,c2_q5_identity_wgm3,I am sure that what Raedan is asking is for your own good… for our good. Let’s do it!,"Уверен, что то, о чем просит Рэйдан, — для твоего же блага… для нашего блага. Давай сделаем это!",Tenho certeza de que o que Raedan pede é para o seu bem… para o nosso bem. Vamos fazer isso!
Dialogues,c2_q5_identity_wgs6,Very well. Here I am. Without the hood. What... ? What is this?,Ну хорошо. А вот и я. Без капюшона. Что... ? Что это?,Muito bem. Aqui estou. Sem o capuz. O quê…? O que é isso?
Dialogues,c2_q5_identity_wgm4,How can this be possible? You have my own face...,Как это возможно? У тебя моё лицо...,Como isso é possível? Você tem meu próprio rosto...
Dialogues,c2_q5_identity_wgs7,Indeed... it is like I am looking in a mirror!,Действительно... я как будто смотрюсь в зеркало!,De fato... é como olhar num espelho!
Dialogues,c2_q5_identity_cyn1,This is amazing... which is which? I don't understand anything.,"Это потрясающе... но что, как? Я ничего не понимаю.",Isso é incrível... qual é qual? Não estou entendendo nada.
Dialogues,c2_q5_identity_mod1,Me neither!,И я тоже!,Eu também não!
Dialogues,c2_q5_identity_raed8,"The time of legends has returned. My dear fellows, please, great Wigmund and Wigstan, the twin sons of Lord Wiglaf – Grand Marshal of the Royal Crown – and his wife, Lady Cyneryth. They are the last survivors of the lions of the Templar, the elite imperial guards! You are the only ones who can find out what happened to King Alfred. You are our knights... our masters... our hope…","Время легенд вернулось. Дорогие мои, пожалуйста, великие Вигмунд и Вигстан, сыновья-близнецы лорда Виглафа – Великого Маршала Королевской Короны – и его жены, леди Кинерит. Вы последние выжившие из львов тамплиеров, элитной имперской гвардии! Вы единственные, кто может узнать, что случилось с королем Альфредом. Вы наши рыцари... наши мастера... наша надежда...","O tempo das lendas voltou. Meus caros amigos, por favor, saúdem Wigmund e Wigstan, os filhos gêmeos do Lorde Wiglaf — Grande Marechal da Coroa Real — e sua esposa, Lady Cyneryth. Eles são os últimos sobreviventes dos leões dos Templários, os guardas imperiais de elite! São os únicos capazes de descobrir o que aconteceu com o Rei Alfred. São nossos cavaleiros... nossos mestres... nossa esperança…"
Dialogues,c2_q5_identity_narr1,"No one can tell how amazed were on that strange day the inhabitants of Clwyd. It seemed to them that heroes from ancient legends came to life in their midst. Raedan the Wise was the only one who knew the story of the miraculous survival of Lord Wiglaf’s twin sons. Everyone listened with bated breath how the Revolution schemed by the cursed Antiochus dethroned King Alfred. On that dark day, all the imperial elite guards were killed. Just two little twin boys were saved by Raedan: Wigmund and Wigstan. But he never managed to find out what happened to their parents, Lord Wiglaf and Lady Cyneryth.","Никто не может передать, как сильно были изумлены в тот странный день жители Клуида. Им казалось, что среди них ожили герои древних легенд. Рейдан Мудрый был единственным, кто знал историю чудесного выживания сыновей-близнецов лорда Виглафа. Все, затаив дыхание, слушали, как революция, задуманная проклятым Антиохом, свергла короля Альфреда. В тот мрачный день вся элитная имперская гвардия была убита. Всего два маленьких мальчика-близнеца были спасены Рэйданом: Вигмунд и Вигстан. Но ему так и не удалось узнать, что случилось с их родителями, лордом Виглафом и леди Кинерит.","Ninguém pode dizer como ficaram espantados naquele dia estranho os habitantes de Clwyd. Parecia-lhes que heróis das lendas antigas ganhavam vida entre eles. Raedan, o Sábio, era o único que conhecia a história da sobrevivência milagrosa dos filhos gêmeos do Lorde Wiglaf. Todos ouviram com a respiração suspensa como a Revolução tramada pelo maldito Antiochus destronara o Rei Alfred. Naquele dia sombrio, todos os guardas imperiais de elite foram mortos. Apenas dois garotinhos gêmeos foram salvos por Raedan: Wigmund e Wigstan. Mas ele nunca conseguiu descobrir o que acontecera com os pais deles, o Lorde Wiglaf e a Lady Cyneryth."
Dialogues,c2_q5_identity_narr2,"King Alfred himself has mysteriously disappeared. Under such tragic circumstances, Raedan decided alone to hide them together with their nurse, Aefestra. But the fact that they were twins could have drawn attention to them. Thus, he decided to leave Wigmund with Aefestra and to give Wigstan to another good woman, Cunegunda, Baldrig’s wife. That is how Wigstan became incredibly skilled in using a bow, a rope and similar things – he learned the art of archery and hunting from Baldrig, one of the greatest hunters from that age. When he was just fifteen years old, his adoption parents were killed in a goblin raid. ","Сам король Альфред таинственно исчез. При таких трагических обстоятельствах Рэйдан решил в одиночку спрятать их вместе с их няней Эфестрой. Но тот факт, что они были близнецами, мог привлечь к ним внимание. Поэтому он решил оставить Вигмунда с Эфестрой и отдать Вигстана другой хорошей женщине, Сунгунде, жене Бальдрига. Именно так Вигстан стал невероятно искусным в обращении с луком, веревкой и другими подобными предметами – он научился искусству стрельбы из лука и охоты у Болдрига, одного из величайших охотников того времени. Когда ему было всего пятнадцать лет, его приемные родители погибли во время набега гоблинов.","O próprio Rei Alfred desaparecera misteriosamente. Diante de tais circunstâncias trágicas, Raedan decidiu sozinho escondê-los junto com sua ama, Aefestra. Mas o fato de serem gêmeos poderia chamar atenção para eles. Por isso decidiu deixar Wigmund com Aefestra e entregar Wigstan a outra boa mulher, Cunegunda, esposa de Baldrig. Foi assim que Wigstan se tornou incrivelmente habilidoso no uso do arco, da corda e coisas similares — aprendeu a arte do arco e da caça com Baldrig, um dos maiores caçadores daquela época. Quando tinha apenas quinze anos, seus pais adotivos foram mortos numa investida goblin."
Dialogues,c2_q5_identity_narr3,"Since that tragic event he hid himself into the woods and from there started to attack and kill the beasts. For many years he lived completely alone, hiding in trees and other hardly accessible places. That is how the legend of Sceoteld was born. Because no one could believe that one single man can fight and kill so many goblins…","После этого трагического события он спрятался в лесу и оттуда начал нападать и убивать зверей.  Многие годы он жил совершенно один, прячась на деревьях и в других труднодоступных местах.  Так родилась легенда о Сцеотелде. Потому что никто не мог поверить, что один человек может сразиться и убить столько гоблинов…","Desde aquele evento trágico, se escondeu nas florestas e dali começou a atacar e matar as bestas. Durante muitos anos viveu completamente sozinho, se escondendo em árvores e outros lugares de difícil acesso. Foi assim que nasceu a lenda de Sceoteld. Porque ninguém podia acreditar que um único homem pudesse lutar e matar tantos goblins…"
Dialogues,c3_q1_king_raed1,"My friends, the greatest mystery is the fate of our King Alfred. His disappearance must be elucidated. What I learned in the last year has to be verified as soon as possible: the enemy does not enter into the castle, just guard it to avoid letting someone entering.","Друзья мои, величайшая загадка – это судьба нашего короля Альфреда. Его исчезновение должно быть выяснено. То, что я узнал за последний год, необходимо как можно скорее проверить: враг не входит в замок, а просто охраняет его, чтобы не позволить кому-либо войти.","Meus amigos, o maior mistério é o destino de nosso Rei Alfred. Seu desaparecimento deve ser elucidado. O que aprendi no último ano precisa ser verificado o quanto antes: o inimigo não entra no castelo, apenas o guarda para evitar que alguém entre."
Dialogues,c3_q1_king_wgs1,That’s really strange. What do we have to do?,Ну это действительно странно. А что мы должны сделать?,Isso é muito estranho. O que precisamos fazer?
Dialogues,c3_q1_king_wgm1,Why doesn't Antiochus want to settle in the castle? And why is he guarding it so hard?,Почему Антиох не хочет поселиться в замке? И почему он так тщательно его охраняет?,Por que Antiochus não quer se instalar no castelo? E por que o guarda com tanto rigor?
Dialogues,c3_q1_king_raed2,You must reach the hall of the throne and try to figure out what happened.,"Вы должны добраться до тронного зала и попытаться выяснить, что же там на самом деле произошло.",Vocês precisam chegar à sala do trono e tentar descobrir o que aconteceu.
Dialogues,c3_q1_king_wgs2,But how can we get there if the enemy has sealed the main gate of the castle?,"Но как туда попасть, если враг запер главные ворота замка?",Mas como podemos chegar lá se o inimigo selou o portão principal do castelo?
Dialogues,c3_q1_king_raed3,"Through the dungeon of the castle. But the only way to the dungeon’s castle is through the caves of the goblins. There, in the midst of your fiercest enemies, you must face your destiny. This will be the mission of your life.","Через подземелья замка. Но единственный путь к подземельям лежит через пещеры гоблинов. Там, среди своих злейших врагов, вам предстоит встретиться лицом к лицу со своей судьбой. Это будет миссия всей вашей жизни.","Pela masmorra do castelo. Mas o único caminho para a masmorra do castelo é pelas cavernas dos goblins. Lá, no meio de seus inimigos mais ferozes, vocês enfrentarão seu destino. Esta será a missão de suas vidas."
Dialogues,c3_q1_king_raed4,"The castle is protected by a force that the dark magic of Antiochus cannot confront. If it is true that the light cannot mix with the darkness, the reverse is also true: the darkness cannot be mixed with the light. The power of light was spread over the whole kingdom through the Book of King Alfred also known as the Book of Light. It is placed right near the throne of the King. Probably Antiochus magically covered the book so that the spread of light over the kingdom is hindered. Or maybe he stole it and hid it somewhere else. If this has happened, you will need to find out where.","Замок защищает сила, которой не может противостоять темная магия Антиоха. Если верно, что свет не может смешиваться с тьмой, то верно и обратное: тьма не может смешиваться со светом. Сила света распространилась по всему королевству через Книгу короля Альфреда, также известную как Книга Света. Она прямо возле трона короля. Вероятно, Антиох волшебным образом накрыл книгу, чтобы воспрепятствовать распространению света по царству. Или, может быть, он украл её и спрятал где-то еще. Если это произошло, вам нужно будет выяснить, куда.","O castelo é protegido por uma força que a magia negra de Antiochus não consegue confrontar. Se é verdade que a luz não pode se misturar com a escuridão, o inverso também é verdade: a escuridão não pode se misturar com a luz. O poder da luz se espalhou por todo o reino através do Livro do Rei Alfred, também conhecido como Livro da Luz. Está colocado bem perto do trono do Rei. Provavelmente Antiochus cobriu magicamente o livro para que a propagação da luz pelo reino fique impedida. Ou talvez o tenha roubado e escondido em outro lugar. Se isso aconteceu, vocês precisarão descobrir onde."
Dialogues,c3_q1_king_wgs3,I know where is the entrance into those caves.,"Я знаю, где вход в эти пещеры.",Sei onde fica a entrada naquelas cavernas.
Dialogues,c3_q1_king_raed5,"Wigmund, you cannot find a better guide. But you will take with you Cyneric, too.","Вигмунд, лучшего проводника тебе и не найти. Но ты возьмешь с собой и Цинерика.","Wigmund, não poderia encontrar guia melhor. Mas levarão Cyneric também."
Dialogues,c3_q1_king_cyn1,"Ah, master Raedan, be blessed!","Ах, господин Рэйдан, будьте благословенны!","Ah, mestre Raedan, seja abençoado!"
Dialogues,c3_q1_king_raed6,"If the three of you fail, even if you were thirty, you would not succeed. Being only three you will not be easily noticed by the enemy spies.","Если вы трое потерпите неудачу, даже если бы вам было тридцать, вы не добьетесь успеха. Поскольку вас всего трое, вражеским шпионам будет нелегко заметить вас.","Se os três falharem, mesmo que fossem trinta, não teriam sucesso. Sendo apenas três, não serão facilmente notados pelos espiões do inimigo."
Dialogues,c3_q1_king_wgm2,"We've had enough rest, we are ready. Salve, Raedan! Let’s hope that one day we will meet again here.","Мы достаточно отдохнули, мы готовы.  Сальве, Рэйдан!  Будем надеяться, что однажды мы встретимся снова.","Já descansamos o suficiente, estamos prontos. Salve, Raedan! Esperamos que um dia nos encontremos aqui novamente."
Dialogues,c3_q1_king_raed7,"Hope is all we have left. A last advice: where there are no doors, look for the false torches, moving bricks, hidden levers… anything like this. ","Надежда - это всё, что у нас осталось. Последний совет: там, где нет дверей, ищите фальшивые факелы, движущиеся кирпичи, скрытые рычаги... что-нибудь в таком духе.","A esperança é tudo que nos resta. Um último conselho: onde não há portas, procurem tochas falsas, tijolos que se movem, alavancas escondidas… qualquer coisa assim."
Dialogues,c3_q1_king_cyn2,"We will remember this advice, master!","Мы запомним этот совет, мастер!","Vamos lembrar desse conselho, mestre!"
Dialogues,c3_q1_king_wgm3,"We are sure about that, Cyneric. Let’s go!","Не сомневаюсь в этом, Цинерик. Пойдем!","Temos certeza disso, Cyneric. Vamos!"
Dialogues,c3_q3_diversion_wgs1,The gates are closed! What can we do?,Ворота закрыты! Ну и что мы можем сделать?,Os portões estão fechados! O que podemos fazer?
Dialogues,c3_q3_diversion_wgm1,"They called that ancient Greek hero, Ulysses, ""the cunning."" Good name! Let's think like him. What we need is a diversion that will make them open the gates.","И звали этого древнегреческого героя Улиссом.""хитрым."" Говорящее имя! Давайте думать, как он. Что нам нужно, так это отвлекающий маневр, который заставит их открыть ворота.","Chamavam aquele herói grego antigo, Ulisses, de ""o astuto"". Bom nome! Vamos pensar como ele. O que precisamos é de uma diversão que os faça abrir os portões."
Dialogues,c3_q3_diversion_cy1,"Master, look! Those towers... they have such thin legs. Like some giants oliphaunts on stilts.","Мастер, смотри! Эти башни... у них такие тонкие ножки. Как какие-то гиганты-олифанты на ходулях.","Mestre, olha! Aquelas torres... têm pernas tão finas. Como gigantescos elefantes em pernas de pau."
Dialogues,c3_q3_diversion_wgm2,I can easily imagine how eager are you to test your weapon on those pillars.,"Я легко могу себе представить, как тебе прямо хочется испытать своё оружие на этих столбах.",Posso imaginar facilmente como você está ansioso para testar sua arma naqueles pilares.
Dialogues,c3_q3_diversion_narr0.1,Cyneric’s eyes twinkled with delight.,Глаза Цинерика сверкнули от восторга.,Os olhos de Cyneric brilharam de alegria.
Dialogues,c3_q3_diversion_wgs2,Let's do it!,Тогда давай сделаем это!,Vamos fazer isso!
Dialogues,c3_q3_diversion_wgm3,Agreed! We will fight while Cyneric cuts through the stilts.,Согласен!  ,Concordo! Vamos lutar enquanto Cyneric corta as pernas.
Dialogues,c3_q3_diversion_done_wgm1,The gates are opened! Now we can get inside.,Ворота открыты! Теперь мы можем проникнуть внутрь.,Os portões estão abertos! Agora podemos entrar.
Dialogues,c3_q3_caverns_entrance_wgs1,"I can't wait to see the dungeons of the castle and touch its old stones... the place where His Majesty, King Alfred, lived.","Мне не терпится увидеть подземелья замка и прикоснуться к его старым камням... месту, где жил Его Величество король Альфред.","Mal posso esperar para ver as masmorras do castelo e tocar suas pedras antigas... o lugar onde Sua Majestade, o Rei Alfred, viveu."
Dialogues,c3_q3_caverns_entrance_wgm2,"After so many years that would be wonderful. But, first, let's find the entrance into the castle’s dungeon.",После стольких лет это было бы чудесно.  Но сначала давайте найдём вход в подземелье замка.,"Depois de tantos anos, isso seria maravilhoso. Mas primeiro, vamos encontrar a entrada para a masmorra do castelo."
Dialogues,c3_q3_entrance_wgm1,"Finally, inside!",Мы наконец-то внутри!,"Finalmente, dentro!"
Dialogues,c3_q3_entrance_wgs1,"Yes, brother, inside. I can’t believe we are still alive.","Да, брат, внутри.  Я не могу поверить, что мы все ещё живы.","Sim, irmão, dentro. Não consigo acreditar que ainda estamos vivos."
Dialogues,c3_q3_entrance_wgm2,"Can you still be doubtful about your skills as warrior, after so many years of living alone in the wild? Aren't you Sceoteld “Fire-Hand”? When you lived alone in the dark side of the forest you killed hundreds of goblins... alone, completely alone.","Как ты можешь сомневаться в своих навыках воина после стольких лет жизни в одиночестве в дикой природе?  Не ты ли Сцеотелд Огнерукий?  Когда ты жил один на темной стороне леса, ты убил сотни гоблинов... один, совершенно один.","Ainda pode duvidar das suas habilidades como guerreiro, depois de tantos anos vivendo sozinho no mato? Não é você Sceoteld ""Mão de Fogo""? Quando vivia sozinho no lado sombrio da floresta matou centenas de goblins... sozinho, completamente sozinho."
Dialogues,c3_q3_entrance_wgs2,Indeed. But I've never fought so many at once.,Это так. Но я никогда не дрался с таким количеством людей одновременно.,De fato. Mas nunca lutei contra tantos de uma vez.
Dialogues,c3_q3_entrance_wgm3,"Neither have I. Anyway, we have a mission. That’s why we’re here. Even if the whole inferno comes against us we ought to find the Great Throne Room. I have never wanted anything so much as I want to discover what happened to our King.","Я тоже. В любом случае, у нас есть миссия.  Вот почему мы здесь. Даже если весь ад обрушится на нас, мы должны найти Великий тронный зал.  Я никогда ничего не хотел так сильно, как узнать, что случилось с нашим королем.","Eu também não. De qualquer forma, temos uma missão. Por isso estamos aqui. Mesmo que o inferno todo venha contra nós, precisamos encontrar a Grande Sala do Trono. Nunca quis tanto algo como descobrir o que aconteceu com nosso Rei."
Dialogues,c3_q3_entrance_cyn1,"Indeed, Master, this is the mission of our lives.","Действительно, Мастер, это миссия всей нашей жизни.","De fato, mestre, esta é a missão de nossas vidas."
Dialogues,c3_q3_entrance_wgs3,"Well said, Cyneric, well said. Our own lives are at stake: who knows if tomorrow we will still be alive?","Хорошо сказано, Цинерик, хорошо сказано. На карту поставлены наши собственные жизни: кто знает, будем ли мы живы завтра?","Bem dito, Cyneric, bem dito. Nossas próprias vidas estão em jogo: quem sabe se amanhã ainda estaremos vivos?"
Dialogues,c3_q3_entrance_wgm4,"Keep your weapons ready for combat. As Raedan has repeated, the Enemy does not have the power to occupy the upper rooms of the castle, but the lower levels are at his disposal, and he has filled them with his filthy armies.","Держите свое оружие на готове. Как повторил Рейдан, Враг не имеет власти занять верхние помещения замка, но нижние уровни находятся в его распоряжении, и он заполнил их своими грязными отродьями.","Mantenham as armas prontas para o combate. Como Raedan repetiu, o Inimigo não tem poder para ocupar os andares superiores do castelo, mas os níveis inferiores estão à sua disposição, e os encheu com seus exércitos imundos."
Dialogues,c3_q3_entrance_narr1,"And so it is that, in an almost crazy but not desperate move, the three knights ventured into the castle’s dungeon that no free man had visited since the day of Antiochus' coup. No one could possibly imagine what they would find there…","И вот так, почти безумным, но не отчаянным шагом, три рыцаря отважились войти в темницу замка, которую ни один свободный человек не посещал со дня переворота Антиоха. Никто и представить себе не мог, что они там найдут…","E assim, num movimento quase insano mas não desesperado, os três cavaleiros se aventuraram pela masmorra do castelo que nenhum homem livre visitara desde o dia do golpe de Antiochus. Ninguém poderia imaginar o que encontrariam lá…"
Dialogues,c3_q3_cryptdoor_wgm1,The great dungeons of Ashdown Castle!,Великие подземелья замка Эшдаун!,As grandes masmorras do Castelo Ashdown!
Dialogues,c3_q3_cryptdoor_wgs1,"Indeed, great dungeons, but sadly they are packed with enemies.","Да, отличные подземелья, но, к сожалению, они доверху забиты врагами.","De fato, grandes masmorras, mas tristemente repletas de inimigos."
Dialogues,c3_q3_cryptdoor_wgm2,We will clear them out! Are you ready my fellow warriors? Let's make them feel the sharpness of the Templar Lions' weapons! And the weight of Cyneric's hammer!,"А мы их устраним! Вы готовы, мои товарищи-воины? Давайте заставим их почувствовать остроту оружия Львов-тамплиеров! И вес молота Цинерика!","Vamos limpá-las! Estão prontos, meus guerreiros? Vamos fazê-los sentir a nitidez das armas dos Leões dos Templários! E o peso do martelo de Cyneric!"
Dialogues,c3_q3_troll_wgs1,What is this new devilry?,Это что эа новая чертовщина?,Que nova maldade é essa?
Dialogues,c3_q3_troll_wgm1,"A cave troll, brother! They have a cave troll!","Пещерный тролль, брат! У них тут есть пещерный тролль!","Um troll das cavernas, irmão! Eles têm um troll das cavernas!"
Dialogues,c3_q3_troll_cyn1,"And we have this hammer, master! Crafted to crush such beasts.","А у нас есть этот молоток, мастер! И он был создан, чтобы сокрушать таких зверей.","E nós temos este martelo, mestre! Forjado para esmagar bestas assim."
Dialogues,c3_q3_troll_wgm2,"Now it's time to show us what your hammer can do, Cyneric!","Теперь пришло время показать нам, на что способен твой молот, Цинерик!","Agora é hora de nos mostrar o que seu martelo pode fazer, Cyneric!"
Dialogues,c3_q3_hatch_wgm1,A hatch! And an incredible lock. There is no keyhole.,Люк! И невероятный замок. Замочной скважины нет.,Um alçapão! E uma fechadura incrível. Não há buraco de fechadura.
Dialogues,c3_q3_hatch_cyn1,"Master, this is a mechanical thing created by those damn goblins, that’s certain. But I saw something like this many years ago, in my childhood. This thing can be opened by forming the right numbers on these wheels. But we need the code. It has to be somewhere, around here.","Мастер, это механическая штука, созданная этими чертовыми гоблинами, это точно. Но нечто подобное я видел много лет назад, в детстве.  Эту вещь можно открыть, сложив на этих колесах правильные цифры. Но нам нужен код. Это должно быть где-то здесь.","Mestre, isso é um mecanismo criado por esses malditos goblins, isso é certo. Mas vi algo assim há muitos anos, na minha infância. Esse negócio pode ser aberto formando os números corretos nessas rodas. Mas precisamos do código. Deve estar em algum lugar por aqui."
Dialogues,c3_q3_hatch_wgs1,"You know many things, Cyneric, but you have missed a small detail: that lever. What do you think, Wigmund? It's worth a try, isn't it?","Ты знаешь так много, Цинерик, но ты упустил маленькую деталь: этот рычаг. Что думаешь, Вигмунд? Стоит рискнуть, так?","Você sabe muitas coisas, Cyneric, mas deixou passar um pequeno detalhe: aquela alavanca. O que acha, Wigmund? Vale a pena tentar, não é?"
Dialogues,c3_q3_hatch_wgm2,I am going to activate it. Let's see what happens.,Я собираюсь активировать его. Давайте посмотрим что произойдет.,Vou ativá-la. Vamos ver o que acontece.
Dialogues,c3_q3_anmorph_wgm1,An anamorphosis!,Анаморфоза!,Uma anamorfose!
Dialogues,c3_q3_anmorph_cyn1,A what?,Что?,Uma o quê?
Dialogues,c3_q3_anmorph_wgm2,No explanation is needed. Just watch: all these are luminous projections of the strange phosphorescent spots on the tiles. That is a VI... and a III... a VIII and a VI.,Никаких объяснений не требуется. Просто посмотрите: все это светящиеся проекции странных фосфоресцирующих пятен на плитке. Это VI... и III... VIII и VI.,Não precisa de explicação. Só observe: tudo isso são projeções luminosas das manchas fosforescentes estranhas nas pedras. Aquele é um VI... e um III... um VIII e um VI.
Dialogues,c3_q3_anmorph_wgs1,What sort of puzzle is this? Hmmm... might these be useful for that strange goblinish mechanism?,Что это за головоломка? Хммм... могут ли они быть полезны для этого странного гоблинского механизма?,Que tipo de enigma é esse? Hmmm... será que esses números podem ser úteis para aquele mecanismo goblinesco estranho?
Dialogues,c3_q3_anmorph_wgm3,You took the words right out of my mouth! Here is the code we are looking for: VI III VIII VI.,"Вы вырвали эти слова прямо из моего рта! Вот код, который мы ищем: VI III VIII VI.",Tirou as palavras da minha boca! Aqui está o código que procuramos: VI III VIII VI.
Dialogues,c3_q3_anmorph_unl_wgm1,Let's see if this mechanism really works.,"Посмотрим, действительно ли этот механизм работает.",Vamos ver se esse mecanismo realmente funciona.
Dialogues,c3_q3_anmorph_unl_cyn1,It has to work!,Должно сработать!,Tem que funcionar!
Dialogues,c3_q3_secretroom_narr1,"They have finally arrived inside. After they had carefully closed the heavy hatch opened by Cyneric, they found themselves in the warm obscurity of a room where the floor was covered with a wooden parquet. Their contact with the smooth, well-polished material makes clear that they had managed to get somewhere, inside the King's castle. Such a floor could be found only in a distinguished and elegant place created by the royal architects.","И наконец они вошли внутрь. Тщательно закрыв тяжелый люк, открытый Цинериком, они очутились в теплой темноте комнаты, где пол был покрыт деревянным паркетом.  Их контакт с гладким, хорошо отполированным материалом дает понять, что им удалось проникнуть куда-то, внутрь королевского замка. Такой пол можно было найти только в утонченном и элегантном месте, созданном царскими архитекторами.","Finalmente chegaram dentro. Depois de fechar cuidadosamente o pesado alçapão aberto por Cyneric, se encontraram na obscuridade aconchegante de um cômodo cujo chão estava coberto de parquet de madeira. O contato com o material liso e bem polido deixou claro que haviam chegado a algum lugar dentro do castelo do Rei. Um chão assim só poderia ser encontrado num lugar distinto e elegante criado pelos arquitetos reais."
Dialogues,c3_q3_secretroom_narr2,"Back to back, Wigmund and Wigstan remained seated for a long time, until their labored breathing became slower and more rhythmic. Despite their apparent calm, which could easily be confused with indifference, each of the three knights was fully aware that here, into the castle, they will confront some of the most dangerous armies of Antiochus, the tyrant.","Стоя спиной друг к другу, Вигмунд и Вигстан долго оставались спокойными, пока их затрудненное дыхание не стало медленнее и ритмичнее.  Несмотря на кажущееся спокойствие, которое легко можно было спутать с равнодушием, каждый из трех рыцарей прекрасно осознавал, что здесь, в замке, им предстоит противостоять одной из самых опасных армий тирана Антиоха.","De costas um para o outro, Wigmund e Wigstan ficaram sentados por muito tempo, até que a respiração ofegante ficou mais lenta e rítmica. Apesar da aparente calma, que facilmente poderia ser confundida com indiferença, cada um dos três cavaleiros estava plenamente consciente de que aqui, no castelo, enfrentariam alguns dos exércitos mais perigosos de Antiochus, o tirano."
Dialogues,c3_q3_secretroom_wgs1,We have to get out of this room. How? Another enigma?,Нам нужно выбираться из этой комнаты. Что? Еще одна загадка?,Precisamos sair deste cômodo. Como? Mais um enigma?
Dialogues,c3_q3_secretroom_cyn1,"Master, I am sure that the wise old man knows best. We just have to follow his advice: “Where there are no doors, look for the false torches, moving bricks, hidden levers… anything like this.”","Мастер, уверен, что нашш мудрый старик лучше знает. И нам остается только последовать его совету: Там, где нет дверей, ищите ложные факелы, движущиеся кирпичи, скрытые рычаги… что-нибудь в этом роде.","Mestre, tenho certeza de que o velho sábio sabe o que é melhor. Só precisamos seguir seu conselho: ""Onde não há portas, procurem tochas falsas, tijolos que se movem, alavancas escondidas… qualquer coisa assim."""
Dialogues,c3_q3_secretroom_wgm1,"Ah, Raedan, be blessed! First, I will try this torch, which is closer to me, then the other one.","Ах, Рейдан, будь благословен! Сначала попробую этот факел, который мне ближе, потом другой.","Ah, Raedan, seja abençoado! Primeiro vou tentar esta tocha, que está mais perto de mim, depois a outra."
Dialogues,c3_q3_secretroom_unlock_cyn1,What was that grinding sound?,Что это был за скрежет?,Que foi aquele rangido?
Dialogues,c3_q3_secretroom_unlock_wgs1,Look! There is a secret door into that wall! ,Смотри! В этой стене есть потайная дверь!,Olha! Há uma porta secreta naquela parede!
Dialogues,c3_q3_secretroom_unlock_wgm1,"That's good, let’s go through it. But do not forget: the less noise the better. Always!","Ну вот и хорошо, давайте пройдемся по этому поводу. Но не забывайте: чем меньше шума, тем лучше!","Ótimo, vamos passar por ela. Mas não se esqueçam: quanto menos barulho, melhor. Sempre!"
Dialogues,c3_q3_secretroom_unlock_wgs2,You are speaking like a true hunter!,Ты говоришь как настоящий охотник!,Está falando como um verdadeiro caçador!
Dialogues,c3_q3_barrack_wisp_narr1,"No one could say how many enemies were patrolling the corridors of the majestic royal building. But it was clear that, at least, the lower levels were filled with who knows what creatures of darkness. Deep in concentration, Wigmund was listening attentively to all the surrounding sounds. Some vague and distant noises, similar to those made by the sound of a blade dragged on stone, could be heard, constantly. Much closer, some other sounds seemed to be the snoring of some sleeping huons. Suddenly, Wigmund remembered a piece of advice often repeated by Raedan.","Никто не мог сказать, сколько врагов патрулировало коридоры величественного королевского здания.  Но было ясно, что, по крайней мере, нижние уровни были заполнены неизвестно какими порождениями тьмы.  Глубоко сосредоточившись, Вигмунд внимательно прислушивался ко всем окружающим звукам.  Постоянно можно было слышать какие-то смутные и отдаленные звуки, похожие на звуки лезвия, волочимого по камню.  Гораздо ближе были другие звуки, похожие на храп каких-то спящих юонов.  Внезапно Вигмунд вспомнил совет, который часто повторял Рейдан.","Ninguém poderia dizer quantos inimigos patrulhavam os corredores do majestoso edifício real. Mas estava claro que, pelo menos, os níveis inferiores estavam repletos de sabe-se lá que criaturas das trevas. Concentrado, Wigmund ouvia atentamente todos os sons ao redor. Alguns ruídos vagos e distantes, semelhantes ao som de uma lâmina arrastada em pedra, podiam ser ouvidos constantemente. Bem mais perto, outros sons pareciam ser o ronco de alguns soldados dormindo. De repente, Wigmund se lembrou de um conselho frequentemente repetido por Raedan."
Dialogues,c3_q3_barrack_wisp_wgm1,"""Close the portal-stones"".","""Закрыть портальные камни  "".","""Feche as pedras-portal""."
Dialogues,c3_q3_barrack_wisp_wgs1.1,Is that a riddle?,Это загадка?,Isso é um enigma?
Dialogues,c3_q3_barrack_wisp_wgs1.2,What kind of stones are those?,Что это за камни?,Que tipo de pedras são essas?
Dialogues,c3_q3_barrack_wisp_wgs1.3,How can we do that? ,Ну и как мы сделаем это?,Como podemos fazer isso?
Dialogues,c3_q3_barrack_wisp_wgm2.1,"No, some advice from Raedan.","Нет, несколько советов от Рэйдана.","Não, um conselho de Raedan."
Dialogues,c3_q3_barrack_wisp_wgm2.2,"That is hard to say. They suggest that Antiochus is trained in those cursed dark arts. In any case, I am sure that we will recognize them when we see them.","Трудно сказать.  Они предполагают, что Антиох обучен этим проклятым темным искусствам.  В любом случае, я уверен, что мы их узнаем, когда увидим.","É difícil dizer. Sugerem que Antiochus é treinado nessas malditas artes negras. De qualquer forma, tenho certeza de que as reconheceremos quando as virmos."
Dialogues,c3_q3_barrack_wisp_wgm3,"Not without a sacred relic. In the castle there are bound to be some. Not in their proper, honorable places, of course. The Enemy knows that the power of the relics depends on their being placed in reliquaries.","Не обошлось и без священной реликвии.  В замке наверняка найдутся.  Не на своих почетных местах, конечно.  Враг знает, что сила реликвий зависит от их помещения в реликварии.","Não sem uma relíquia sagrada. No castelo deve haver algumas. Não em seus lugares próprios e honrosos, claro. O Inimigo sabe que o poder das relíquias depende de estarem colocadas em relicários."
Dialogues,c3_q3_barrack_wisp_cyn1.1,Sacred relics?,Священные реликвии?,Relíquias sagradas?
Dialogues,c3_q3_barrack_wisp_cyn1.2,What do they look like?,Как они выглядят?,Como são?
Dialogues,c3_q3_barrack_wisp_wgm4.1.1,Yes. They are really rare.,Да.  Они действительно редки.,Sim. São muito raras.
Dialogues,c3_q3_barrack_wisp_wgm4.2.1,"Usually, they are enclosed in a small capsule made from orichalcum.",Обычно они заключены в небольшую капсулу из орихалка.,Normalmente são guardadas numa pequena cápsula feita de oricalco.
Dialogues,c3_q3_barrack_wisp_cyn1.2.1,That is the rarest metal we know.,"Это самый редкий металл, который мы знаем.",Esse é o metal mais raro que conhecemos.
Dialogues,c3_q3_barrack_wisp_wgm4.2.2,"And the toughest. Anyway, I am sure we will recognize it.","И самый крепкий.  В любом случае, я уверен, мы это поймем.","E o mais resistente. De qualquer forma, tenho certeza de que as reconheceremos."
Dialogues,c3_q3_barrack_wisp_cyn1.3,But where can we find such a marvelous thing?,Но где же найти такую чудесную вещь?,Mas onde podemos encontrar algo tão maravilhoso?
Dialogues,c3_q3_barrack_wisp_wgm5,I do not know. We will find out somehow... let's get out of this claustrophobic place!,Я не знаю.  Как-нибудь узнаем... давайте выбираться из этого клаустрофобного места!,Não sei. Descobriremos de alguma forma... vamos sair desse lugar claustrofóbico!
Dialogues,c3_q3_barrack_icon_wgm1,I can’t believe that such beautiful things have ever been crafted.,"Я не могу поверить, что когда-либо создавались такие красивые вещи.",Não consigo acreditar que coisas tão belas já foram criadas.
Dialogues,c3_q3_barrack_icon_wgs1,"Don’t forget that the Kingdom of King Alfred was surnamed the ""Beautiful Kingdom"". It was renowned for its extraordinary icons, paintings, jewels and many other fine creations.","Не забывайте, что Королевство короля Альфреда называлось  ""Прекрасное королевство"". Он славился своими необыкновенными иконами, картинами, драгоценностями и многими другими прекрасными творениями.","Não se esqueça de que o Reino do Rei Alfred foi chamado de ""Reino Belo"". Era renomado por seus ícones, pinturas, joias e muitas outras criações exquisitas."
Dialogues,c3_q3_barrack_icon_wgm2,"Will we see, once again, a truly beautiful world? Perhaps beauty has fled from the world of men.","Увидим ли мы снова поистине прекрасный мир?  Возможно, красота сбежала из мира мужчин.",Veremos novamente um mundo verdadeiramente belo? Talvez a beleza tenha fugido do mundo dos homens.
Dialogues,c3_q3_barrack_icon_cyn1,Look! What is this lovely thing?,Смотрите!  ,Olha! O que é essa coisa adorável?
Dialogues,c3_q3_barrack_icon_angel1,Follow the light!,Следуй за светом!,Siga a luz!
Dialogues,c3_q3_ghostboss_enter_wgm1,Thousands of Skeletons! ,Тысячи скелетов! ,Milhares de esqueletos!
Dialogues,c3_q3_ghostboss_enter_cyn1,Plenty for all of us! May the best knight win!,Их слишком много для всех нас! Так пусть победит лучший рыцарь!,O suficiente para todos nós! Que vença o melhor cavaleiro!
Dialogues,c3_q3_ghostboss_charging_wgs1,An invisible enemy!,Невидимый враг!,Um inimigo invisível!
Dialogues,c3_q3_ghostboss_charging_wgm1,"This dark creature doesn’t attack continuously. Why is that? Anyway, we are at its mercy.","Это темное существо не атакует постоянно. Почему так? В любом случае, мы в его власти.","Esta criatura das trevas não ataca continuamente. Por que será? De qualquer forma, estamos à sua mercê."
Dialogues,c3_q3_ghostboss_charging_wgs2,Look! It goes in that pit! But how can we make it visible?,Смотрите!  ,Olha! Vai para aquele poço! Mas como podemos torná-la visível?
Dialogues,c3_q3_ghostboss_charging_cyn1,"Master, perhaps we can release the net attached to that crane.","Мастер, возможно, мы сможем освободить сеть, прикрепленную к этому крану.","Mestre, talvez possamos soltar a rede presa naquele guindaste."
Dialogues,c3_q3_ghostboss_charging_wgm2,"Good idea, Cyneric! I’ll cut that rope. But, first, we have to move the crane’s handle.","Хорошая идея, Цинерик!  Я перережу эту веревку.  Но сначала нам нужно подвинуть ручку крана.","Boa ideia, Cyneric! Vou cortar aquela corda. Mas primeiro precisamos mover a manivela do guindaste."
Dialogues,c3_q3_ghostboss_relic_wgm1,We have the holy thing. I hope we will find the reliquary for it.,"У нас есть святыня.  Надеюсь, мы найдем для него реликварий.",Temos a coisa sagrada. Espero que encontremos o relicário para ela.
Dialogues,c3_q3_ghostboss_relic_wgs1,"Otherwise, I am not sure if we will succeed. I am so tired…","В противном случае я не уверен, что мы добьемся успеха.  Я так устал…","Caso contrário, não sei se teremos sucesso. Estou tão cansado…"
Dialogues,c3_q3_ghostboss_relic_cyn1.1,"Yes, I am tired, too. ","Да, я тоже устал.","Sim, eu também estou cansado."
Dialogues,c3_q3_ghostboss_relic_cyn1.2,What can be next? ,И что дальше?,O que vem a seguir?
Dialogues,c3_q3_ghostboss_relic_cyn1.3,I've heard something about a dragon.,Я слышал кое-что о драконе.,Ouvi algo sobre um dragão.
Dialogues,c3_q3_ghostboss_relic_cyn1.4,"Tired or not, we have to go. There is no way back.","Устали мы или нет, нам пора идти.  Пути назад нет.","Cansados ou não, precisamos ir. Não há caminho de volta."
Dialogues,c3_q3_ghostboss_relic_wgm2.1,It cannot be otherwise. We have been fighting this filthy army of Antiochus for hours.,Иначе и быть не может.  Мы сражаемся с этой проклятой армией Антиоха уже несколько часов.,Não poderia ser diferente. Estamos lutando contra esse exército imundo de Antiochus há horas.
Dialogues,c3_q3_ghostboss_relic_wgm2.2,"There are still other enemies, worse than those already defeated.","Есть еще и другие враги, еще худшие, чем уже побежденные.","Ainda há outros inimigos, piores do que os já derrotados."
Dialogues,c3_q3_ghostboss_relic_wgm2.3,We've already learnt about that. No need to mention it now.,Мы уже узнали об этом.  Нет нужды сейчас об этом упоминать.,Já ficamos sabendo disso. Não precisa mencionar agora.
Dialogues,c3_q3_ghostboss_relic_wgm3,"Indeed, no warrior can fight hours and hours without some rest. But we cannot rest now. If we close the portals, we will get some rest. May the spirit of our King help us!","Действительно, ни один воин не может сражаться часами без отдыха.  Но сейчас мы не можем отдыхать.  Если мы закроем порталы, мы немного отдохнем.  Да поможет нам дух нашего Царя!","De fato, nenhum guerreiro pode lutar horas e horas sem algum descanso. Mas não podemos descansar agora. Se fecharmos os portais, teremos algum descanso. Que o espírito de nosso Rei nos ajude!"
Dialogues,c3_q3_ghostboss_relic_angel1,Be patient! Follow the light!,Потерпи!  Следуй за светом!,Tenham paciência! Sigam a luz!
Dialogues,c3_q3_tostneot_ghall_door_wgm1,These gates cannot be opened. We have to find a way round.,Эти ворота невозможно открыть.  Нам нужно найти обходной путь.,Esses portões não podem ser abertos. Precisamos encontrar outro caminho.
Dialogues,c3_q3_tostneot_ghall_door_wgs1,Check the next door!,Проверьте следующую дверь!,Verifique a próxima porta!
Dialogues,c3_q3_tostneot_ghall_door_wgm2,For sure.,Конечно.,Com certeza.
Dialogues,c3_q3_greathall_narr1,“Where are the seats at the feasting gone? Where are the merry sounds in the hall?”,Куда делись свободные места на пиру? Почему не веселимся?,"""Onde foram os assentos do festim?
Onde estão os sons alegres no salão?"""
Dialogues,c3_q3_stneot_stneot1,What an unexpected meeting! With whom do I have this rare honor?,Какая неожиданная встреча!  Кто же удостоил меня этой редкой чести?,Que encontro inesperado! Com quem tenho esta rara honra?
Dialogues,c3_q3_stneot_wgm1,"My name is Wigmund, sir. And this is Wigstan, surnamed Sceoteld, my brother. We are Wiglaf’s sons. And this valiant giant is named Cyneric.","Меня зовут Вигмунд, сэр.  А это Вигстан по фамилии Сцеотелд, мой брат.  Мы сыновья Виглафа. А этого доблестного великана зовут Цинериком.","Meu nome é Wigmund, senhor. E este é Wigstan, chamado Sceoteld, meu irmão. Somos filhos de Wiglaf. E este valente gigante se chama Cyneric."
Dialogues,c3_q3_stneot_stneot2,The lions of Templar! If you got here you really are valiant knights. What a happy day!,"Львы тамплиеров!  Если вы попали сюда, то вы действительно доблестные рыцари.  Какой счастливый день!","Os leões dos Templários! Se chegaram até aqui, são realmente valentes cavaleiros. Que dia feliz!"
Dialogues,c3_q3_stneot_wgm1.1,Lions of Templar? Why do you mention them?,Львы тамплиеров?  Почему вы их упоминаете?,Leões dos Templários? Por que os menciona?
Dialogues,c3_q3_stneot_wgm1.2,Who are you? ,Кто ты такой?,Quem é você?
Dialogues,c3_q3_stneot_wgm1.3,Happy? We are so tired… So tired. Our journey seems to be without end.,Счастливый день? ,Feliz? Estamos tão cansados… Tão cansados. Nossa jornada parece não ter fim.
Dialogues,c3_q3_stneot_stneot3.1,"Because that prophecy, one day - if not today -  will become true.","Потому что было пророчество, что это случится и видимо это 'это' сегодня.","Porque aquela profecia, um dia — se não hoje — se tornará verdadeira."
Dialogues,c3_q3_stneot_wgm1.1.1,What prophecy?,Что за пророчество?,Que profecia?
Dialogues,c3_q3_stneot_stneot3.1.1,“The lions will return. The unseen light will shine. The darkness will vanish.” These are the words of a prophecy heard after that infamous tyrant seized power.,"'Львы вернутся. Воссияет невидимый свет. Тьма рассеется.' Это слова пророчества, прозвучавшего после того, как этот печально известный тиран захватил власть.","""Os leões retornarão. A luz invisível brilhará. As trevas desaparecerão."" Estas são as palavras de uma profecia ouvida depois que aquele tirano infame tomou o poder."
Dialogues,c3_q3_stneot_stneot3.2,"I am Saint Neot, King Alfred’ confessor and adviser.","Я святой Неот, духовник и советник короля Альфреда.","Sou Santo Neot, confessor e conselheiro do Rei Alfred."
Dialogues,c3_q3_stneot_wgm1.2.1,"In my childhood I heard many times your name, but it is still hard to believe that someone can appear like this, out of nowhere.","В детстве я много раз слышал твое имя, но до сих пор трудно поверить, что кто-то может появиться вот так, из ниоткуда.","Na minha infância ouvi seu nome muitas vezes, mas ainda é difícil acreditar que alguém possa aparecer assim, do nada."
Dialogues,c3_q3_stneot_stneot3.2.1,"Hard to believe for you, perhaps, but not for me.","Возможно, вам в это трудно поверить, но не мне.","Difícil de acreditar para você, talvez, mas não para mim."
Dialogues,c3_q3_stneot_stneot4,"Without end you have said… but that’s not true. Any journey, any path has its own end. You have to persevere. Those who will be patient to the end will see the day of victory. Why are you here?","Без конца вы говорили… но это неправда.  Любое путешествие, любой путь имеет свой конец.  Вы должны упорствовать.  Кто продержится до конца, увидит день победы.  Почему ты здесь?","Sem fim você disse… mas isso não é verdade. Toda jornada, todo caminho tem seu próprio fim. Precisam perseverar. Quem tiver paciência até o fim verá o dia da vitória. Por que estão aqui?"
Dialogues,c3_q3_stneot_wgm2,"To learn what happened to our beloved King, Alfred, on the day of doom. None of us know where is he or if His Majesty is still alive.","Узнайте, что случилось с нашим любимым королем Альфредом в Судный день.  ","Para saber o que aconteceu com nosso amado Rei, Alfred, no dia do apocalipse. Nenhum de nós sabe onde ele está ou se Sua Majestade ainda está vivo."
Dialogues,c3_q3_stneot_stneot5,That is good! You are here for the best reason. To find that answer you have to reach the great throne room. But no human can get there.,"Это хорошо!  Вы здесь по уважительной причине.  Чтобы найти ответ, вам нужно добраться до огромного тронного зала.  Но ни один человек не может туда попасть.","Isso é bom! Estão aqui pelo melhor motivo. Para encontrar essa resposta, precisam chegar à grande sala do trono. Mas nenhum humano consegue chegar lá."
Dialogues,c3_q3_stneot_wgs2,Why? Raedan the Wise taught us that no enemy can stay near the Great Hall.,"Почему?  Рейдан Мудрый научил нас, что ни один враг не может оставаться рядом с Большим залом.","Por quê? Raedan, o Sábio, nos ensinou que nenhum inimigo pode ficar perto do Grande Salão."
Dialogues,c3_q3_stneot_stneot6,"Generally speaking, he is right. But this only applies to some of Antiochus minions. Not to all of them. And Antiochus has some rare servants… Rare and extremely powerful.",В целом он прав.  Но это относится только к некоторым приспешникам Антиоха.  Не всем.  А у Антиоха есть редкие слуги… Редкие и чрезвычайно могущественные.,"Em termos gerais, ele está certo. Mas isso só se aplica a alguns servos de Antiochus. Não a todos. E Antiochus tem alguns servos raros… Raros e extremamente poderosos."
Dialogues,c3_q3_stneot_wgm3,We have already learnt that.,Мы это уже поняли.,Já aprendemos isso.
Dialogues,c3_q3_stneot_stneot7,Not enough! Now you are going to learn the toughest lesson.,Недостаточно!  Сейчас вам предстоит усвоить самый трудный урок.,Não o suficiente! Agora vão aprender a lição mais difícil.
Dialogues,c3_q3_stneot_wgm4,"We are tired, but ready. We are weak, but not desperate. Our mission is far beyond our powers, but we have hope. And even if we are killed it is better to be dead than to live under such tyranny.","Мы устали, но готовы.  Мы слабы, но не в отчаянии.  Наша миссия выходит далеко за рамки наших сил, но у нас есть надежда.  И даже если нас убьют, лучше умереть, чем жить под такой тиранией.","Estamos cansados, mas prontos. Somos fracos, mas não desesperados. Nossa missão está muito além de nossas forças, mas temos esperança. E mesmo que sejamos mortos, é melhor estar morto do que viver sob tal tirania."
Dialogues,c3_q3_stneot_narr1,A small smile appeared on Saint Neot’s face.,На лице Святого Неота появилась легкая улыбка.,Um pequeno sorriso apareceu no rosto de Santo Neot.
Dialogues,c3_q3_stneot_stneot8,Even a lion has to be as wise as a serpent.,"Даже лев должен быть таким же мудрым, как змея.",Até um leão precisa ser tão sábio quanto uma serpente.
Dialogues,c3_q3_stneot_wgm5,"But what creature can be there? Tell us, please.","Но какое существо может там находиться?  Расскажите нам, пожалуйста.","Mas que criatura pode estar lá? Nos diga, por favor."
Dialogues,c3_q3_stneot_stneot9,A dragon. ,Это дракон.,Um dragão.
Dialogues,c3_q3_stneot_cyn1,A dragon?,Что значит - Дракон?,Um dragão?
Dialogues,c3_q3_stneot_stneot10,Yes! A dragon!,"Дракон, это Дракон!",Sim! Um dragão!
Dialogues,c3_q3_stneot_narr2,"And Cyneric said with a strange, rigid, and fierce look:","И Цинерик сказал со странным, жестким и свирепым видом:","E Cyneric disse com um olhar estranho, rígido e feroz:"
Dialogues,c3_q3_stneot_cyn2,So the old stories are real... A dragon!,"Выходит, старые истории реальны... значит Дракон!",Então as histórias antigas são reais... Um dragão!
Dialogues,c3_q3_stneot_stneot11,"Do not think that you can do anything against it! This is a foe beyond any of you. No human creature can defeat a dragon. It is a materialized demon of terror, a demon from the unseen world. Such an unholy creature is guarding the doors to the Great Hall. The arch-enemy does not want to let any human learn what happened to King Alfred.","Не думайте, что вы можете что-то сделать против этого!  Это враг, превосходящий любого из вас.  Ни одно человеческое существо не сможет победить дракона.  Это материализованный демон ужаса, демон из невидимого мира.  Такое нечестивое существо охраняет двери в Большой зал.  Заклятый враг не хочет, чтобы кто-либо из людей узнал, что случилось с королем Альфредом.","Não pensem que conseguem fazer algo contra ele! Este é um inimigo além de todos vocês. Nenhuma criatura humana pode derrotar um dragão. É um demônio do terror materializado, um demônio do mundo invisível. Tal criatura profana guarda as portas do Grande Salão. O arquiinimigo não quer deixar nenhum humano descobrir o que aconteceu com o Rei Alfred."
Dialogues,c3_q3_stneot_wgm6.1,The Arch-enemy? Antiochus?,Заклятый враг?  Антиох?,O Arquiinimigo? Antiochus?
Dialogues,c3_q3_stneot_wgm6.2,Why a dragon? ,Почему именно дракон? ,Por que um dragão?
Dialogues,c3_q3_stneot_wgm6.3,Why not in the great hall?,Почему не в большом зале?,Por que não no grande salão?
Dialogues,c3_q3_stneot_wgm6.4,But how can we defeat it? We must find a way!,Но как мы можем победить его?  Мы должны найти способ!,Mas como podemos derrotá-lo? Precisamos encontrar um jeito!
Dialogues,c3_q3_stneot_stneot12.1,"No, not Antiochus. He is just his puppet. You will understand this later.","Нет, не Антиох.  Он всего лишь его марионетка.  Вы поймете это позже.","Não, não é Antiochus. Ele é apenas uma marionete. Entenderão isso mais tarde."
Dialogues,c3_q3_stneot_stneot12.2,Because only a dragon can remain near such a holy place. Its evilness is strong enough to stand in the vicinity of the power of light.,"Потому что возле такого святого места может оставаться только дракон.  Его злоба достаточно сильна, чтобы противостоять силе света.",Porque só um dragão consegue ficar perto de um lugar tão sagrado. Sua maldade é forte o suficiente para se manter nas imediações do poder da luz.
Dialogues,c3_q3_stneot_stneot12.3,No evil creature can stay inside such a holy place. They can only stop good people entering the hall. The arch-enemy wants by every means to prevent that.,Ни одно злое существо не может оставаться в таком святом месте.  Они могут только помешать хорошим людям войти в зал.  Заклятый враг хочет всеми средствами предотвратить это.,Nenhuma criatura maligna consegue ficar dentro de um lugar tão sagrado. Elas só conseguem impedir pessoas boas de entrar no salão. O arquiinimigo quer por todos os meios evitar isso.
Dialogues,c3_q3_stneot_stneot13,Of course there is a way! This is what I will teach you: how to kill a dragon.,"Конечно, есть способ!  Вот чему я тебя научу: как убить дракона.",Claro que há um jeito! É isso que vou ensinar a vocês: como matar um dragão.
Dialogues,c3_q3_stneot_cyn3,How? ,Чего?,Como?
Dialogues,c3_q3_stneot_stneot14,"Only a knight with a sword blessed by the King can kill a dragon. Or rather, a dragon cannot be killed, but its material manifestation can be destroyed.","Только рыцарь с мечом, благословленным Королем, может убить дракона.  Вернее, дракона невозможно убить, но можно уничтожить его материальное проявление.","Apenas um cavaleiro com uma espada abençoada pelo Rei pode matar um dragão. Ou melhor, um dragão não pode ser morto, mas sua manifestação material pode ser destruída."
Dialogues,c3_q3_stneot_wgm7,A blessing given by the King? So King Alfred is alive?,"Благословение, данное королем?  Значит, король Альфред жив?",Uma bênção dada pelo Rei? Então o Rei Alfred está vivo?
Dialogues,c3_q3_stneot_stneot15,You will see for yourself. I will not speak about that. The only thing that I am going to tell you is how to put the dragon to sleep. To do this you will need a mystic artifact.,"Вы всё увидите сами.  Я не буду об этом говорить.  Единственное, что я собираюсь вам рассказать, это как усыпить дракона.  Для этого вам понадобится мистический артефакт.",Vocês verão por si mesmos. Não vou falar sobre isso. A única coisa que direi é como fazer o dragão adormecer. Para isso vão precisar de um artefato místico.
Dialogues,c3_q3_stneot_wgm8,What artifact?,Какой артефакт?,Que artefato?
Dialogues,c3_q3_stneot_stneot16,The golden harp of King Alfred. It can sing by itself such songs that no evil creature can remain awake.,"Золотая арфа короля Альфреда.  Она может петь сама по себе такие песни, что ни одно злое существо не сможет не уснуть.",A harpa dourada do Rei Alfred. Ela consegue cantar por si mesma tais canções que nenhuma criatura maligna consegue permanecer acordada.
Dialogues,c3_q3_stneot_wgs3,And what sort of musical instrument is this?,А что это за музыкальный инструмент?,E que tipo de instrumento musical é esse?
Dialogues,c3_q3_stneot_stneot17,"A harp used by King Alfred when he composed poems and hymns. It is said that the music of the spheres mentioned by that wise man from Athens, Plato, was sometimes played on this harp. But what really matters is this: in the presence of evil, the harp sings to dispel any maleficent craft or creature.","Арфа, на которой король Альфред сочинял стихи и гимны.  Говорят, что на этой арфе иногда играла музыка сфер, упомянутая афинским мудрецом Платоном.  Но что действительно важно, так это то, что в присутствии зла арфа поет, чтобы рассеять любое зловредное ремесло или существо.","Uma harpa usada pelo Rei Alfred quando compunha poemas e hinos. Diz-se que a música das esferas mencionada por aquele homem sábio de Atenas, Platão, era às vezes tocada nesta harpa. Mas o que realmente importa é isto: na presença do mal, a harpa canta para dissipar qualquer feitiço ou criatura malévola."
Dialogues,c3_q3_stneot_wgm9,"So, the dragon will fall asleep and we will enter the Great Hall!","Итак, дракон уснет и мы войдем в Большой Зал!","Então, o dragão adormecerá e entraremos no Grande Salão!"
Dialogues,c3_q3_stneot_stneot18,Indeed. But there is still one small problem...,Действительно.  Но есть еще одна маленькая проблема...,De fato. Mas ainda há um pequeno problema...
Dialogues,c3_q3_stneot_wgs4,A small problem?,Маленькая проблема?,Um pequeno problema?
Dialogues,c3_q3_stneot_stneot19,"The seal of the royal treasure where the harp is hidden is kept by two terrible enemies... the Dark Guardian and the Fire Dwarf. One of them is in the Southwestern tower-room. 

The other is guarding the Easternmost hall before the stairs to the Great Hall. I am sure that you will find them. If you defeat them, the round seal of the treasury will be yours.","Печать королевского сокровища, где спрятана арфа, хранят два страшных врага: Темный Страж и Огненный Гном.  Один из них находится в Юго-западной башне.   
 
Другой охраняет самый восточный зал перед лестницей в Большой зал.  Я уверен, что вы их найдете.  Если вы победите их, круглая печать сокровищницы станет вашей.","O selo do tesouro real onde a harpa está escondida é guardado por dois inimigos terríveis... o Guardião das Trevas e o Anão de Fogo. Um deles fica na sala da torre sudoeste.

O outro guarda a sala mais a leste antes das escadas para o Grande Salão. Tenho certeza de que os encontrarão. Se os derrotarem, o selo circular do tesouro será de vocês."
Dialogues,c3_q3_stneot_wgm10,How can it be otherwise?,Как может быть иначе?,Como poderia ser diferente?
Dialogues,c3_q3_stneot_stneot20,"If you have managed to get here, I really trust you. Your father is so proud of you. One day you will be together in the Great Hall of the Heavenly Castle. Now you can go! Do not look back! A great future awaits you. May the light be with you!","Если вам удалось сюда попасть, я вам очень доверяю.  Твой отец так гордится тобой.  Однажды вы окажетесь вместе в Большом зале Небесного Замка.  Теперь вы можете идти!  Не оглядывайся!  Вас ждет великое будущее.  Да пребудет с тобой свет!","Se conseguiram chegar até aqui, realmente confio em vocês. Seu pai está tão orgulhoso de vocês. Um dia estarão juntos no Grande Salão do Castelo Celestial. Podem ir agora! Não olhem para trás! Um grande futuro os aguarda. Que a luz esteja com vocês!"
Dialogues,c3_q3_general_shadow_wgm1,This place is as dark as the one who lives here.,"Это место такое же тёмное, как и тот, кто здесь живёт.",Este lugar é tão sombrio quanto aquele que vive aqui.
Dialogues,c3_q3_general_shadow_wgs1,"Indeed, brother. What a strange light!","Действительно, брат.  Какой странный свет!","De fato, irmão. Que luz estranha!"
Dialogues,c3_q3_general_shadow_wgm2,It is more like an illusory light that is a form of darkness.,"Это больше похоже на иллюзорный свет, являющийся формой тьмы.",É mais como uma luz ilusória que é uma forma de escuridão.
Dialogues,c3_q3_general_shadow_wgs2,This is a strange thing. A really strange thing…,Это странная вещь.  Действительно странная вещь…,Isso é uma coisa estranha. Realmente estranha…
Dialogues,c3_q3_general_fire_wgs1,What on earth? This giant is the one named “Fire Dwarf”?,"Что, черт возьми?  Этого гиганта зовут Огненный гном?","Que é isso? Este gigante é o chamado ""Anão de Fogo""?"
Dialogues,c3_q3_general_fire_wgm1,"Sure, Wigstan, a little bit of humor doesn't hurt.","Конечно, Вигстан, немного юмора не повредит.","Claro, Wigstan, um pouco de humor não faz mal."
Dialogues,c3_q3_general_fire_wgs2,I can hardly taste any humor in front of such an opponent.,Я едва ли чувствую юмор перед таким оппонентом.,Tenho dificuldade em sentir humor na presença de tal oponente.
Dialogues,c3_q3_general_fire_wgm2,"I hope that we will be able to laugh at all this later, when the darkness is scattered.","Надеюсь, что мы сможем посмеяться над всем этим позже, когда тьма рассеется.","Espero que possamos rir de tudo isso mais tarde, quando a escuridão for dispersa."
Dialogues,c3_q3_general_fire_cyn1,"A good hope, master, a good hope!","Хорошая надежда, мастер, добрая надежда!","Uma boa esperança, mestre, uma boa esperança!"
Dialogues,c3_q3_generalsdefeated_wgm,We can go now into the vault.,Теперь мы можем пойти в хранилище.,Podemos ir ao cofre agora.
Dialogues,c3_q3_generalsdefeated_wgs,"Yes, we can.",Да мы можем.,"Sim, podemos."
Dialogues,c3_q5_treasury_cyn1,"Can we go to the dragon, master?","Мы можем пойти к дракону, мастер?","Podemos ir até o dragão, mestre?"
Dialogues,c3_q5_treasury_wgm1,"Cyneric, my friend, you will see your dream realised. But I am afraid it may be a terrible dream.","Цинерик, друг мой, ты увидишь, как твоя мечта осуществится.  Но я боюсь, что это может быть ужасный сон.","Cyneric, meu amigo, seu sonho se realizará. Mas temo que possa ser um sonho terrível."
Dialogues,c3_q5_treasury_wgs1,I hope that such a dream will not turn into a nightmare. A nightmare from which you cannot wake up…,"Надеюсь, что такой сон не превратится в кошмар.  Кошмар, от которого невозможно проснуться…",Espero que tal sonho não se torne um pesadelo. Um pesadelo do qual não se consegue acordar…
Dialogues,c3_q5_treasury_wgm2,Do not let such thoughts disturb your mind. It is better to go.,Не позволяйте таким мыслям тревожить ваш разум.  Лучше пойти.,Não deixe esses pensamentos perturbarem sua mente. É melhor ir.
Dialogues,c3_q5_treasury_cyn2,"Master, we'll follow you even into the worst imaginable nightmares!","Мастер, мы последуем за вами даже в самые худшие кошмары, которые только можно себе представить!","Mestre, seguiremos você até os piores pesadelos imagináveis!"
Dialogues,c3_q5_treasury_wgs2,We have already chosen.,Мы уже выбрали.,Já escolhemos.
Dialogues,c3_q5_dragonroom_wgm1,How can we use this thing?,Как мы можем использовать эту вещь?,Como podemos usar essa coisa?
Dialogues,c3_q5_dragonroom_wgs1,Do not remember? Saint Neot has told us that in the presence of any evil thing or creature the harp will sing alone.,"Не запоминай?  Святой Неот сказал нам, что в присутствии любого злого существа или существа арфа будет петь одна.",Não lembra? Santo Neot nos disse que na presença de qualquer coisa ou criatura maligna a harpa cantará sozinha.
Dialogues,c3_q5_dragonroom_wgm2,So what can we do? Shall I just keep the harp in front of me when entering the room?,"Так что мы можем сделать?  Должен ли я просто держать арфу перед собой, когда вхожу в комнату?",E então o que fazemos? Simplesmente seguro a harpa na minha frente ao entrar no cômodo?
Dialogues,c3_q5_dragonroom_wgs2,Yes! What else?,Да!  Что еще?,Sim! O que mais?
Dialogues,c3_q5_dragonroom_cyn1,"Do not be afraid, master! If the dragon attacks you, I will pay him back double!","Не бойтесь, мастер!  Если дракон нападет на тебя, я отплачу ему вдвойне!","Não tenha medo, mestre! Se o dragão te atacar, eu pago em dobro!"
Dialogues,c3_q5_dragonroom_wgm3,"Cyneric, do not forget what Saint Neot has told us: we are not prepared to confront such a terrible demon directly. So, be patient and don't do anything rash!","Цинерик, не забывай, что сказал нам святой Неот: мы не готовы противостоять такому ужасному демону напрямую.  Так что наберитесь терпения и не делайте ничего опрометчивого!","Cyneric, não esqueça o que Santo Neot nos disse: não estamos preparados para confrontar tal demônio terrível diretamente. Então, tenha paciência e não faça nada precipitado!"
Dialogues,c3_q5_dragonroom_cyn2,Master knows better. I will follow you and I will keep my hammer on my back.,Мастер знает лучше.  Я последую за тобой и буду держать молот за спиной.,O mestre sabe mais. Vou segui-lo e manter o martelo nas costas.
Dialogues,c3_q5_dragonroom_wgm4,Do so and everything will be fine.,Сделайте это и все будет хорошо.,Faça isso e tudo ficará bem.
Dialogues,c3_q5_dragonroom1_in_cyn1,"Ah, master! What a monster!","Ах, мастер! Что же за монстр!","Ah, mestre! Que monstro!"
Dialogues,c3_q5_dragonroom1_in_wgm1,It is not wise even to gaze on such an unholy creature! Let's continue our journey to the Great Hall of the King.,Неразумно даже смотреть на такое нечестивое существо!  Продолжим наше путешествие в Большой Зал Короля.,Não é nem sábio olhar para tal criatura profana! Vamos continuar nossa jornada até o Grande Salão do Rei.
Dialogues,c3_q5_dragonroom1_in_wgs1,"The legends are true! If at times I doubted, now I am ashamed of my folly.","Легенды правдивы!  Если временами я сомневался, то теперь стыжусь своей глупости.","As lendas são verdadeiras! Se às vezes duvidei, agora tenho vergonha da minha tolice."
Dialogues,c3_q5_dragonroom1_in_wgm2,Greater things than these shalt thou see. Don’t stop!,"Ты увидишь нечто большее, чем это.  Не останавливайся!",Coisas maiores do que essas você ainda verá. Não pare!
Dialogues,c3_q5_king_narr1,"While the Red Worm was sleeping, the heroes hesitantly entered into the Great Hall of the King. Nothing could be heard inside or outside. It was a place where time itself had stopped. The colossal dimensions of the place made the three of them seem tiny. The knights were filled with a deep humility, accompanied by veneration.","Пока Красный Червь спал, герои нерешительно вошли в Большой зал Короля.  Ни внутри, ни снаружи ничего не было слышно.  Это было место, где само время остановилось.  Колоссальные размеры этого места заставляли их троих казаться крошечными.  Рыцари были исполнены глубокого смирения, сопровождавшегося благоговением.","Enquanto o Verme Vermelho dormia, os heróis entraram hesitantes no Grande Salão do Rei. Nada podia ser ouvido dentro ou fora. Era um lugar onde o próprio tempo havia parado. As dimensões colossais do lugar faziam os três parecerem minúsculos. Os cavaleiros foram tomados por uma profunda humildade, acompanhada de veneração."
Dialogues,c3_q5_king_narr2,"When they reached the throne, which was placed on a daïs ascended by seven steps, Wigmund looked around, almost holding his breath. Finally, he looked curiously up at the huge banner above their heads. King Alfred’s coat of arms was placed under an inscription. After contemplating for a time the lion surmounted by the royal crown, Wigmund read with a loud voice the inscription. What followed was beyond anything that the three fighters could have imagined.","Когда они подошли к трону, стоявшему на возвышении, поднятом на семь ступенек, Вигмунд огляделся вокруг, почти затаив дыхание.  Наконец, он с любопытством посмотрел на огромный баннер над их головами.  Под надписью был помещен герб короля Альфреда.  Созерцая некоторое время льва, увенчанного королевской короной, Вигмунд громким голосом прочитал надпись.  То, что последовало за этим, превосходило все, что могли себе представить трое бойцов.","Quando chegaram ao trono, colocado num estrado ascendido por sete degraus, Wigmund olhou ao redor, quase prendendo a respiração. Por fim, olhou curioso para o imenso estandarte acima de suas cabeças. O brasão do Rei Alfred estava colocado sob uma inscrição. Depois de contemplar por algum tempo o leão encimado pela coroa real, Wigmund leu em voz alta a inscrição. O que se seguiu estava além de tudo que os três guerreiros poderiam ter imaginado."
Dialogues,c3_q5_king_wgm1,“Rex Regum et Dominus Dominorum.”,“Rex Regum et Dominus Dominorum.”,"""Rex Regum et Dominus Dominorum."""
Dialogues,c3_q5_king_cyn1,"Master! Please, tell me, what is this light? I have never feared man or thing but, but... now I am afraid!","Хозяин! Скажите, пожалуйста, что это за свет? Я никогда не боялся ни человека, ни вещи, но... сейчас я боюсь!","Mestre! Por favor, me diga, o que é essa luz? Nunca temi homem nem coisa alguma, mas... mas agora estou com medo!"
Dialogues,c3_q5_king_wgm2,"Cyneric, keep your wits about you! I don't know what or who this light is…","Цинерик, береги себя!  Я не знаю, что и кто этот свет…","Cyneric, mantenha a cabeça no lugar! Não sei o que ou quem é essa luz…"
Dialogues,c3_q5_king_narr3,"Suddenly, a deep and quiet voice was heard. The peace he immediately conveyed to the three was indescribable. All trace of fatigue left them.","Внезапно послышался глубокий и тихий голос.  Мир, который он сразу же передал всем троим, был неописуем.  Все следы усталости оставили их.","De repente, uma voz profunda e calma foi ouvida. A paz que transmitiu imediatamente aos três era indescritível. Todo traço de fadiga os abandonou."
Dialogues,c3_q5_king_theking1,Who is calling me?,Кто меня вызывал?,Quem me chama?
Dialogues,c3_q5_kings_wgm3,"Please, forgive our intrusion. We are looking for the King of our people, Alfred. He disappeared thirteen years ago and no one knows if he is still alive. But, but… Who are you, master?","Пожалуйста, простите наше вторжение.  Мы ищем короля нашего народа Альфреда.  Он исчез тринадцать лет назад, и никто не знает, жив ли он еще.  Но, но... Кто вы, мастер?","Por favor, perdoe nossa intrusão. Estamos procurando o Rei do nosso povo, Alfred. Ele desapareceu há treze anos e ninguém sabe se ainda está vivo. Mas, mas… Quem é você, mestre?"
Dialogues,c3_q5_king_theking2,"I am the King! You are the lions of Templar! Wigmund and Wigstan, sons of Lord Wiglaf. And Cyneric, son of Weorc. Faithfull servants. I can see in your hearts all the dangers you went through.","Я король! А вы львы тамплиеров!  Вигмунд и Вигстан, сыновья лорда Виглафа.  И Кинерик, сын Веорка.  Верные слуги.  Я вижу в ваших сердцах все опасности, через которые вам пришлось пройти.","Eu sou o Rei! Vocês são os leões dos Templários! Wigmund e Wigstan, filhos do Lorde Wiglaf. E Cyneric, filho de Weorc. Servos fiéis. Consigo ver em seus corações todos os perigos pelos quais passaram."
Dialogues,c3_q5_king_wgm4,"Your Majesty! Our King, our Lord, our Master!","Ваше Величество!  Наш Царь, наш Господь, наш Господин!","Sua Majestade! Nosso Rei, nosso Senhor, nosso Mestre!"
Dialogues,c3_q5_king_theking3,"Wigmund, son of Wiglaf, you can ask me everything you want.","Вигмунд, сын Виглафа, ты можешь спрашивать меня обо всем, что хочешь.","Wigmund, filho de Wiglaf, pode me perguntar tudo que quiser."
Dialogues,c3_q5_king_wgm5.1,Your Majesty.... where are you? ,Ваше величество.... где вы?,Sua Majestade.... onde está?
Dialogues,c3_q5_king_wgm5.2,Who is Antiochus?,Кто такой Антиох?,Quem é Antiochus?
Dialogues,c3_q5_king_wgm5.3,"Your Majesty, we need you. We may not be able to come back here, to the Great Hall of your throne.","Ваше Величество, вы нам нужны.  Возможно, мы не сможем вернуться сюда, в Большой зал твоего трона.","Sua Majestade, precisamos do senhor. Talvez não consigamos voltar aqui, ao Grande Salão do seu trono."
Dialogues,c3_q5_king_wgm5.3.1,To believe?,Верить?,Acreditar?
Dialogues,c3_q5_king_wgm5.4,Your Majesty... your people are enslaved in an unthinkable way! Antiochus is controlling their minds. We have to defeat him. But we are few... what can we do?,Ваше Величество... ваш народ порабощен немыслимым образом!  Антиох контролирует их разум.  Мы должны победить его.  Но нас мало... что мы можем сделать?,Sua Majestade... seu povo está escravizado de uma forma inimaginável! Antiochus está controlando as mentes deles. Precisamos derrotá-lo. Mas somos poucos... o que podemos fazer?
Dialogues,c3_q5_king_theking4.1,"Now, I am here, with you. The King of Kings has allowed me to come. Those words you have read refer to Him, not to me. I was, I am, and I will ever be just His servant. Exactly as you are. As about where do I reside, that cannot be understood by any mortal. Because the knowledge of the nature of the Heavenly Kingdom is not accessible to current human experience.","Теперь я здесь, с тобой.  Царь царей позволил мне прийти.  Те слова, которые вы прочитали, относятся к Нему, а не ко мне.  Я был, есть и всегда буду Его слугой.  Точно так же, как вы.  Что касается того, где я живу, этого не может понять ни один смертный.  Потому что познание природы Царства Небесного недоступно нынешнему человеческому опыту.","Agora estou aqui, com vocês. O Rei dos Reis me permitiu vir. Aquelas palavras que leram se referem a Ele, não a mim. Fui, sou e sempre serei apenas Seu servo. Exatamente como vocês são. Quanto a onde resido, isso não pode ser compreendido por nenhum mortal. Porque o conhecimento da natureza do Reino Celestial não é acessível à experiência humana atual."
Dialogues,c3_q5_king_theking4.2,"He believes that he is a sort of king. But he is just a marionette. His mind is controlled, through his pride, by the worst imaginable enemy. Unfortunately, you will learn this yourself at the right time.","Он считает, что он своего рода король.  Но он всего лишь марионетка.  Его разум контролируется из-за его гордыни злейшим врагом, которого только можно вообразить.  К сожалению, вы сами узнаете об этом в нужный момент.","Ele acredita que é uma espécie de rei. Mas é apenas uma marionete. Sua mente é controlada, através do seu orgulho, pelo pior inimigo imaginável. Infelizmente, vocês mesmos aprenderão isso no momento certo."
Dialogues,c3_q5_king_theking4.3,"That will not be necessary. Because I always will be with you. As I have always been... Just remember those words: ""Rex Regum et Dominus Dominorum."" But you must believe!","В этом не будет необходимости.  Потому что я всегда буду с тобой.  Каким я был всегда... Просто запомни эти слова:  ""Rex Regum et Dominus Dominorum."" But you must believe!","Isso não será necessário. Porque sempre estarei com vocês. Como sempre estive... Lembrem-se apenas dessas palavras: ""Rex Regum et Dominus Dominorum."" Mas precisam acreditar!"
Dialogues,c3_q5_king_theking4.3.1,"Yes! Through faith any servant is in a sense already present in Heavenly Kingdom. For you, that is a mystery. What faith would it be, if it were not based on something mysterious? ","Да! Благодаря вере любой слуга в некотором смысле уже присутствует в Царствии Небесном. Для вас это тайна. Что это была бы за вера, если бы она не была основана на чем-то таинственном?","Sim! Através da fé, qualquer servo está em certo sentido já presente no Reino Celestial. Para vocês, isso é um mistério. Que fé seria, se não fosse baseada em algo misterioso?"
Dialogues,c3_q5_king_theking5,You need just one thing: the Book of Light! That will be enough to defeat the darkness. And that darkness is not Antiochus... But no one can get the Book without a shield.,"Вам нужно только одно: Книга Света!  Этого будет достаточно, чтобы победить тьму.  И тьма та – не Антиох... Но без щита никто не сможет получить Книгу.",Vocês precisam de apenas uma coisa: o Livro da Luz! Isso será suficiente para derrotar as trevas. E essas trevas não são Antiochus... Mas ninguém pode pegar o Livro sem um escudo.
Dialogues,c3_q5_king_wgm6,Which shield?,Какой щит?,Que escudo?
Dialogues,c3_q5_king_theking6,"The Shield of Glory! It was your father's shield. Raedan will tell you how to find it. With it you will be able to stay strong in front of any enemy. First, you will defeat Antiochus! It won't be easy. But from him you will take the keys which will open the tower where you have to confront the arch-enemy to get the Book of Light. Now you will clean my castle. Defeat the red worm! And get from him the stolen diamond of the King! Use it wisely. Raedan will teach you how. Now, I will give you my blessing.","Щит Славы!  Это был щит твоего отца.  Рэйдан расскажет вам, как его найти.  С его помощью вы сможете оставаться сильным перед любым врагом.  Сначала ты победишь Антиоха!  Это будет непросто.  Но у него вы возьмете ключи, которые откроют башню, где вам придется противостоять заклятому врагу, чтобы получить Книгу Света.  Теперь ты очистишь мой замок.  Победите красного червя!  И получить от него украденный бриллиант Короля!  Использовать его мудро.  Рэйдан научит тебя этому.  Сейчас я дам вам свое благословение.","O Escudo da Glória! Era o escudo do seu pai. Raedan lhes dirá como encontrá-lo. Com ele poderão se manter firmes diante de qualquer inimigo. Primeiro, derrotarão Antiochus! Não será fácil. Mas dele pegarão as chaves que abrirão a torre onde precisam confrontar o arquiinimigo para obter o Livro da Luz. Agora vão limpar meu castelo. Derrotem o verme vermelho! E tirem dele o diamante roubado do Rei! Usem-no sabiamente. Raedan os ensinará como. Agora darei a bênção de vocês."
Dialogues,c3_q5_king_theking7,"Go, my loyal servants, go and fight like lions! The Lions of Templar!","Идите, мои верные слуги, идите и сражайтесь, как львы!  Львы тамплиеров!","Vão, meus servos leais, vão e lutem como leões! Os Leões dos Templários!"
Dialogues,c3_q5_kingfightdragon_wgm1,"Let’s fight the beast, friends!","Давайте сразимся со зверем, друзья!","Vamos lutar contra a besta, amigos!"
Dialogues,c3_q5_kingfightdragon_wgs1,"Do not forget, brother, what His Majesty has told us: the real beast is not here.","Не забудь, брат, того, что сказал нам Его Величество: настоящего зверя здесь нет.","Não esqueça, irmão, o que Sua Majestade nos disse: a besta real não está aqui."
Dialogues,c3_q5_kingfightdragon_wig1,"You are right. But if we defeat this one, we will defeat Antiochus, too. Attack!","Ты прав.  Но если мы победим этого, мы победим и Антиоха.  Атака!","Tem razão. Mas se derrotarmos esta, derrotaremos Antiochus também. Ataque!"
Dialogues,c4_q1_shieldclywd_raed1,"The lions of Templar are back! You are the sons of Lord Wiglaf, Grand Marshal of the Crown. You have proved this through your extraordinary deeds of valor and by killing Blodwyrt - The Red Worm from Heols. Only Wiglaf’s heirs would have had such a gift as you have. But this is only the beginning. The Book of Light must be taken back. Before that, you must find the Shield of Glory. ","Львы тамплиеров вернулись! Вы сыновья лорда Виглафа, великого маршала короны. Вы доказали это своими выдающимися подвигами и убийством Блодвирта - Красного Червя из Пустошей. Только наследники Виглафа могли обладать таким даром, как у тебя. Но это только начало. Книга Света должна быть возвращена. Перед этим ты должен найти Щит Славы.","Os leões dos Templários voltaram! São os filhos do Lorde Wiglaf, Grande Marechal da Coroa. Provaram isso através de seus extraordinários feitos de valor e por matar Blodwyrt — O Verme Vermelho de Heols. Só os herdeiros de Wiglaf teriam tal dom como vocês têm. Mas isso é apenas o começo. O Livro da Luz deve ser recuperado. Antes disso, precisam encontrar o Escudo da Glória."
Dialogues,c4_q1_shieldclywd_wig1,His Majesty mentioned that the shield belonged to our father.,"Его Величество упомянул, что щит принадлежал нашему отцу.",Sua Majestade mencionou que o escudo pertencia ao nosso pai.
Dialogues,c4_q1_shieldclywd_raed2,"Indeed, he was its last bearer. The shield was created hundreds of years ago by the father of all craftsmen, Hephaistos. In any case, it is the only one which can protect you from the fire of a dragon - or other such dangerous things. But it only reaches its maximum power when the Red Diamond is embedded on it. Some old and wise man said that then it could even be used to confront the evil itself, Dark Archon, the most abominable of the fallen angels.","Действительно, он был его последним носителем.  Щит был создан сотни лет назад отцом всех мастеров Гефестом.  В любом случае, только оно может защитить вас от огня дракона и других подобных опасностей.  Но максимальной мощности он достигает только тогда, когда в него встроен Красный Алмаз.  Какой-то старый и мудрый человек сказал, что тогда его можно будет использовать даже для противостояния самому злу, Темному Архонту, самому отвратительному из падших ангелов.","De fato, ele foi seu último portador. O escudo foi criado há centenas de anos pelo pai de todos os artesãos, Hefesto. De qualquer forma, é o único que pode protegê-los do fogo de um dragão — ou de outras coisas perigosas assim. Mas só atinge seu poder máximo quando o Diamante Vermelho está incrustado nele. Alguns velhos e sábios disseram que então poderia até ser usado para confrontar o mal em si, o Arquidemônio das Trevas, o mais abominável dos anjos caídos."
Dialogues,c4_q1_shieldclywd_wig2,"After what we have gone through so far, we would have been happy to find peace. But we are at war. So, where is that shield, Raedan?","После всего, через что мы прошли до сих пор, мы были бы счастливы обрести покой.  Но мы находимся в состоянии войны.  Так где же этот щит, Рейдан?","Depois de tudo que passamos até agora, ficaríamos felizes em encontrar paz. Mas estamos em guerra. Então, onde está esse escudo, Raedan?"
Dialogues,c4_q1_shieldclywd_raed3,There is only one who knows this: Ofergear.,"Есть только один, кто это знает: Офергир.",Há apenas um que sabe isso: Ofergear.
Dialogues,c4_q1_shieldclywd_wigs1,Ofergear?,Офергир?,Ofergear?
Dialogues,c4_q1_shieldclywd_raed4,"It’s the name of a dwarf. A very witty dwarf. One who knows many secrets, one with whom I consult sometimes. It's true that he is a bit strange, but that's what happens when you live alone for so many years.","Это имя гнома.  Очень остроумный гном.  Тот, кто знает много секретов, тот, с кем я иногда советуюсь.  Правда, он немного странный, но именно это и происходит, когда столько лет живешь один.","É o nome de um anão. Um anão muito esperto. Alguém que conhece muitos segredos, com quem às vezes me aconselho. É verdade que é um pouco estranho, mas é o que acontece quando se vive sozinho por tantos anos."
Dialogues,c4_q1_shieldclywd_wigs2,And where can we find him?,И где мы можем его найти?,E onde podemos encontrá-lo?
Dialogues,c4_q1_shieldclywd_raed5,Not far from here. Just cross the river from the South through the right side of the hedgehogs forest. There you will find the cave where the dwarf lives.,"Недалеко отсюда.  Просто пересеките реку с юга через правую сторону ежейного леса.  Там вы найдете пещеру, где живет гном.",Não muito longe daqui. Basta cruzar o rio pelo sul pelo lado direito da floresta dos ouriços. Lá encontrarão a caverna onde o anão vive.
Dialogues,c4_q1_shieldclywd_wig3,We are on our way!,Мы уже в пути!,Estamos a caminho!
Dialogues,c4_q1_shieldclywd_raed6,One more thing: visit Wundor. He has a very special gift for you.,И еще: посетите Вундор.  У него есть для тебя особенный подарок.,Mais uma coisa: visitem Wundor. Ele tem um presente muito especial para vocês.
Dialogues,c4_q1_shieldclywd_wig4,You are mysterious Raedan… As usual.,Ты загадочный Рэйдан... Как обычно.,"Você é misterioso, Raedan… Como sempre."
Dialogues,c4_q1_offriddle_ofg1,"Wigmund and Wigstan, sons of Wiglaf you are!","Вигмунд и Вигстан, вы сыновья Виглафа!","Wigmund e Wigstan, filhos de Wiglaf, são vocês!"
Dialogues,c4_q1_offriddle_wig0.1,Salve! Who are you? And how do you know our names?,Сальве!  Кто ты?  А откуда ты знаешь наши имена?,Salve! Quem é você? E como sabe nossos nomes?
Dialogues,c4_q1_offriddle_ofg2,Ofergear knows many names! All the names! But especially the names of those from the castle.,"Офергир знает много имен! Все имена! Но особенно имена тех, кто живет в замке.",Ofergear conhece muitos nomes! Todos os nomes! Mas especialmente os nomes dos que são do castelo.
Dialogues,c4_q1_offriddle_wigs1,So you are Ofergear?,Так ты Офергир?,Então você é Ofergear?
Dialogues,c4_q1_offriddle_ofg3,"In some places they name me Ofergear, indeed. As about me, I name myself differently.","В некоторых местах меня действительно называют Офергир.  Что касается меня, то я называю себя по-другому.","Em alguns lugares me chamam de Ofergear, de fato. Quanto a mim, me dou outro nome."
Dialogues,c4_q1_offriddle_wig1,"Anyway, we are here because we need your help.","В любом случае, мы здесь, потому что нам нужна ваша помощь.","De qualquer forma, estamos aqui porque precisamos da sua ajuda."
Dialogues,c4_q1_offriddle_ofg4,And you will get my help. But only if you will answer a question…,И ты получишь мою помощь.  Но только если ты ответишь на вопрос…,E receberão minha ajuda. Mas só se responderem uma pergunta…
Dialogues,c4_q1_offriddle_wigs2,A question? What question?,Вопрос?  Какой вопрос?,Uma pergunta? Que pergunta?
Dialogues,c4_q1_offriddle_ofg5,"A question that is simple for those who know the answer, and it’s just as simple for those who don’t know the answer.","Вопрос, который прост для тех, кто знает ответ, и так же прост для тех, кто не знает ответа.","Uma pergunta que é simples para quem sabe a resposta, e igualmente simples para quem não sabe."
Dialogues,c4_q1_offriddle_wig2,How can that be so?,Как это может быть так?,Como isso pode ser assim?
Dialogues,c4_q1_offriddle_ofg6,"Quite easy: those who know don’t know, and those who don’t, know.","Все очень просто: те, кто знает, не знают, а те, кто не знает, знают.","Muito simples: quem sabe não sabe, e quem não sabe, sabe."
Dialogues,c4_q1_offriddle_wigs3,Maybe this is too much for me… Can you just ask your question?,"Может быть, это слишком для меня… Можете ли вы просто задать свой вопрос?",Talvez seja demais para mim… Pode simplesmente fazer sua pergunta?
Dialogues,c4_q1_offriddle_ofg7,"If you don't interrupt me, I'll do it right now! ","Если ты не будешь меня перебивать, я сделаю это прямо сейчас!","Se não me interromperem, faço agora mesmo!"
Dialogues,c4_q1_offriddle_wigs4,I am silent as a grave.,Нем как могила,Estou silencioso como um túmulo.
Dialogues,c4_q1_offriddle_ofg8,"Very well, my friends, very well! Here is my question: what is always seen without ever being seen?","Очень хорошо, друзья мои, очень хорошо!  Вот мой вопрос: что всегда видно, но никогда не было видно?","Muito bem, meus amigos, muito bem! Aqui está minha pergunta: o que é sempre visto sem jamais ser visto?"
Dialogues,c4_q1_offriddle_wigs5,What a question!,Что за вопрос!,Que pergunta!
Dialogues,c4_q1_offriddle_ofg9,"Be silent, you Wigstan, son of Wiglaf! Let your fellows think!","Молчи, Вигстан, сын Виглафа!  Пусть ваши товарищи подумают!","Fique quieto, você, Wigstan, filho de Wiglaf! Deixe seus companheiros pensar!"
Dialogues,c4_q1_offriddle_wigs6,"I am sorry, but this is really a weird question.","Извините, но это действительно странный вопрос.","Me desculpe, mas esta é realmente uma pergunta estranha."
Dialogues,c4_q1_offriddle_ofg10,"Maybe you think that I live alone for nothing?! As you can see, I have all the time to think and to answer such questions…","Может, вы думаете, что я зря живу один?!  Как видите, у меня есть время подумать и ответить на такие вопросы…","Talvez pense que vivo sozinho à toa?! Como pode ver, tenho todo o tempo para pensar e responder tais perguntas…"
Dialogues,c4_q1_offriddle_wigs7,...that means that you already know the answer!,"...это значит, что вы уже знаете ответ!",...o que significa que você já sabe a resposta!
Dialogues,c4_q1_offriddle_ofg11,"Yes and no. I know AN answer - but I am not sure if that is the right answer. That’s why I am asking you, too.","Да и нет.  Я знаю ответ, но не уверен, что это правильный ответ.  Вот почему я тоже тебя спрашиваю.",Sim e não. Sei UMA resposta — mas não tenho certeza se é a resposta certa. Por isso estou perguntando a vocês também.
Dialogues,c4_q1_offriddle_wig3,It is “is.”,Это есть.,"É o ""é""."
Dialogues,c4_q1_offriddle_wigs8,What kind of answer is this?,Что это за ответ?,Que tipo de resposta é essa?
Dialogues,c4_q1_offriddle_ofg12,"A good answer this might be, even if an incomplete – or mysterious – one!","Это может быть хороший ответ, даже если он неполный или загадочный!","Pode ser uma boa resposta, mesmo que incompleta — ou misteriosa!"
Dialogues,c4_q1_offriddle_wig4,"I like to live alone, like Ofergear. So I have a lot of time to think… that’s why I really enjoy my solitary life. In those long evenings from the Lonely Valley, I was able to notice that we always say things like these: “This is a pike.” Or “this is a piece of wood” and “this is a wild boar”. We try to understand and to define things, but we do not try to understand what is “is” even though we always notice that everything “is.”","Мне нравится жить одному, как Офергиру.  Так что у меня есть много времени, чтобы подумать… поэтому мне очень нравится моя одинокая жизнь.  В те долгие вечера из Одинокой Долины я смог заметить, что мы всегда говорим что-то вроде этого: Это щука.  Или это кусок дерева и это кабан.  Мы пытаемся понять и дать определение вещам, но не пытаемся понять, что есть, хотя мы всегда замечаем, что все есть.","Gosto de viver sozinho, como Ofergear. Então tenho muito tempo para pensar… por isso realmente aprecio minha vida solitária. Naquelas longas tardes do Vale Solitário, consegui notar que sempre dizemos coisas como: ""Isso é um lúcio."" Ou ""isso é um pedaço de madeira"" e ""isso é um javali selvagem"". Tentamos entender e definir as coisas, mas não tentamos entender o que é o ""é"", mesmo que sempre percebamos que tudo ""é""."
Dialogues,c4_q1_offriddle_ofg13,"Now I will have something to think about in my long nights of wakefulness! Wigmund, you are not only a valiant knight, but a wise knight as well. You fully deserve my answer: the Shield of Glory has been stolen by Antiochus himself. This happened in that horrible night when King Alfred vanished and the power has been taken by that abominable hypocrite. But as he does not like such legendary artifacts, which cause his dark soul sufferings whenever he looks at them, he has given it to one of his monstrous acolytes. That one is Gombug, the troll. Find the troll and you will find the shield! Gombug lives with his guards on a small den in the northwestern mountains.","Теперь мне будет о чем подумать долгими ночами бодрствования!  Вигмунд, ты не только доблестный рыцарь, но и мудрый рыцарь.  Вы вполне заслуживаете моего ответа: Щит Славы украден самим Антиохом.  Это произошло в ту ужасную ночь, когда исчез король Альфред и власть забрал этот отвратительный лицемер.  Но поскольку ему не нравятся такие легендарные артефакты, которые вызывают у него темные страдания души всякий раз, когда он смотрит на них, он отдал их одному из своих чудовищных помощников.  Это Гомбаг, тролль.  Найдите тролля и вы найдете щит!  Гомбаг живет со своей охраной в небольшом логове в северо-западных горах.","Agora terei algo para pensar nas minhas longas noites de vigília! Wigmund, não é apenas um valente cavaleiro, mas um cavaleiro sábio também. Merece plenamente minha resposta: o Escudo da Glória foi roubado pelo próprio Antiochus. Isso aconteceu naquela noite horrível quando o Rei Alfred desapareceu e o poder foi tomado por aquele hipócrita abominável. Mas como ele não gosta de tais artefatos lendários, que causam sofrimentos à sua alma sombria toda vez que os vê, entregou-o a um de seus monstruosos acólitos. Esse acólito é Gombug, o troll. Encontre o troll e encontrará o escudo! Gombug vive com seus guardas numa pequena toca nas montanhas do noroeste."
Dialogues,c4_q1_offriddle_wig5,"I don't know how to thank you, Ofergear! ","Я не знаю, как и благодарить тебя, Офергир!","Não sei como agradecê-lo, Ofergear!"
Dialogues,c4_q1_offriddle_ofg14,"But me know: when you finish your businesses, come to stay and talk with me about your insights. That will be the best reward for me.","Но я знаю: когда ты закончишь свои дела, приходи ко мне и поговори со мной о своих открытиях.  Это будет для меня лучшей наградой.","Mas eu sei: quando terminar seus negócios, venha ficar e conversar comigo sobre seus insights. Essa será a melhor recompensa para mim."
Dialogues,c4_q1_offriddle_wig6,I promise I will! ,"Я обещаю, что так и сделаю!",Prometo que virei!
Dialogues,c4_q1_offriddle_wigs9,"I assure you he will. He likes nothing more than to think of the most obscure things that can be thought of. And, sometimes, to discuss them. Salve, Ofergear!","Уверяю вас, он это сделает.  Ему не нравится ничего больше, чем думать о самых непонятных вещах, которые только можно придумать.  А иногда и обсуждать их.  Сальве, Офергир!","Garanto que sim. Ele não gosta de nada mais do que pensar nas coisas mais obscuras que se pode pensar. E às vezes discuti-las. Salve, Ofergear!"
Dialogues,c4_q1_shieldgombug_wig1,"Wigstan, this is the shield of our father.","Вигстан, это щит нашего отца.","Wigstan, este é o escudo do nosso pai."
Dialogues,c4_q1_shieldgombug_cyn1,Lord Wiglaf's shield… Unbelievable!,Щит лорда Виглафа… Невероятно!,O escudo do Lorde Wiglaf… Inacreditável!
Dialogues,c4_q1_shieldgombug_wigs1,"You know, this is the first time when I regret that I have chosen as my main weapon a bow instead of a sword. But what is clear is that you are the one destined to be its bearer.","Знаете, я впервые жалею, что выбрал своим главным оружием лук вместо меча.  Но ясно одно: именно вам суждено стать его носителем.","Sabe, esta é a primeira vez que lamento ter escolhido o arco em vez da espada como minha arma principal. Mas o que é claro é que você é o destinado a ser seu portador."
Dialogues,c4_q1_shieldgombug_wig2,And I hope that I will be worthy of such an item. But I will happily renounce this to know if our father is still alive or not. ,"И я надеюсь, что буду достоин такого подарка. Но я с радостью откажусь от этого, чтобы узнать, жив еще наш отец или нет.",E espero ser digno de tal item. Mas renunciaria a isso de bom grado para saber se nosso pai ainda está vivo ou não.
Dialogues,c4_q1_shieldgombug_wigs2,That’s something we would all like to know.,"Это то, что мы все хотели бы знать.",Isso é algo que todos gostaríamos de saber.
Dialogues,c4_q1_shieldgombug_wig3,Let's see what Raedan will do with this shield.,"Посмотрим, что сделает с этим щитом Рейдан.",Vamos ver o que Raedan fará com este escudo.
Dialogues,c4_q1_shieldraedan_raed1,"Now you are prepared for your last and final mission. First, you will visit Antiochus. When you meet that trickster, you will pay him back what he deserves to get for his infamous deeds.","Теперь вы готовы к своей последней и последней миссии.  Сначала вы посетите Антиоха.  Когда вы встретите этого обманщика, вы отплатите ему тем, что он заслуживает за свои постыдные деяния.","Agora estão preparados para a última e final missão. Primeiro, visitarão Antiochus. Quando encontrarem aquele impostor, pagarão a ele o que merece pelos seus atos infames."
Dialogues,c4_q1_shieldraedan_wig1,"If there is anything that commands us, it is the desire to do justice to all the betrayed. But how will we get there? As far as I know, the dark castle is practically inaccessible.","Если что-то и командует нами, так это желание отдать должное всем преданным.  Но как мы туда доберемся?  Насколько я знаю, темный замок практически недоступен.","Se há algo que nos comanda, é o desejo de fazer justiça a todos os traídos. Mas como chegaremos lá? Pelo que sei, o castelo das trevas é praticamente inacessível."
Dialogues,c4_q1_shieldraedan_raed2,"Indeed, but now you can learn an important thing about this diamond that has already been embedded in the Shield of Glory: it’s a sort of portal.","Действительно, но теперь вы можете узнать важную вещь об этом алмазе, который уже был встроен в Щит Славы: это своего рода портал.","De fato, mas agora podem aprender algo importante sobre este diamante que já foi incrustado no Escudo da Glória: é uma espécie de portal."
Dialogues,c4_q1_shieldraedan_wigs1,A portal?,Портал?,Um portal?
Dialogues,c4_q1_shieldraedan_raed3,"A portal. Stay in this circle that I made using this phosphorescent stone. All of you. Wigmund, keep your shield as if you're defending yourself.","Портал.  Оставайтесь в этом круге, который я создал из фосфоресцирующего камня.  Вы все.  Вигмунд, держи свой щит так, словно защищаешься.","Um portal. Fiquem neste círculo que fiz usando esta pedra fosforescente. Todos vocês. Wigmund, segure seu escudo como se estivesse se defendendo."
Dialogues,c4_q1_shieldraedan_raed4,Very well! May King Alfred's spirit be with you!,Очень хорошо!  Да пребудет с вами дух короля Альфреда!,Muito bem! Que o espírito do Rei Alfred esteja com vocês!
Dialogues,c4_q2_door_wig1,Now it’s time to see the power of the milkweed medallion.,Теперь пришло время увидеть силу медальона из молочая.,Agora é hora de ver o poder do medalhão de erva-leiteira.
Dialogues,c4_q2_door_wigs1,Indeed. Just open that door.,Действительно.  Просто открой эту дверь.,De fato. Apenas abra aquela porta.
Dialogues,c4_q2_mirrors_ant1,"Here you are! I was waiting for you. Wigmund, Wigstan and Cyneric. When I found out that Bloodwyrt was defeated, I knew you would capture the shield. But I don't worry about some fools who think that they are the infamous Lions from Templar. Those so-called ""lions"" died like many other lunatics who did not understand my power. It seems, however, that their madness is a contagious disease. Now it's time for you to die the same way!","Вот, пожалуйста!  Я ждал тебя.  Вигмунд, Вигстан и Цинерик.  Когда я узнал, что Бладвирт побеждён, я знал, что ты захватишь щит.  Но меня не волнуют некоторые дураки, которые думают, что они печально известные Львы из Тамплиеров.  Эти так называемые  ""lions"" died like many other lunatics who did not understand my power. It seems, however, that their madness is a contagious disease. Now it's time for you to die the same way!","Aqui estão! Estava esperando por vocês. Wigmund, Wigstan e Cyneric. Quando soube que Blodwyrt foi derrotado, sabia que capturariam o escudo. Mas não me preocupo com alguns tolos que pensam ser os infames Leões dos Templários. Esses assim chamados ""leões"" morreram como muitos outros lunáticos que não entenderam meu poder. Parece, porém, que a loucura deles é uma doença contagiosa. Agora é hora de vocês morrerem da mesma forma!"
Dialogues,c4_q2_mirrors_wig1,Don't listen to this traitor who thinks he can hide by mirroring his face in all these mirrors. No more words! Break them! ,"Не слушайте этого предателя, который думает, что может спрятаться, отражаясь во всех этих зеркалах. Больше никаких слов! Разбейте их!",Não ouçam este traidor que pensa que pode se esconder refletindo seu rosto em todos esses espelhos. Chega de palavras! Quebrem-nos!
Dialogues,c4_q2_mirrors_ant2,You think that you can defeat me? I am a servant and worshiper of the flame of Udun!,"Ты думаешь, что сможешь победить меня?  Я слуга и поклонник пламени Удуна!",Acham que podem me derrotar? Sou servo e adorador da chama de Udun!
Dialogues,c4_q2_mirrors_wig2,"And we are the servants of the secret fire, the flame of Anor! Attack!","А мы – слуги тайного огня, пламени Анора! К бою!","E nós somos os servos do fogo secreto, a chama de Anor! Ataque!"
Dialogues,c4_q2_keys_wig1,The key! Strange shape… Now it's time to enter into the Tower of Stone to get the Book of Light.,"Ключ!  Странная форма... Теперь пришло время войти в Каменную Башню, чтобы получить Книгу Света.",A chave! Formato estranho… Agora é hora de entrar na Torre de Pedra para pegar o Livro da Luz.
Dialogues,c4_q2_back_wig1,What an amazing thing… so beautiful. And full of light. Let’s go back to gladden the hearts of our friends!,"Какая удивительная вещь… такая красивая.  И полная света.  Вернёмся, чтобы порадовать сердца наших друзей!",Que coisa incrível… tão bela. E cheia de luz. Vamos voltar para alegrar os corações dos nossos amigos!
Dialogues,c5_q1_meeting_raed1,"The shadow of death is still upon us. Antiochus has been defeated but not his master. Actually, Dark Archon cannot be destroyed. But he can be cast into the bottomless pit. I cannot ask you, Wigmund, to do that.","Тень смерти все еще над нами.  Антиох побежден, но не его хозяин.  На самом деле Темного Архонта невозможно уничтожить.  Но его могут бросить в бездонную яму.  Я не могу просить тебя об этом, Вигмунд.","A sombra da morte ainda paira sobre nós. Antiochus foi derrotado, mas não seu mestre. Na verdade, o Arquidemônio das Trevas não pode ser destruído. Mas pode ser lançado no abismo sem fundo. Não posso pedir a você, Wigmund, que faça isso."
Dialogues,c5_q1_meeting_wig1,We are ready for this last fight.,Мы готовы к этому последнему бою.,Estamos prontos para esta última luta.
Dialogues,c5_q1_meeting_raed2,"This time you can't go with Wigstan and Cyneric, but alone.","На этот раз вы можете пойти не с Вигстаном и Цинериком, а в одиночку.","Desta vez você não pode ir com Wigstan e Cyneric, mas sozinho."
Dialogues,c5_q1_meeting_neot1,Only the bearer of the Shield of Glory and of the Book of Light can enter into the realm of darkness.,Только носитель Щита Света и Книги Света может войти в царство тьмы.,Apenas o portador do Escudo da Glória e do Livro da Luz pode entrar no reino das trevas.
Dialogues,c5_q1_meeting_wig2,"If so, then so be it!","Если так, то пусть будет так!","Se for assim, que seja!"
Dialogues,c5_q1_meeting_neot2,Go back into the castle of Antiochus and open your eyes wide: you have to find the room where on the floor you can see exactly the same face as on the key. In that place is a painting. In that painting is a gate: this key will materialize that gate. Then you will be able to enter into the heart of darkness…,"Вернитесь в замок Антиоха и широко откройте глаза: вам предстоит найти комнату, где на полу можно увидеть точно такое же лицо, как на ключе.  В этом месте находится картина.  На этой картине изображены врата: этот ключ материализует эти врата.  Тогда вы сможете войти в сердце тьмы…",Volte ao castelo de Antiochus e abra bem os olhos: precisa encontrar o cômodo onde no chão pode ver exatamente o mesmo rosto que está na chave. Naquele lugar há uma pintura. Nessa pintura há um portal: esta chave materializará aquele portal. Então poderá entrar no coração das trevas…
Dialogues,c5_q1_meeting_raed3,"Only two beings created by the Most High have ever stood before the throne of the accursed Dark Archon: a legendary man and his beloved elvish wife. And they survived. With the help of King Alfred's blessing, you will be the third one. Go now! The sooner, the better.","Только два существа, созданные Всевышним, когда-либо стояли перед троном проклятого Темного Архонта: легендарный мужчина и его любимая эльфийская жена.  И они выжили.  С благословения короля Альфреда вы станете третьим.  Иди сейчас же!  Чем скорее, тем лучше.","Apenas dois seres criados pelo Altíssimo já estiveram diante do trono do maldito Arquidemônio das Trevas: um homem lendário e sua amada esposa élfica. E sobreviveram. Com a ajuda da bênção do Rei Alfred, você será o terceiro. Vá agora! Quanto mais cedo, melhor."
Dialogues,c5_q1_meeting_narr1,And so Wigmund plunged into the deepest darkness he could imagine.,"И так Вигмунд погрузился в самую глубокую тьму, какую только мог себе представить.",E assim Wigmund mergulhou nas trevas mais profundas que conseguia imaginar.
Dialogues,c5_q1_room_wig1,That ugly face… Here it is! And this must be the painting. A strange gate in the middle of a desolate island. What a sinister place… Let's see if I can use the key.,"Это уродливое лицо… Вот оно!  И это, должно быть, картина.  Странные ворота посреди пустынного острова.  Какое зловещее место... Посмотрим, смогу ли я использовать ключ.",Aquele rosto horrível… Aqui está! E esta deve ser a pintura. Um portal estranho no meio de uma ilha desolada. Que lugar sinistro… Vamos ver se consigo usar a chave.
Dialogues,c5_q1_room_wig2,The gate! May the blessing of our King protect me!,Ворота!  Пусть благословение нашего Царя защитит меня!,O portal! Que a bênção de nosso Rei me proteja!
Dialogues,c5_q1_inside_wig1,Show yourself!,Яви себя!,Mostre-se!
Dialogues,c5_q1_victory_neot1,"Wigmund! From now on, the bards will sing your deeds.",Вигмунд!  Отныне барды будут воспевать твои дела.,"Wigmund! De agora em diante, os bardos cantarão seus feitos."
Dialogues,c5_q1_victory_wig1,Saint Neot! I can't believe I defeated the beast.,"Святой Неот!  Не могу поверить, что я победил зверя.",Santo Neot! Não consigo acreditar que derrotei a besta.
Dialogues,c5_q1_victory_neot2,"Yes, Wigmund, you did it. But there is one more thing to be done: everyone is waiting for you in the great Hall of Throne. The Book of Light must be put on its place next to the royal throne. You will have this honor.","Да, Вигмунд, ты сделал это.  Но осталось сделать еще кое-что: все ждут вас в огромном Тронном зале.  Книгу Света необходимо поставить на своё место рядом с царским троном. И вам будет оказана эта честь.","Sim, Wigmund, você conseguiu. Mas há mais uma coisa a ser feita: todos estão esperando por você no Grande Salão do Trono. O Livro da Luz deve ser colocado no seu lugar ao lado do trono real. Você terá esta honra."
Dialogues,c5_q1_victory_wig2,"No. For me, is enough. I would be happy if my brother, Wigstan, would have this honor. He deserves this as much as I do.","Нет. Для меня этого достаточно.  Я был бы рад, если бы мой брат Вигстан удостоился этой чести.  Он заслуживает этого так же, как и я.","Não. Para mim, é suficiente. Ficaria feliz se meu irmão, Wigstan, tivesse esta honra. Ele merece tanto quanto eu."
Dialogues,c5_q1_victory_neot3,"Very well, Wigmund! It is good that you have not forgotten that humility is the most important virtue of a true knight. So Wigstan will be!","Очень хорошо, Вигмунд!  Хорошо, что вы не забыли, что смирение – важнейшая добродетель настоящего рыцаря.  Так что пусть это будет Вигстан !","Muito bem, Wigmund! É bom que não tenha esquecido que a humildade é a virtude mais importante de um verdadeiro cavaleiro. Então será Wigstan!"
Dialogues,c1_sq1_thejournal_wgm,"Interesting. This fire was made a long time ago. The ash is like a crust. Nobody has lived in this tent for a long time. Maybe I will find out whom it belonged to. Last year I heard about an abandoned place like this near the river, on the Southern part of Clwyd.","Любопытно.  Этот огонь был разведен очень давно.  Пепел похож на корку.  В этой палатке уже давно никто не жил.  Возможно, я узнаю, кому оно принадлежало.  В прошлом году я слышал о таком заброшенном месте у реки, в южной части Клуида.","Interessante. Essa fogueira foi feita há muito tempo. A cinza está como uma crosta. Ninguém viveu nessa tenda por muito tempo. Talvez eu descubra a quem pertencia. No ano passado ouvi falar de um lugar abandonado como este perto do rio, na parte sul de Clwyd."
Dialogues,c1_sq1_thenextclue_wgm,"A note about... about the Holy Grail? Definitively, that’s something that I would like to find. If it is true… A strange name: Indiana Ford. And a clear sentence written by him: “A humble man always prays.” Then something incomplete: “North… ear the river springs…” It cannot be “ear”, but “near.” This should be the next location: in the North, near the springs of the river.","Заметка о... о Святом Граале?  Определенно, это то, что я хотел бы найти.  Если это правда… Странное имя: Индиана Форд.  И четкая фраза, написанная им: Смиренный человек всегда молится.  Дальше что-то неполное: Север… ухо, река бьет… Это не может быть ухо, а близ.  Это должна быть следующая локация: на севере, возле истоков реки.","Uma anotação sobre... sobre o Santo Graal? Definitivamente, isso é algo que eu gostaria de encontrar. Se for verdade… Um nome estranho: Indiana Ford. E uma frase clara escrita por ele: ""Um homem humilde sempre reza."" Depois algo incompleto: ""Norte… erto do nascente do rio…"" Não pode ser ""erto"", mas ""perto"". Esta deve ser a próxima localização: ao norte, perto das nascentes do rio."
Dialogues,c1_sq1_lastclue_wgm,More clues: “Only the courageous can pass.” And: “You must believe.” Plus the drawing of a lion near a waterfall. Let’s see if I can find the cascade of the lion.,"Еще подсказки: Пройти могут только смелые.  И: Вы должны верить.  Плюс рисунок льва возле водопада.  Посмотрим, смогу ли я найти каскад льва.","Mais pistas: ""Somente os corajosos podem passar."" E: ""Você deve acreditar."" Mais o desenho de um leão perto de uma cascata. Vamos ver se consigo encontrar a cascata do leão."
Dialogues,c1_sq1_floodedlion_wgm,Indiana’s lion! Near that waterfall. That’s the place.,Лев о котором писал Индиана! Рядом с водопадом. Это то самое место.,O leão de Indiana! Perto daquela cascata. É o lugar.
Dialogues,c1_sq1_humble_wgm,“A humble man always prays.” A man who prays must kneel. It is certain that you cannot pass under those terrible blades without kneeling. Those who lost their heads didn’t know that they had to pray and to kneel. Poor souls… ,"""Смиренный человек всегда молится."" Человек, который молится, должен преклонить колени. Несомненно, что нельзя пройти под этими ужасными клинками, не опустившись на колени. Те, кто потерял голову, не знали, что им нужно молиться и становиться на колени. Бедные души...","""Um homem humilde sempre reza."" Um homem que reza deve se ajoelhar. É certo que não se pode passar por baixo daquelas lâminas terríveis sem se ajoelhar. Os que perderam a cabeça não sabiam que tinham que rezar e se ajoelhar. Pobres almas…"
Dialogues,c1_sq1_name_wgm,"Three passages guarded by three wild animals. “Only the courageous can pass.” Of course, that’s the answer!","Три прохода охраняются тремя дикими животными.  Только смелые могут пройти.  Конечно, это ответ!","Três passagens guardadas por três animais selvagens. ""Somente os corajosos podem passar."" Claro, essa é a resposta!"
Dialogues,c1_sq1_invisible_hasvisibility_wgm,How can I get there? How can I cross such a chasm? It seems to have no end… The third clue speaks about faith: “You must believe.” I must believe and step forth.,"Как я могу попасть туда?  Как мне преодолеть такую пропасть?  Кажется, ей нет конца… Третья подсказка говорит о вере: Ты должен верить.  Я должен поверить и сделать шаг вперед.","Como posso chegar lá? Como posso cruzar um abismo assim? Parece não ter fim… A terceira pista fala sobre fé: ""Você deve acreditar."" Devo acreditar e dar um passo à frente."
Dialogues,c1_sq1_visible_wgm,An invisible bridge! Maybe the Holy Grail is still there… or maybe not.,"Невидимый мост!  Может быть, Святой Грааль все еще здесь… а может быть, и нет.",Uma ponte invisível! Talvez o Santo Graal ainda esteja lá… ou talvez não.
Dialogues,c1_sq1_thecup_wgm,So simple. And so beautiful. How else? I’ll keep it with great caution.,Так просто.  И такая красивая.  Как еще?  Я буду хранить его с большой осторожностью.,Tão simples. E tão belo. Como poderia ser diferente? Vou guardá-lo com muito cuidado.
Dialogues,c1_sq2_thetail_wgm,"A small shovel without a handle. Looks quite good. I have some handles at home. One of them should fit this. If I can restore it, I will take it with me wherever I travel.","Небольшая лопата без ручки.  Выглядит неплохо.  У меня дома есть ручки.  Один из них должен соответствовать этому.  Если я смогу его восстановить, я возьму его с собой куда угодно.","Uma pazinha sem cabo. Parece bem boa. Tenho alguns cabos em casa. Um deles deve servir. Se eu conseguir restaurá-la, vou levá-la comigo aonde for."
Dialogues,c1_sq3_doorsealed_wgm,"I wonder where is the key that opens this door. Only the old Gaffer, the last survivor of the Cynling clan - who owned this house - may know something about it. I should pay him a visit.","Интересно, где находится ключ, открывающий эту дверь?  Только старый Гаффер, последний выживший из клана Цинлинг, владевший этим домом, может что-то знать об этом.  Мне следует нанести ему визит.","Fico me perguntando onde está a chave que abre essa porta. Só o velho Gaffer, o último sobrevivente do clã Cynling — que era dono desta casa — pode saber algo. Devo fazer-lhe uma visita."
Dialogues,c1_sq3_thekey_wgm1,"Salve! Are you Gaffer? If so, you have changed a lot over the years.","Сальве!  Ты Гаффер?  Если да, то за эти годы вы сильно изменились.","Salve! Você é Gaffer? Se for, mudou muito com os anos."
Dialogues,c1_sq3_thekey_gaf1,"Salve! Who else? I like to fish, and this is the best place for fishing. I see that you know my name, but I do not know yours.","Сальве! Ну а кто же еще?  Я люблю ловить рыбу, и это лучшее место для рыбалки.  Я вижу, что ты знаешь мое имя, но я не знаю твоего.","Salve! Quem mais seria? Gosto de pescar, e este é o melhor lugar para isso. Vejo que sabe meu nome, mas eu não sei o seu."
Dialogues,c1_sq3_thekey_wgm2,My name is Wigmund.,Меня зовут Вигмунд.,Meu nome é Wigmund.
Dialogues,c1_sq3_thekey_gaf2,Wigmund you say? The one of the Lions of the Templar? What a surprise!,"Вигмунд, говоришь?  Тот самый из Львов тамплиеров?  Какой сюрприз!",Wigmund você diz? O dos Leões dos Templários? Que surpresa!
Dialogues,c1_sq3_thekey_wgm3,Maybe you can help me.,Возможно ты можешь помочь мне.,Talvez você possa me ajudar.
Dialogues,c1_sq3_thekey_gaf3,"Of course, I will! What do you need, Sir?","Конечно я буду!  Что вам нужно, сэр?",Claro que sim! O que o senhor precisa?
Dialogues,c1_sq3_thekey_wgm4,"Inside the basement of the burnt house, I saw a sealed door. And I wonder if there is still a key for that door.","Внутри подвала сгоревшего дома я увидел запечатанную дверь.  И мне интересно, есть ли еще ключ от этой двери.","Dentro do porão da casa queimada, vi uma porta selada. E fico me perguntando se ainda existe uma chave para aquela porta."
Dialogues,c1_sq3_thekey_gaf4,"What a strange coincidence! Just yesterday I thought to use that key to see what has been left by my cousin Fiscere there. Since he died in that unfortunate fire, I propose this to myself every year. But it’s a long distance to that place… and I'm not young anymore.","Какое странное совпадение!  Буквально вчера я думал использовать этот ключ, чтобы посмотреть, что оставил там мой кузен Фисцер.  Поскольку он погиб в том злосчастном пожаре, я предлагаю себе это каждый год.  Но до того места далеко… и я уже не молод.","Que coincidência estranha! Justamente ontem pensei em usar essa chave para ver o que meu primo Fiscere deixou lá. Desde que ele morreu naquele incidente desafortunado, me proponho a fazer isso todo ano. Mas é uma longa distância até aquele lugar… e já não sou jovem."
Dialogues,c1_sq3_thekey_wgm5,"If you give me the key, I will go there and if I find something I will come back.","Если ты дашь мне ключ, я пойду туда и, если найду что-нибудь, вернусь.","Se me der a chave, eu vou até lá e se encontrar algo volto aqui."
Dialogues,c1_sq3_thekey_gaf5,"This is a fair proposal, Sir! Actually, it is something really helpful. Here is the key. Good luck!","Это справедливое предложение, сэр!  На самом деле, это действительно что-то полезное.  Вот ключ.  Удачи!","Uma proposta justa, senhor! Na verdade, é algo realmente útil. Aqui está a chave. Boa sorte!"
Dialogues,c1_sq3_thekey_wgm6,"Thank you! I’ll be back, I promise.","Спасибо!  Я вернусь, обещаю.","Obrigado! Voltarei, prometo."
Dialogues,c1_sq3_items_wgm1,"Salve, Gaffer! As you can see, I am back.","Сальве, Гаффер!  Как видите, я вернулся.","Salve, Gaffer! Como pode ver, estou de volta."
Dialogues,c1_sq3_items_gaf1,"Salve! I am so glad to see you again, Sir. Have you found something?","Сальве!  Я так рад видеть вас снова, сэр.  Вы что-то нашли?","Salve! Estou tão feliz em vê-lo de novo, senhor. Encontrou algo?"
Dialogues,c1_sq3_items_wgm2,Many things!,Много разлиных вещей!,Muita coisa!
Dialogues,c1_sq3_items_gaf2,"A silver ingot! And hooks! My cousin was such a fisherman… oh, and this platinum box. This is something really amazing!","Серебряный слиток!  И крючки!  Мой двоюродный брат был таким рыбаком… ох, и эта платиновая шкатулка.  Это что-то действительно потрясающее!","Um lingote de prata! E anzóis! Meu primo era tão pescador… ah, e esta caixa de platina. Isso é algo realmente incrível!"
Dialogues,c1_sq3_items_wgm3,"I've never seen such a well crafted, minuscule box.",Я никогда не видел такой качественно сделанной миниатюрной коробки.,Nunca vi uma caixa tão bem feita e tão pequena.
Dialogues,c1_sq3_items_gaf3,"You know, my cousin found this box in the river near his house. But Raedan told him a strange thing about it. That is why he asked him to keep it safe.","Знаешь, мой двоюродный брат нашел эту коробку в реке возле своего дома.  Но Рэйдан рассказал ему об этом странную вещь.  Вот почему он попросил его сохранить его в безопасности.","Sabe, meu primo encontrou esta caixa no rio perto de sua casa. Mas Raedan lhe disse algo estranho sobre ela. Por isso pediu que a guardasse bem."
Dialogues,c1_sq3_items_wgm4,Can you tell me more?,Можете ли вы рассказать мне больше?,Pode me contar mais?
Dialogues,c1_sq3_items_gaf4,"You know, this is a sort of teleport artifact.","Знаете, это своего рода артефакт-телепорт.","Sabe, é uma espécie de artefato de teletransporte."
Dialogues,c1_sq3_items_wgm5,A teleport artifact?,Артефакт-телепорт?,Um artefato de teletransporte?
Dialogues,c1_sq3_items_gaf5,"Yes. If you had all the items, you could travel with the speed of thought between places where some ancient stones are placed. That's what Raedan told us many, many years ago. I must confess that I am not so sure about that. But if I were young, I would go for the other necessary items: a box made of wise oak wood that can be perfectly fitted in this platinum box, a small dragon scale, and a small vial of etherium.","Да.  Если бы у вас были все предметы, вы могли бы путешествовать со скоростью мысли между местами, где расположены какие-то древние камни.  Вот что сказал нам Рэйдан много-много лет назад.  Должен признаться, что я не столь уверен в этом.  Но если бы я был молод, я бы купил другие необходимые предметы: шкатулку из мудрого дуба, которая идеально поместится в эту платиновую шкатулку, маленькую чешуйку дракона и небольшой флакон с эфирием.","Sim. Se você tivesse todos os itens, poderia viajar com a velocidade do pensamento entre lugares onde certas pedras antigas estão colocadas. Foi isso que Raedan nos disse há muitos, muitos anos. Devo confessar que não tenho tanta certeza sobre isso. Mas se eu fosse jovem, iria buscar os outros itens necessários: uma caixa feita de carvalho senciente que encaixa perfeitamente nesta caixa de platina, uma pequena escama de dragão e um pequeno frasco de etério."
Dialogues,c1_sq3_items_wgm6,This is what Raedan told you?,"Это то, что тебе сказал Рэйдан?",Foi isso que Raedan lhe disse?
Dialogues,c1_sq3_items_gaf6,"Word by word! Plus the places where such strange things can be found. Would you like, maybe, to learn them?","Слово в слово!  Плюс места, где можно найти такие странные вещи.  Может быть, вы хотели бы их выучить?","Palavra por palavra! Mais os lugares onde essas coisas estranhas podem ser encontradas. Gostaria, talvez, de conhecê-los?"
Dialogues,c1_sq3_items_narr1,The Gaffer's eyes shone as if he were telling a good joke.,"Глаза Старика сияли, как будто он рассказывал хорошую шутку.",Os olhos de Gaffer brilharam como se estivesse contando uma boa piada.
Dialogues,c1_sq3_items_wgm7,Are you even asking? ,Ты еще спрашиваешь? ,Está me perguntando?
Dialogues,c1_sq3_items_gaf7,I will tell you all the places. And I hope that you will reward me for this.,"Я расскажу тебе все места.  И я надеюсь, что вы вознаградите меня за это.",Vou lhe contar todos os lugares. E espero que me recompense por isso.
Dialogues,c1_sq3_items_wgm8,How?,Как?,Como?
Dialogues,c1_sq3_items_gaf8,"It's easy: if this thing works, and you will be able to teleport yourself by using it, when you will try it for the first time come here to tell me. That's all that I ask of you!","Это легко: если эта штука работает и вы сможете телепортироваться с ее помощью, когда вы попробуете это в первый раз, приходите сюда и расскажите мне.  Это все, о чем я вас прошу!","É fácil: se essa coisa funcionar, e você conseguir se teletransportar com ela, quando tentar pela primeira vez venha aqui me contar. É tudo que peço!"
Dialogues,c1_sq3_items_wgm9,You can be sure about that!,Вы можете быть в этом уверены!,Pode ter certeza!
Dialogues,c1_sq3_items_gaf9,"Very well, Sir! So, the box made of the sapient oak tree can be found only in the dungeon under the fort. But be careful: there are some really evil magicians. A dragon scale can be taken from one of those dragons who live in the cave of the old stone quarry, and the etherium vial has been hidden a long time ago in the bear's cave.","Очень хорошо, сэр!  Итак, шкатулку из разумного дуба можно найти только в подземелье под фортом.  Но будьте осторожны: есть действительно злые маги.  Чешую дракона можно взять у одного из тех драконов, которые живут в пещере старого каменоломни, а пузырек с эфирием давно спрятан в пещере медведя.","Muito bem, senhor! Então, a caixa feita do carvalho senciente só pode ser encontrada na masmorra embaixo do forte. Mas cuidado: tem uns magos realmente malvados. Uma escama de dragão pode ser tirada de um daqueles dragões que vivem na caverna da velha pedreira, e o frasco de etério foi escondido há muito tempo na caverna do urso."
Dialogues,c1_sq3_items_wgm10,"On foot or teleported, I promise you I'll be back to tell you the whole story!","Пешком или телепортировавшись, я обещаю вам, что вернусь, чтобы рассказать вам всю историю!","A pé ou teletransportado, prometo que volto para lhe contar a história toda!"
Dialogues,c1_sq3_items_gaf10,"May the spirit of our King, Alfred, be with you, Sir. Salve!","Да пребудет с вами дух нашего короля Альфреда, сэр.  Сальве!","Que o espírito de nosso Rei, Alfred, esteja com o senhor. Salve!"
Dialogues,c1_sq3_firsttele_wgm1,"It works, Gaffer, it works!","Это работает, Гаффер, это работает!","Funciona, Gaffer, funciona!"
Dialogues,c1_sq3_firsttele_gaf1,Who can imagine something like this? I am sure that you will use it wisely. I am so glad for this!,"Кто может представить себе нечто подобное?  Я уверен, что вы воспользуетесь им с умом.  Я так рад этому!",Quem poderia imaginar algo assim? Tenho certeza de que vai usá-lo sabiamente. Fico tão feliz com isso!
Dialogues,c1_sq3_firsttele_wgm2,"Me too, Gaffer!","Я тоже, Гаффер!","Eu também, Gaffer!"
Dialogues,c1_sq3_firsttele_gaf2,I think that you can teleport wherever such a small runic statue is placed. But this only after you have visited the place yourself. And you will be able to visit me any time you wish! Tea time is at five o’clock.,"Я думаю, что телепортироваться можно везде, где стоит такая маленькая руническая статуя.  Но это только после того, как вы сами побывали на этом месте.  И ты сможешь навестить меня в любое время, когда пожелаешь!  Время чая в пять часов.",Acho que pode se teletransportar para qualquer lugar onde uma dessas pequenas estátuas rúnicas esteja colocada. Mas só depois de ter visitado o lugar pessoalmente. E poderá me visitar a qualquer hora que quiser! Hora do chá é às cinco.
Dialogues,c1_sq3_firsttele_wgm3,"Thank you Gaffer, sometimes I’ll come to have a cup of tea with you.","Спасибо, Гаффер, иногда я прихожу к тебе на чашечку чая.","Obrigado, Gaffer, alguma hora dessas venho tomar uma xícara de chá com você."
Dialogues,c1_sq4_firstrune_wgm,Hmmm… A square divided into four. And a rune inside of one of the small squares. I have seen other such statues. Do they have runes too? I have to check.,"Хммм… Квадрат, разделенный на четыре части.  И руна внутри одного из маленьких квадратов.  Я видел и другие подобные статуи.  У них тоже есть руны?  Я должен проверить.",Hmmm… Um quadrado dividido em quatro. E uma runa dentro de um dos quadradinhos. Já vi outras estátuas assim. Elas também têm runas? Preciso verificar.
Dialogues,c1_sq4_secondrune_wgm,The second rune! Now I am sure: there are four runes – one for every square.,Вторая руна!  Теперь я уверен: рун четыре – по одной на каждый квадрат.,A segunda runa! Agora tenho certeza: são quatro runas — uma para cada quadrado.
Dialogues,c1_sq4_thirdrune_wgm,The third one!,Третий!,A terceira!
Dialogues,c1_sq4_fourthrune_wgm,"Finally! I have all the runes. But what is this? Floating letters? It’s a message! “For the one who will bear the sacred name, the invisible will always becomes visible.”",Наконец-то!  ,"Por fim! Tenho todas as runas. Mas o que é isso? Letras flutuantes? É uma mensagem! ""Para aquele que carregar o nome sagrado, o invisível sempre se tornará visível."""
Dialogues,c1_sq5_firstbeast_wgm,What a beast! I'll take something from it to make a necklace to remind me of these fights.,"Какой зверь!  Я возьму из него что-нибудь, чтобы сделать ожерелье, напоминающее мне об этих боях.",Que besta! Vou tirar algo dela para fazer um colar que me lembre dessas lutas.
Dialogues,c2_sq6_blacksmith_cyn1,"Just as the mane is for the lion its visible glory, so is the sword for a royal knight.","Как грива для льва является его видимой славой, так и меч для царственного рыцаря.","Assim como a crina é para o leão sua glória visível, assim é a espada para um cavaleiro real."
Dialogues,c2_sq6_blacksmith_wgm1,I suppose that this is why Raedan has told me that you have a special gift for me. Can you explain yourself without adding more riddles?,"Полагаю, именно поэтому Рэйдан сказал мне, что у тебя есть для меня особый дар.  Сможете ли вы объясниться, не добавляя новых загадок?",Suponho que por isso Raedan me disse que você tem um presente especial para mim. Pode se explicar sem adicionar mais adivinhações?
Dialogues,c2_sq6_blacksmith_cyn2,"You know, the men in my family have been blacksmiths for at least three centuries.","Знаете, мужчины в моей семье были кузнецами уже как минимум три столетия.","Sabe, os homens da minha família são ferreiros há pelo menos três séculos."
Dialogues,c2_sq6_blacksmith_wgm2,That’s a real tradition!,Это настоящая традиция!,Isso é uma verdadeira tradição!
Dialogues,c2_sq6_blacksmith_cyn3,"Yes, it is. But tradition means secrets. The secrets of our craftsmanship. And among these secrets there are some unique recipes. I am sure that one of them is of great interest to you.","Да, это.  Но традиция означает тайны.  Секреты нашего мастерства.  И среди этих секретов есть несколько уникальных рецептов.  Я уверен, что один из них представляет для вас большой интерес.",Sim. Mas tradição significa segredos. Os segredos do nosso artesanato. E entre esses segredos há algumas receitas únicas. Tenho certeza de que uma delas é de grande interesse para você.
Dialogues,c2_sq6_blacksmith_wgm3,Which one?,Который из?,Qual?
Dialogues,c2_sq6_blacksmith_cyn4,The old recipe for a paladin’s weapon.,Старый рецепт оружия паладина.,A velha receita de uma arma de paladino.
Dialogues,c2_sq6_blacksmith_wgm4,"A paladin weapon, you say? But how much can such a thing cost?","Оружие паладина, говорите?  Но сколько может стоить такая вещь?","Uma arma de paladino, você disse? Mas quanto pode custar algo assim?"
Dialogues,c2_sq6_blacksmith_cyn5,"Nothing. Because there is no price for something like this. The only thing that I can accept is the fame it will gain. My name will be linked forever with the weapon and with the one who will use it. For a blacksmith, such a thing is more precious than any price.","Ничего.  Потому что этому нет цены.  Единственное, что я могу принять, это известность, которую он приобретет.  Мое имя навсегда будет связано с оружием и с тем, кто его воспользуется.  Для кузнеца такая вещь дороже любой цены.","Nada. Porque não tem preço para algo assim. A única coisa que posso aceitar é a fama que ganhará. Meu nome estará ligado para sempre à arma e ao que a usará. Para um ferreiro, isso é mais precioso do que qualquer preço."
Dialogues,c2_sq6_blacksmith_wgm5,I see. But how long will it take to make such a weapon?,Я понимаю.  Но сколько времени потребуется на изготовление такого оружия?,Entendo. Mas quanto tempo levará para fazer tal arma?
Dialogues,c2_sq6_blacksmith_cyn6,Not too much. But the problem is the necessary ingredients.,Не очень много.  Но проблема в необходимых ингредиентах.,Não muito. Mas o problema são os ingredientes necessários.
Dialogues,c2_sq6_blacksmith_wgm6,What ingredients?,Какие ингредиенты?,Que ingredientes?
Dialogues,c2_sq6_blacksmith_cyn7,A metal that can be found in one single place and the core of two elementals.,"Металл, который можно найти в одном месте и в ядре двух элементалей.",Um metal que só pode ser encontrado em um único lugar e o núcleo de dois elementais.
Dialogues,c2_sq6_blacksmith_wgm7,That's all? I am ready! Where are the places?,Вот и все?  Я готов!  Где они обитают?,É só isso? Estou pronto! Onde ficam esses lugares?
Dialogues,c2_sq6_blacksmith_cyn8,"The elementals are living on the shore of the lakes. As about the metal, you must enter Grefa - the Northwestern mine of the goblins - to find a piece of titanium. Be sure that that mine is not a nice place.","Элементали живут на берегу озер.  Что касается металла, то вам необходимо войти в Грефу — северо-западную шахту гоблинов — чтобы найти кусок титана.  Будьте уверены, что эта шахта не самое лучшее место.","Os elementais vivem na margem dos lagos. Quanto ao metal, você precisa entrar em Grefa — a mina noroeste dos goblins — para encontrar um pedaço de titânio. Saiba que aquela mina não é um lugar agradável."
Dialogues,c2_sq6_blacksmith_wgm8,It doesn't matter. Such a gift deserves a bit of effort.,Это не имеет значения.  Такой подарок заслуживает немного усилий.,Não importa. Um presente assim merece um pouco de esforço.
Dialogues,c2_sq6_backtoblacksmith_wgm1,"Salve, Wundor! Here are the ingredients. I had a lot of troubles with those elementals... and the goblins, of course.","Сальве, Вундор!  Вот ингредиенты.  У меня было много проблем с этими элементалями... и с гоблинами, конечно.","Salve, Wundor! Aqui estão os ingredientes. Tive muito trabalho com aqueles elementais... e com os goblins, claro."
Dialogues,c2_sq6_backtoblacksmith_cyn1,"Since they occupied our waters, we have not been able to drive them away. And the fish have dwindled more and more. They are like those green spiders who have multiplied and occupied different places. Only they do not like forests, but waters.","Поскольку они заняли наши воды, мы не смогли их прогнать.  И рыбы стало меньше и меньше.  Они подобны тем зеленым паукам, которые размножились и заняли разные места.  Только они любят не леса, а воды.","Desde que ocuparam nossas águas, não conseguimos expulsá-los. E o peixe foi diminuindo cada vez mais. São como aquelas aranhas verdes que se multiplicaram e ocuparam diferentes lugares. Só que não gostam de florestas, mas de água."
Dialogues,c2_sq6_backtoblacksmith_wgm2,"Maybe I haven't destroyed all of them, but at least I decreased significantly their number.","Может быть, я не уничтожил их всех, но, по крайней мере, значительно уменьшил их количество.","Talvez não tenha destruído todos, mas pelo menos diminuí significativamente o número deles."
Dialogues,c2_sq6_backtoblacksmith_cyn2,"That's good! Hopefully, the fishes will multiply now. As about the sword, if you come tomorrow, it will probably be done by then. It is the first time in my life that I use this recipe. I will make full use of my experience of almost twenty-five years of work.","Это хорошо!  Надеюсь, теперь рыбы размножатся.  Что касается меча, если ты придешь завтра, то, вероятно, к тому времени все будет готово.  Впервые в жизни использую этот рецепт.  Я в полной мере воспользуюсь своим почти двадцатипятилетним опытом работы.","Isso é bom! Tomara que o peixe se multiplique agora. Quanto à espada, se vier amanhã, provavelmente já estará pronta. É a primeira vez na minha vida que uso essa receita. Vou aproveitar ao máximo minha experiência de quase vinte e cinco anos de trabalho."
Dialogues,c2_sq6_backtoblacksmith_wgm3,I can't tell you how impatient I am to hold a paladin's weapon.,"Не могу передать вам, как мне не терпится держать в руках оружие паладина.",Não consigo expressar como estou ansioso para segurar uma arma de paladino.
Dialogues,c2_sq6_backtoblacksmith_cyn3,Would you rather prefer a single-handed or a two-handed sword? Or maybe a bow?,"Вы бы предпочли одноручный или двуручный меч?  Или, может быть, лук?",Prefere uma espada de uma mão ou de duas mãos? Ou talvez um arco?
Dialogues,c2_sq6_backtoblacksmith_wgm4.1,A one-handed weapon works better with my shield.,Одноручное оружие лучше работает с моим щитом.,Uma arma de uma mão funciona melhor com meu escudo.
Dialogues,c2_sq6_backtoblacksmith_wgm4.2,"If properly used, a two-handed sword is an extremely effective weapon.",При правильном использовании двуручный меч является чрезвычайно эффективным оружием.,"Bem utilizada, uma espada de duas mãos é uma arma extremamente eficaz."
Dialogues,c2_sq6_backtoblacksmith_wgm4.3,"Withe the proper wielder, a bow is deadly.",При правильном обращении лук смертельно опасен.,"Nas mãos certas, um arco é letal."
Dialogues,c2_sq6_backtoblacksmith_cyn4,I am sure that you will use it wisely.,"Я уверен, что вы воспользуетесь им с умом.",Tenho certeza de que vai usá-la sabiamente.
Dialogues,c2_sq7_increasepotions_wgm1,It seems that this is the potion that increases the size of the one who drinks it. Does it work when used by humans?!,"Кажется, это зелье, увеличивающее размеры того, кто его выпьет.  Работает ли он при использовании людьми?!",Parece que esta é a poção que aumenta o tamanho de quem a bebe. Será que funciona com humanos?!
Dialogues,c2_sq7_increasepotions_wgm2,"This is astonishing! And highly useful, I guess. ","Это поразительно! И, полагаю, очень полезно.","Impressionante! E bastante útil, imagino."
Dialogues,c2_sq8_firstpainting_wgm1,"These savages stole such a work of art and then broke it. What a shame! What's really strange is the fact that they like art. It seems that these colors fascinate them. As they cannot get along with each other, they end up sharing their stolen paintings by breaking them. But this is a triptych. Maybe around this place I will find the other parts of it.","Эти дикари украли такое произведение искусства, а потом сломали его.  Какой позор!  Что действительно странно, так это то, что они любят искусство.  Кажется, эти цвета их завораживают.  Поскольку они не могут ладить друг с другом, в конечном итоге они делятся своими украденными картинами, разбивая их.  Но это триптих.  Возможно, около этого места я найду другие его части.","Esses selvagens roubaram tal obra de arte e a quebraram. Que vergonha! O que é realmente estranho é o fato de eles gostarem de arte. Parece que essas cores os fascinam. Como não conseguem se entender, acabam dividindo as pinturas roubadas quebrando-as. Mas isso é um tríptico. Talvez perto daqui eu encontre as outras partes."
Dialogues,c2_sq8_secondpainting_wgm2,Here it is the other part.,Вот это другая часть.,Aqui está a outra parte.
Dialogues,c2_sq8_thirdpainting_wgm3,And the final one! I'll keep them until we will be able to give them to the mayor.,"И последний!  Я буду хранить их до тех пор, пока мы не сможем передать их мэру.",E a última! Vou guardá-las até conseguirmos entregá-las ao prefeito.
Dialogues,c2_sq8_tryptich_wgm1,"Mayor, look what I found in the fortress!","Мэр, посмотрите, что я нашел в крепости!","Prefeito, olha o que encontrei na fortaleza!"
Dialogues,c2_sq8_tryptich_may1,"It is an amazing thing, the fact that even those ugly goblins like such beautiful artistic creations. Fortunately, the paintings have not been really broken. For something like this, you deserve a special gift. Here it is: may it be a light to you in dark places!","Удивительно то, что даже этим уродливым гоблинам нравятся такие красивые художественные творения.  К счастью, картины по-настоящему не пострадали.  За что-то подобное вы заслуживаете особого подарка.  Вот оно: да будет он вам светом в темных местах!","É uma coisa incrível o fato de que até esses goblins feios gostam de criações artísticas tão belas. Felizmente, as pinturas não foram realmente quebradas. Por algo assim, você merece um presente especial. Aqui está: que seja uma luz para você nos lugares escuros!"
Dialogues,c2_sq8_tryptich_wgm2,"Phial of Light? I will keep it safe. I am deeply grateful, Mayor.","Фиал Света?  Я сохраню это.  Я глубоко признателен, мэр.","Frasco de Luz? Vou guardá-lo com cuidado. Sou profundamente grato, Prefeito."
Dialogues,c2_sq9_bellmissing_wgm1,Why is this bell missing? Maybe the mayor can answer this question. ,"Почему колокол не на месте? Может быть, мэр сможет ответить на этот вопрос.",Por que este sino está faltando? Talvez o prefeito possa responder essa pergunta.
Dialogues,c2_sq9_mayor_wgm1,"Salve, mayor! I've noticed that the place of the bell is empty.","Сальве, мэр!  Я заметил, что место колокола пустует.","Salve, prefeito! Notei que o lugar do sino está vazio."
Dialogues,c2_sq9_mayor_may1,"Indeed, Wigmund. Believe or not, the bell has been stolen by a giant eagle. We never understood why bald eagles flew over us whenever the bell rang. Actually, it seems that they like that crystalline sound.","Действительно, Вигмунд.  Хотите верьте, хотите нет, но колокол украл гигантский орел.  Мы так и не поняли, почему белоголовые орланы пролетали над нами всякий раз, когда звонил колокол.  На самом деле, похоже, им нравится этот кристальный звук.","De fato, Wigmund. Acredite ou não, o sino foi roubado por uma águia gigante. Nunca entendemos por que águias carecas sobrevoavam quando o sino tocava. Na verdade, parece que gostam daquele som cristalino."
Dialogues,c2_sq9_mayor_wgm2,So the eagles stole the bell?,"Значит, орлы украли колокол?",Então as águias roubaram o sino?
Dialogues,c2_sq9_mayor_may2,"Yes, that's the truth. I saw at dawn in the morning, almost a year ago, how one of the eldest flew with it. But who can climb to their nests?","Да, это правда.  Я видел на рассвете утром, почти год назад, как с ним летел один из старейших.  Но кто сможет забраться в их гнезда?","Sim, é a verdade. Vi ao amanhecer, quase um ano atrás, como uma das mais velhas voou com ele. Mas quem consegue escalar até os ninhos delas?"
Dialogues,c2_sq9_mayor_wgm3,I will do it! Can you tell me where their nests are?,"Я сделаю это!  Можете ли вы сказать мне, где их гнезда?",Eu faço isso! Pode me dizer onde ficam os ninhos?
Dialogues,c2_sq9_mayor_may3,"The giant eagles live on the Eastern mountains, near the pass. If you don't find a path, do not try to climb there! You will fall.","Орлы-гиганты обитают в Восточных горах, недалеко от перевала.  Если вы не нашли тропинку, не пытайтесь туда подняться!  Вы упадете.","As águias gigantes vivem nas montanhas do leste, perto da passagem. Se não encontrar um caminho, não tente escalar! Vai cair."
Dialogues,c2_sq9_mayor_wgm4,Don't worry. I will be very cautious.,Не волнуйся.  Я буду очень осторожен.,Não se preocupe. Serei muito cuidadoso.
Dialogues,c2_sq9_mayor_may4,"Good luck, Wigmund!","Удачи, Вигмунд!","Boa sorte, Wigmund!"
Dialogues,c2_sq9_returnmayor_wgm1,Mayor!,Мэр!,Prefeito!
Dialogues,c2_sq9_returnmayor_may1,Wigmund! You are back!,Вигмунд!  Вы вернулись!,Wigmund! Você voltou!
Dialogues,c2_sq9_returnmayor_wgm2,"Yes, and here is the bell.","Да, и вот звонок.","Sim, e aqui está o sino."
Dialogues,c2_sq9_returnmayor_may2,"This hamlet will always be grateful to you. Please, sound the bell to let everyone know that you took it back from the eagle's nest.","Эта деревня всегда будет вам благодарна.  Пожалуйста, позвоните в колокольчик, чтобы все знали, что вы забрали его из орлиного гнезда.","Esta aldeia será sempre grata a você. Por favor, toque o sino para que todos saibam que o recuperou do ninho da águia."
Dialogues,c2_sq10_thebeesfarm_wgm1,Salve! What are you doing here?,Сальве!  Что ты здесь делаешь?,Salve! O que você está fazendo aqui?
Dialogues,c2_sq10_thebeesfarm_hyf1,"As the name Hyf that I bear says, I shepherd these bees.","Как говорит имя Хиф, которое я ношу, я пасу этих пчел.","Como meu nome Hyf indica, cuido dessas abelhas."
Dialogues,c2_sq10_thebeesfarm_wgm2,That's something I really like!,"Это то, что мне действительно нравится!",É algo que eu realmente gosto!
Dialogues,c2_sq10_thebeesfarm_hyf2,"If you like bees and honey, maybe you can help me to catch some wild bees and put them in the empty hives to see if they can do good honey. What do you think?","Если вам нравятся пчелы и мед, возможно, вы поможете мне поймать несколько диких пчел и посадить их в пустые ульи, чтобы посмотреть, смогут ли они сделать хороший мед.  Что вы думаете?","Se você gosta de abelhas e mel, talvez possa me ajudar a capturar algumas abelhas silvestres e colocá-las nas colmeias vazias para ver se conseguem fazer um bom mel. O que acha?"
Dialogues,c2_sq10_thebeesfarm_wgm3,"I like honey! If I help you catch some swarms, will you give me some honey?","Мне нравится мед!  Если я помогу тебе поймать несколько роев, ты дашь мне немного меда?","Gosto de mel! Se eu ajudar a capturar alguns enxames, você me dará um pouco?"
Dialogues,c2_sq10_thebeesfarm_hyf3,"This is an excellent proposition! For every five swarms of wild bees, I will give you two acacia honeycombs. That's the best honey you can get.","Это отличное предложение!  За каждые пять роев диких пчел я дам тебе два сота акации.  Это лучший мед, который вы можете получить.","Uma proposta excelente! Por cada cinco enxames de abelhas silvestres, darei dois favos de mel de acácia. É o melhor mel que existe."
Dialogues,c2_sq10_thebeesfarm_wgm4,"Oh, I like so much the acacia honey! I am at your service, Hyf. My name is Wigmund. Please, show me how to catch the bees.","Ох, как мне нравится акациевый мед!  Я к твоим услугам, Хиф.  Меня зовут Вигмунд.  Пожалуйста, покажите мне, как ловить пчел.","Ah, gosto tanto de mel de acácia! Estou às suas ordens, Hyf. Meu nome é Wigmund. Por favor, me mostre como capturar as abelhas."
Dialogues,c2_sq10_thebeesfarm_hyf4,Wigmund? The lion of Templar? I will give you the honey right now without having to give me anything back!,"Вигмунд?  Лев тамплиеров?  Я отдам тебе мед прямо сейчас, не возвращая мне ничего!",Wigmund? O leão dos Templários? Darei o mel agora mesmo sem precisar de nada em troca!
Dialogues,c2_sq10_thebeesfarm_wgm5,"I really want to catch those bees. And, by the way, I don't know who are those lions of Templar... anyway, I am ready to help you!","Я очень хочу поймать этих пчел.  И, кстати, я не знаю, кто эти львы тамплиеров... в любом случае я готов вам помочь!","Realmente quero capturar essas abelhas. E, aliás, não sei quem são esses leões dos Templários... de qualquer forma, estou pronto para ajudá-lo!"
Dialogues,c2_sq10_thebeesfarm_hyf5,"It's not very difficult: get this net and when you are near a swarm of wild bees put it under it. Then slowly shake the branch they are hanging on. When the swarm is inside your net, go and put it in any of those empty hives waiting for their guests.","Это не очень сложно: возьмите эту сетку и, когда окажетесь рядом с роем диких пчел, подложите ее под нее.  Затем медленно потрясите ветку, на которой они висят.  Когда рой окажется в вашей сети, пойдите и поместите его в любой из этих пустых ульев, ожидающих своих гостей.","Não é muito difícil: pegue essa rede e quando estiver perto de um enxame de abelhas silvestres coloque-a embaixo. Depois chacoalhe devagar o galho em que estão penduradas. Quando o enxame estiver dentro da rede, vá e coloque-o em qualquer uma daquelas colmeias vazias esperando pelos hóspedes."
Dialogues,c2_sq10_thebeesfarm_wgm6,"Perfect! When I catch five swarms, you will give me a jar of acacia honey.","Идеальный!  Когда я поймаю пять роев, ты дашь мне банку акациевого меда.","Perfeito! Quando capturar cinco enxames, você me dará um pote de mel de acácia."
Dialogues,c2_sq10_thebeesfarm_hyf6,Deal!,Договорились!,Fechado!
Dialogues,c2_sq10_swarmsgot_wgm1,"Five swarms of bees, Hyf! I've put all of them in their new homes.","Пять пчелиных роев, Хиф!  Я поместил их всех в новые дома.","Cinco enxames de abelhas, Hyf! Coloquei todos nas novas casas."
Dialogues,c2_sq10_swarmsgot_hyf1,"Excellent job, Sir. You are a born beekeeper! Here is you jar of acacia honey. If you need more...","Отличная работа, сэр.  Вы прирожденный пчеловод!  Вот вам баночка акациевого меда.  Если вам нужно больше...","Excelente trabalho, senhor. É um apicultor nato! Aqui está seu pote de mel de acácia. Se precisar de mais..."
Dialogues,c2_sq10_swarmsgot_wgm2,...I'll catch another five swarms of bees. ,...Я поймаю еще пять пчелиных роев. ,...capturo mais cinco enxames de abelhas.
Dialogues,c2_sq10_honey_hyf1,"That's it, Sir!","Вот и все, сэр!","É isso, senhor!"
Dialogues,c2_sq10_honey_wgm1.1,I would like to buy from you.,Я хотел бы купить у вас.,Gostaria de comprar de você.
Dialogues,c2_sq10_honey_wgm1.2,Here are another five swarms of bees.,Вот еще пять пчелиных роев.,Aqui estão mais cinco enxames de abelhas.
Dialogues,c2_sq10_honey_hyf1.2,Good job! Here is the honey.,Хорошая работа! Вот твой мёд.,Bom trabalho! Aqui está o mel.
Dialogues,c2_sq11_whostoy_wgm1,"Hey, do you know if any of your friends has lost a toy?","Эй, а ты не знаешь, потерял ли кто-нибудь из твоих друзей игрушку?","Ei, você sabe se algum de seus amigos perdeu um brinquedo?"
Dialogues,c2_sq11_whostoy_child1,"Oh, yes, some days ago Daeg's little sister, Hildegard, lost her Teddy bear.","О да, несколько дней назад младшая сестра Дэга, Хильдегард, потеряла своего плюшевого мишку.","Ah, sim, há alguns dias a irmãzinha de Daeg, Hildegard, perdeu o urso de pelúcia."
Dialogues,c2_sq11_whostoy_wgm2,Do you know where she is now?,"Знаешь, где она сейчас?",Você sabe onde ela está agora?
Dialogues,c2_sq11_whostoy_child2,Sure! She is playing hide-and-seek with her friends near the lake. There are many good hiding places. She always wears a blue dress. It's easy to recognize her.,Конечно!  Она играет в прятки со своими друзьями возле озера.  Есть много хороших укрытий.  Она всегда носит синее платье.  Ее легко узнать.,Claro! Está brincando de esconde-esconde com os amigos perto do lago. Tem muitos bons esconderijos. Ela sempre usa um vestido azul. É fácil de reconhecê-la.
Dialogues,c2_sq11_whostoy_wgm3,Thanks!,Спасибо!,Obrigado!
Dialogues,c2_sq11_unexpectedgift_wgm1.1,You must be Hildegard.,"Вы, должно быть, Хильдегард.",Você deve ser Hildegard.
Dialogues,c2_sq11_unexpectedgift_hil1.1,"Yes, Sir!",Да сэр!,"Sim, senhor!"
Dialogues,c2_sq11_unexpectedgift_wgm1.1.1,I have something for you. Something that you have lost...,"У меня есть кое-что для тебя.  Что-то, что ты потерял...",Tenho algo para você. Algo que você perdeu...
Dialogues,c2_sq11_unexpectedgift_wgm1.2,"Hey, do you know if any of your friends has lost a Teddy?","Эй, ты не знаешь, потерял ли кто-нибудь из твоих друзей Тедди?","Ei, você sabe se algum de seus amigos perdeu um ursinho?"
Dialogues,c2_sq11_unexpectedgift_hil2,My Teddy? My poor Teddy?,Мой Тедди?  Мой бедный Тедди?,Meu ursinho? Meu pobre ursinho?
Dialogues,c2_sq11_unexpectedgift_wgm2,Indeed! Here is your toy!,Действительно!  Вот твоя игрушка!,Exatamente! Aqui está seu brinquedo!
Dialogues,c2_sq11_unexpectedgift_hil3,"Oh, my dear Teddy! How can I thank you?","О, мой дорогой Тедди!  Как я могу отблагодарить вас?","Ah, meu querido ursinho! Como posso te agradecer?"
Dialogues,c2_sq11_unexpectedgift_wgm3,"You know what? I have heard that children's prayers are always heard in heaven. Pray for me! My name is Wigmund, will you remember?","Знаешь что?  Я слышал, что детские молитвы всегда услышаны на небесах.  Помолись за меня!  Имя моё Вигмунд, запомнишь?","Sabe o quê? Ouvi dizer que as orações das crianças são sempre ouvidas no céu. Reze por mim! Meu nome é Wigmund, vai lembrar?"
Dialogues,c2_sq11_unexpectedgift_hil4,How could I forget? I have already heard your name. I will pray every night together with Teddy!,"А как не запомнить?  Я уже слышала твоё имя. Я буду молиться каждую ночь за тебя, вместе с Тедди!",Como poderia esquecer? Já ouvi seu nome. Vou rezar toda noite junto com o ursinho!
Dialogues,c2_sq11_unexpectedgift_wgm4,"Thank you, Hildergard! That's the best reward for me.","Спасибо, Хильдергард!  Это величайшая награда для меня.","Obrigado, Hildegard! Essa é a melhor recompensa para mim."
Dialogues,c2_sq11_unexpectedgift_hil5,"I am happy, Sir! And Teddy bear is happy, too. Bye!","Я счастлива, сэр!  И мишка Тедди тоже счастлив.  Пока!","Estou feliz, senhor! E o ursinho também está feliz. Tchau!"
Dialogues,c2_sq11_unexpectedgift_wgm5,"Bye, Hildegard!","Пока, Хильдегард!","Tchau, Hildegard!"
Dialogues,c2_sq12_skeletonsee_voice1,"You, stranger! If you want to help a poor soul, come after midnight. Please...","Ты, незнакомец! Если хочешь помочь бедной душе, приходи после полуночи. Пожалуйста...","Você, estranho! Se quiser ajudar uma pobre alma, volte depois da meia-noite. Por favor..."
Dialogues,c2_sq12_skeletonsee_wgm1,"Whoever you are, do you think you can scare me?  I'll be right back after midnight.  ","Кем бы ты ни был, неужели думаешь, что сможешь напугать меня? Я вернусь сразу после полуночи. ","Seja quem for, acha que pode me assustar? Estarei de volta depois da meia-noite."
Dialogues,c2_sq12_strangecolors_wgm1,What a strange place is this! What is this colored wind?,Что это за странное место!  Что это за цветной ветер?,Que lugar estranho é esse! O que é esse vento colorido?
Dialogues,c2_sq12_strangecolors_voice1,"Help! Help me, you, stranger!","Помогите! Помоги мне, незнакомец!","Ajuda! Me ajuda, você, estranho!"
Dialogues,c2_sq12_strangecolors_wgm2,Who are you? ,Кто ты? ,Quem é você?
Dialogues,c2_sq12_strangecolors_voice2,"My name as a living human being was Galdor. Tempted by the powers of darkness, I was. And now I am paying for my madness.",Меня как живого человека звали Галдор.  Я был искушен силами тьмы.  И теперь я расплачиваюсь за своё безумие.,Meu nome como ser humano vivo era Galdor. Fui tentado pelos poderes das trevas. E agora estou pagando pela minha loucura.
Dialogues,c2_sq12_strangecolors_wgm3,Were you a wizard or something like that?,Вы были волшебником или кем-то в этом роде?,Você era um mago ou algo assim?
Dialogues,c2_sq12_strangecolors_voice3,"Indeed, a wizard I was...but not one who would have wanted someone's harm. First, I was a shepherd. And I got married very young. We were so happy... But my wife, Lenore, suddenly died in the first year of our marriage. I loved her so much... so much! I could not live without her. So, I tried to find my wife in the realm of the dead. By using magic... and now I suffer the consequences of my deeds. ","И вправду, волшебником я был...но ранить никого не хотел. Я был простым пастухом. Женился молодым. Мы были счастливы...Но моя жена Ленора внезапно умерла в годовщину нашей свадьбы. Я так сильно её любил...так любил! Я не мог жить без неё. Поэтому, я пытался найти свою жену в царстве мертвых. Использовал магию...и теперь страдаю от последствия своих действий.","De fato, era um mago... mas não um que desejasse o mal de alguém. Primeiro, fui um pastor. E me casei muito jovem. Éramos tão felizes... Mas minha esposa, Lenore, morreu subitamente no primeiro ano de nosso casamento. Eu a amava tanto... tanto! Não conseguia viver sem ela. Então tentei encontrá-la no reino dos mortos. Usando magia... e agora sofro as consequências dos meus atos."
Dialogues,c2_sq12_strangecolors_wgm4,This is really a sad story. Is there a way to help you?,Это по настоящему грустная история.  Есть ли способ помочь вам?,É realmente uma história triste. Há alguma forma de ajudá-lo?
Dialogues,c2_sq12_strangecolors_voice4,I came here some years ago to find rare ingredients and herbs. But a bandit from that den followed me and killed me. He has stolen my medallion and my magic wand. You must destroy them! They are cursed! I am sure about this.,"Я приехал сюда несколько лет назад, чтобы найти редкие ингредиенты и травы.  Но бандит из того притона последовал за мной и убил.  Он украл мой медальон и волшебную палочку.  Вы должны уничтожить их!  Они прокляты!  Я уверен в этом.",Vim aqui há alguns anos para encontrar ingredientes e ervas raras. Mas um bandido daquele covil me seguiu e me matou. Ele roubou meu medalhão e minha varinha mágica. Você precisa destruí-los! Estão amaldiçoados! Tenho certeza disso.
Dialogues,c2_sq12_strangecolors_wgm5,Is that all what you need? ,И это всё? ,É tudo que precisa?
Dialogues,c2_sq12_strangecolors_voice5,"No! After you will destroy them, come back, please. Then you will be able to dig a grave for my remains. They will be here, in this place. This way, I might find peace…","Нет!  После того, как вы их уничтожите, вернитесь, пожалуйста.  Тогда ты сможешь выкопать могилу для моих останков.  Они будут здесь, в этом месте.  Так я смогу обрести покой…","Não! Depois de destruí-los, volte, por favor. Então poderá cavar uma sepultura para meus restos. Estarão aqui, neste lugar. Assim, talvez eu encontre paz…"
Dialogues,c2_sq12_strangecolors_wgm6,"Very well, Galdor. I will do this for your poor soul! Maybe God - who can read the hearts of men - will have mercy of you.","Очень хорошо, Галдор.  Я сделаю это для твоей бедной души!  Может быть, Бог, умеющий читать сердца людей, смилостивится над вами.","Muito bem, Galdor. Farei isso pela sua pobre alma! Talvez Deus — que pode ler os corações dos homens — tenha misericórdia de você."
Dialogues,c2_sq12_thetomb_gal1,"Ah! You did all this for me, and I don't even know your name.","Ах! Ты сделал всё это для меня, а я даже не знаю твоего имени.","Ah! Você fez tudo isso por mim, e eu nem sei seu nome."
Dialogues,c2_sq12_thetomb_wgm1,"Wigmund, my name is Wigmund. ","Вигмунд, моё имя Вигмунд. ","Wigmund, meu nome é Wigmund."
Dialogues,c2_sq12_thetomb_gal2,"A lion of Templar! In the name of our King, be blessed Wigmund! And, please, take this parchment: it's not too much, but you fully deserve it. ","Львы из Тамплиеров! Именем нашего Короля, будь благоговен Вигмунд! И, пожалуйста, прими этот пергамент: это мелочь, но ты его вполне заслуживаешь. ","Um leão dos Templários! Em nome de nosso Rei, seja abençoado, Wigmund! E, por favor, pegue este pergaminho: não é muito, mas você o merece plenamente."
Dialogues,c2_sq13_thehauntedmansion_ceor1,Salve! You seem to be a knight or something like that.,"Сальве! Кажется, ты рыцарь или что-то в этом роде.",Salve! Parece ser um cavaleiro ou algo assim.
Dialogues,c2_sq13_thehauntedmansion_wgm1,"Salve! My name is Wigmund, but I am not sure if I am what you said. Maybe, maybe not.","Сальве! Меня зовут Вигмунд, но я не уверен, тот ли я, о ком вы сказали. Может быть, а может и нет.","Salve! Meu nome é Wigmund, mas não tenho certeza se sou o que você disse. Talvez sim, talvez não."
Dialogues,c2_sq13_thehauntedmansion_ceor2,Sorry to be so blunt. My name is Ceorl. And what I've said was inspired by the hope that you could do something for us. We would be glad to find a knight who is not afraid of ghosts at night.,"Извините, что так прямолинейно.  Меня зовут Кеорл.  И то, что я сказал, было продиктовано надеждой, что вы сможете что-то для нас сделать.  Будем рады найти рыцаря, который не боится ночных привидений.",Me perdoe por ser tão direto. Meu nome é Ceorl. E o que disse foi inspirado pela esperança de que você pudesse fazer algo por nós. Ficaríamos felizes em encontrar um cavaleiro que não tivesse medo de fantasmas à noite.
Dialogues,c2_sq13_thehauntedmansion_wgm2,Ghosts?,Привидений?,Fantasmas?
Dialogues,c2_sq13_thehauntedmansion_ceor3,"Indeed, Sir. Ghosts. That's what we think is haunting the house on the other side of the lake. Ghosts. A weird man named Galdor lived there some years ago. My grandpa was sure that he was a wizard. He never visited anyone and did not like to be visited. But some years ago he vanished. We searched his house in vain. Nobody lives there anymore. But after he disappeared, strange things started happening there at midnight. ","Действительно, сэр. Привидения. Это то, что, по нашему мнению, бродит по дому на другом берегу озера. Призраки. Несколько лет назад там жил странный человек по имени Галдор. Мой дедушка был уверен, что он волшебник. Он никогда никого не навещал и не любил, когда его навещали. Но несколько лет назад он исчез. Мы тщетно обыскивали его дом. Там больше никто не живет. Но после его исчезновения в полночь там начали происходить странные вещи.","De fato, senhor. Fantasmas. É o que achamos que assombra a casa do outro lado do lago. Fantasmas. Um homem estranho chamado Galdor morou lá há alguns anos. Meu avô tinha certeza de que era um mago. Nunca visitava ninguém e não gostava de ser visitado. Mas há alguns anos desapareceu. Procuramos em sua casa em vão. Ninguém mora mais lá. Mas depois que desapareceu, coisas estranhas começaram a acontecer lá à meia-noite."
Dialogues,c2_sq13_thehauntedmansion_wgm3,What kind of strange things?,Что за странные вещи?,Que tipo de coisas estranhas?
Dialogues,c2_sq13_thehauntedmansion_ceor4,"I cannot tell you that. You know, no one dared to go there at night - we are farmers, we are not afraid to guard our fields at night, but we are not so brave as to venture there when we hear such noises.","Я не могу вам этого сказать.  Знаете, никто не осмелился пойти туда ночью — мы фермеры, мы не боимся охранять свои поля по ночам, но мы не настолько смелы, чтобы рискнуть туда, когда слышим такие шумы.","Não posso lhe dizer isso. Sabe, ninguém ousou ir lá à noite — somos agricultores, não temos medo de guardar nossos campos à noite, mas não somos corajosos o suficiente para nos aventurar lá quando ouvimos tais barulhos."
Dialogues,c2_sq13_thehauntedmansion_wgm4,Noises? ,Какой шум? ,Barulhos?
Dialogues,c2_sq13_thehauntedmansion_ceor5,"Yes, noises that sound like voices from far, far away. Fortunately, this does not happen every night. But when that happens, no one can sleep.","Да звуки, похожие на голоса издалека.  К счастью, это происходит не каждую ночь.  Но когда это происходит, никто не может уснуть.","Sim, barulhos que soam como vozes de muito, muito longe. Felizmente, não acontece toda noite. Mas quando acontece, ninguém consegue dormir."
Dialogues,c2_sq13_thehauntedmansion_wgm5,"That's really strange. In any case, I understand why you are looking for a knight: you need someone to check that house.","Это действительно странно. Теперь я понимаю, почему вы ищете рыцаря: вам нужно, чтобы кто-то проверил этот дом.","Isso é realmente estranho. De qualquer forma, entendo por que está procurando um cavaleiro: precisa de alguém para verificar aquela casa."
Dialogues,c2_sq13_thehauntedmansion_ceor6,"You said it, Sir! ","Вас за язык никто не тянул, сэр! ","Você disse, senhor!"
Dialogues,c2_sq13_thehauntedmansion_wgm6,"Not only did I say it, but I will do what you want: I will visit that house during the night. I am really curious to see what's going on there.","Я не только сказал это, но и сделаю то, что вы хотите: я посещу этот дом ночью.  Мне действительно интересно посмотреть, что там происходит.","Não só disse, mas farei o que quer: visitarei aquela casa durante a noite. Estou realmente curioso para ver o que está acontecendo lá."
Dialogues,c2_sq13_thehauntedmansion_ceor7,"Sir, you are a real knight, that is for sure. But, please, be prudent. And take this bottle of holy water received by my mother from an old monk. He told us that only with such a thing can the spirits of darkness be defeated.","Сэр, вы настоящий рыцарь. Но, пожалуйста, будьте благоразумны. И возьмите эту бутылку святой воды, которую моя мать получила от старого монаха. Он сказал нам, что только с помощью такой вещи можно победить духов тьмы.","Senhor, você é um verdadeiro cavaleiro, isso é certo. Mas, por favor, seja prudente. E leve esta garrafa de água benta que minha mãe recebeu de um velho monge. Ele nos disse que só com algo assim os espíritos das trevas podem ser derrotados."
Dialogues,c2_sq13_thehauntedmansion_wgm7,Thank you! Be sure that I will use it when required. Salve!,"Спасибо! И будьте уверены, я воспользуюсь ей, когда потребуется. Сальве!",Obrigado! Pode ter certeza de que usarei quando necessário. Salve!
Dialogues,c2_sq13_thevisit_wgm1,The sounds come from the basement. Let's see who makes them!,"Звуки доносятся из подвала. Посмотрим, кто их издает!",Os sons vêm do porão. Vamos ver quem os faz!
Dialogues,c2_sq13_cursedbasement_wgm1,"Magic was done in this place... And this is the book from which those spirits come. If anything is certain, it's that I have to use holy water here. ","В этом месте творилась магия... А это книга, из которой приходят эти духи. Если в чем-то и можно быть уверенным, так это в том, что я должен использовать здесь святую воду.","Magia foi feita neste lugar... E este é o livro de onde vêm esses espíritos. Se há algo certo, é que preciso usar água benta aqui."
Dialogues,c2_sq13_cleanedbasement_wgm1,Everything has been purified. I can leave now.,Всё очищено. Теперь я могу идти.,Tudo foi purificado. Posso ir embora agora.
Dialogues,c2_sq14_astronomer_wgm1,How interesting! What are you doing with that monocular? ,Как интересно! И что ты делаешь с этим монокуляром?,Que interessante! O que você está fazendo com aquele monóculo?
Dialogues,c2_sq14_astronomer_ast1,I look around and alert the soldiers if an enemy or a beast appears. This thing contains a piece of magnifying glass that increases the size of the earthly objects. But I would like to create a telescope that can do the same for celestial objects. The stars of the night are so beautiful!,"Я смотрю по сторонам и предупреждаю солдат, если появляется враг или зверь. В этой штуке есть увеличительное стекло, которое увеличивает размер земных объектов. Но я хотел бы создать телескоп, который мог бы делать то же самое для небесных объектов. Ночные звезды так прекрасны!",Olho ao redor e alerto os soldados se aparecer um inimigo ou uma besta. Esse instrumento contém um pedaço de vidro de aumento que aumenta o tamanho dos objetos terrestres. Mas gostaria de criar um telescópio que fizesse o mesmo para os objetos celestes. As estrelas da noite são tão belas!
Dialogues,c2_sq14_astronomer_wgm2,I too would love to look at the sky through such an instrument. ,Я бы тоже с удовольствием посмотрел на небо через такой прибор.,Eu também adoraria olhar para o céu através de tal instrumento.
Dialogues,c2_sq14_astronomer_ast2,"If so, you have to know that I already have an eyepiece, but I do not have the objective lens. For that, a special crystal and an abrasive are needed. I know where they can be found, but I do not have the courage to venture into such dangerous places. I am only an astronomer, not a warrior.","Если так, то вы должны знать, что у меня уже есть окуляр, но нет объектива. Для этого нужны специальный кристалл и абразив. Я знаю, где их можно найти, но у меня не хватает смелости отправиться в такие опасные места. Я всего лишь астроном, а не воин.","Se for assim, saiba que já tenho uma ocular, mas não tenho a lente objetiva. Para isso, é preciso um cristal especial e um abrasivo. Sei onde podem ser encontrados, mas não tenho coragem de me aventurar em lugares tão perigosos. Sou apenas um astrônomo, não um guerreiro."
Dialogues,c2_sq14_astronomer_wgm3,Where can they be found? Maybe I can obtain them for you.,"Где их можно найти? Может быть, я смогу достать их для вас.",Onde podem ser encontrados? Talvez eu possa obtê-los para você.
Dialogues,c2_sq14_astronomer_ast3,"This would be amazing, Sir! The crystal can only be found in one place: the mountains to the east of here. The abrasive powder can be collected on the shore of the lake of the fortress.","Это было бы потрясающе, сэр! Кристалл можно найти только в одном месте: в горах к востоку отсюда. Абразивный порошок можно собрать на берегу озера в крепости.","Seria incrível, senhor! O cristal só pode ser encontrado em um lugar: as montanhas a leste daqui. O pó abrasivo pode ser coletado na margem do lago da fortaleza."
Dialogues,c2_sq14_astronomer_wgm4,"Very well! If I succeed, I will come back.","Очень хорошо! Если у меня все получится, я вернусь.","Muito bem! Se conseguir, voltarei."
Dialogues,c2_sq14_astronomer_ast4,"Thank you, Sir! You really made my day.","Спасибо, сэр! Вы действительно сделали мой день лучше.","Obrigado, senhor! Você realmente fez meu dia."
Dialogues,c2_sq14_telescopeitems_wgm1,Here they are: a piece of crystal and some abrasive powder.,Вот они: кусочек кристалла и немного абразивного порошка.,Aqui estão: um pedaço de cristal e um pouco de pó abrasivo.
Dialogues,c2_sq14_telescopeitems_ast1,Amazing! I cannot believe that you've got them.,"Потрясающе! Не могу поверить, что они у тебя.",Incrível! Não consigo acreditar que os tenha conseguido.
Dialogues,c2_sq14_telescopeitems_wgm2,"I hope that you will be able now to create a fine telescope. One day, I will come back to watch the stars and the planets through your instrument. I have always loved to look at the night sky.","Я надеюсь, что теперь вы сможете создать прекрасный телескоп. Однажды я вернусь сюда, чтобы понаблюдать за звездами и планетами с помощью вашего прибора. Я всегда любил смотреть на ночное небо.",Espero que agora consiga criar um telescópio excelente. Um dia voltarei para olhar as estrelas e os planetas pelo seu instrumento. Sempre amei olhar para o céu noturno.
Dialogues,c2_sq14_telescopeitems_ast2,"Oh! That will be so nice. But now I want to give you something. It is not too much, but it can be useful. Please, take these.","О! Это будет так приятно. А сейчас я хочу тебе кое-что подарить. Это не слишком много, но может оказаться полезным. Пожалуйста, возьми это.","Oh! Isso será tão agradável. Mas agora quero lhe dar algo. Não é muito, mas pode ser útil. Por favor, pegue estes."
Dialogues,c2_sq14_telescopeitems_wgm3,Thank you!,Спасибо вам!,Obrigado!
Dialogues,c2_sq15_legend_wgm1,A real knight needs real fights. Not just trainings and simulated fights.,Настоящему рыцарю нужны настоящие бои. А не просто тренировки и имитация поединков.,Um verdadeiro cavaleiro precisa de lutas de verdade. Não apenas treinos e combates simulados.
Dialogues,c2_sq15_legend_grimme1,"If you want some real fights I, Eag, can propose you something difficult.","Если ты хочешь настоящих боев, я, конечно, могу предложить тебе кое-что посложнее.","Se quiser lutas de verdade, eu, Eag, posso propor algo difícil."
Dialogues,c2_sq15_legend_wgm2,"Very well, Eag. That's what I am asking for. What do you have for me?","Очень хорошо, Иг. Это как раз то, о чем я и спрашивал. Так что у тебя есть для меня?","Muito bem, Eag. É isso que estou pedindo. O que você tem para mim?"
Dialogues,c2_sq15_legend_grimme2,Something shinny.,Что-нибудь блестящее.,Algo brilhante.
Dialogues,c2_sq15_legend_wgm3,A treasure? I like treasures!,Сокровища? Я люблю сокровища!,Um tesouro? Gosto de tesouros!
Dialogues,c2_sq15_legend_grimme3,"In a certain sense, yes, it is a treasure. But a very different one: a golden apple.","В определенном смысле, да, это сокровище. Но совсем другое: золотое яблоко.","Em certo sentido, sim, é um tesouro. Mas muito diferente: uma maçã de ouro."
Dialogues,c2_sq15_legend_wgm4,Apple?,Я-яблоко?,Maçã?
Dialogues,c2_sq15_legend_grimme4,"Yes, apple. As I said: not a usual apple, but a golden one.","Да, яблоко. Как я уже сказал, не обычное яблоко, а золотистое.","Sim, maçã. Como disse: não uma maçã comum, mas uma de ouro."
Dialogues,c2_sq15_legend_wgm5,"You are as serious as a Roman general. So it can't be a joke. And yet I find it hard to believe. What do you mean by ""golden apple""?","Ты серьезен, как римский полководец. Так что это не может быть шуткой. И все же мне трудно в это поверить. Что ты подразумеваешь под ""золотым яблоком""?","Você é tão sério quanto um general romano. Então não pode ser uma piada. Mesmo assim tenho dificuldade em acreditar. O que quer dizer com ""maçã de ouro""?"
Dialogues,c2_sq15_legend_grimme5,"An old legend says that somewhere in those small mountains near the Needle Pass is a tree. And, indeed, there is a unique tree named by our ancestors Milscapuldor. But what is strange is that the legend says that that tree makes one golden apple every night before the sunrise. But that golden apple can only be picked within the space of a few minutes. The problem is not only that some dragons come and steal it, but that an irresistible sleep envelops everyone who is waiting there. So whoever wants to do this must first defy sleep, then defeat the dragons fast enough to have time to pick the golden apple.","Старая легенда гласит, что где-то в этих небольших горах, недалеко от Игольного перевала, растет дерево. И действительно, там есть уникальное дерево, которое наши предки назвали Милскапулдор. Но что странно, так это то, что легенда гласит, что на этом дереве каждую ночь перед восходом солнца вырастает по одному золотому яблоку. Но это золотое яблоко можно сорвать всего за несколько минут. Проблема не только в том, что некоторые драконы приходят и крадут его, но и в том, что непреодолимый сон окутывает всех, кто там ждет. Поэтому тот, кто хочет это сделать, должен сначала бросить вызов сну, а затем победить драконов достаточно быстро, чтобы успеть сорвать золотое яблоко.","Uma velha lenda diz que em algum lugar naquelas pequenas montanhas perto da Passagem da Agulha há uma árvore. E de fato existe uma árvore única chamada por nossos ancestrais de Milscapuldor. O que é estranho é que a lenda diz que aquela árvore produz uma maçã de ouro toda noite antes do amanhecer. Mas essa maçã só pode ser colhida num espaço de poucos minutos. O problema não é só que alguns dragões vêm e a roubam, mas que um sono irresistível envolve todos que ficam esperando lá. Então quem quiser fazer isso precisa primeiro resistir ao sono, depois derrotar os dragões rápido o suficiente para ter tempo de colher a maçã de ouro."
Dialogues,c2_sq15_legend_wgm6,"If this legend is true, it is definitively the right job for me. But how to defy sleep?","Если эта легенда правдива, то это определенно подходящая работа для меня. Но как мне бороться со сном?","Se essa lenda for verdade, definitivamente é o trabalho certo para mim. Mas como resistir ao sono?"
Dialogues,c2_sq15_legend_grimme6,"What I know is that not even the legendary Sumerian hero, Gilgamesh, was able to defy sleep. When he tried, he fell asleep for seven days in a row.","Что я знаю, так это то, что даже легендарный шумерский герой Гильгамеш не мог противостоять сну. Когда он попытался, то проспал семь дней подряд.","O que sei é que nem o lendário herói sumério Gilgamesh conseguiu resistir ao sono. Quando tentou, dormiu por sete dias seguidos."
Dialogues,c2_sq15_legend_wgm7,"I know that legend from Aefestra. But I do not want to gain immortality, as Gilgamesh. Everything I want is to be awake while awaiting the sunrise near the tree named Milscapuldor.","Я знаю эту легенду из Эфестры. Но я не хочу обрести бессмертие, как Гильгамеш. Все, чего я хочу, - это бодрствовать в ожидании восхода солнца возле дерева под названием Милскапулдор.","Conheço essa lenda por Aefestra. Mas não quero ganhar imortalidade, como Gilgamesh. Tudo que quero é ficar acordado enquanto aguardo o amanhecer perto da árvore chamada Milscapuldor."
Dialogues,c2_sq15_legend_grimme7,"There is another old story, ""The Young Brother and the Golden Apples"" where a hero did what you want to do. To defy sleep, he used a spike placed under his chin. Maybe you can use something like a necklace with spikes to remain awake. I thought about this solution many times in my youth. But now I'm too old to see if it works or not.","Есть еще одна старая история, ""Младший брат и золотые яблоки"", в которой герой сделал то, что вы хотели. Чтобы не заснуть, он использовал шип, прикрепленный к подбородку. Возможно, вы можете использовать что-то вроде ожерелья с шипами, чтобы не заснуть. В юности я много раз думал об этом решении. Но сейчас я слишком стар, чтобы понять, работает оно или нет.","Há outra história antiga, ""O Irmão Mais Novo e as Maçãs de Ouro"", onde um herói fez o que você quer fazer. Para resistir ao sono, usou um espinho colocado sob o queixo. Talvez possa usar algo como um colar com espinhos para ficar acordado. Pensei nessa solução muitas vezes na minha juventude. Mas agora sou velho demais para ver se funciona ou não."
Dialogues,c2_sq15_legend_wgm8,"I will talk with Wyrtha, the jeweler, to see if he can design such a necklace. Salve!","Я поговорю с Виртой, ювелиром, чтобы узнать, сможет ли он создать такое ожерелье. Сальве!","Vou falar com Wyrtha, o joalheiro, para ver se ele pode criar tal colar. Salve!"
Dialogues,c2_sq15_necklace_wgm1,Salve! It seems that you are the only one who can design a very special item: a spiky necklace.,"Сальве! Похоже, ты единственный, кто может создать совершенно особенный предмет: Шипованный браслет.",Salve! Parece que você é o único que pode criar um item muito especial: um colar com espinhos.
Dialogues,c2_sq15_necklace_wyr1,"Salve, Wigmund! A strange request... But not hard at all: I can modify an existing necklace by adding some spikes on the exterior. ","Сальве, Вигмунд! Странная просьба... Но это совсем не сложно: я могу изменить существующее ожерелье, добавив несколько шипов на внешней стороне.","Salve, Wigmund! Um pedido estranho... Mas não difícil: posso modificar um colar existente adicionando alguns espinhos na parte exterior."
Dialogues,c2_sq15_necklace_wgm2,Not on exterior. That wouldn't be useful to me at all.,Только не на внешней. Это было бы бесполезным для меня.,Não na exterior. Isso não seria nada útil para mim.
Dialogues,c2_sq15_necklace_wyr2,"Ah, you need one with spikes on its interior surface. That's unusual. But it is not a difficult thing either. Here is your necklace!","А, так тебе нужно ожерелье с шипами на внутренней поверхности. Это необычно. Но это и не сложно. Вот твое ожерелье!","Ah, você precisa de um com espinhos na superfície interior. Isso é incomum. Mas também não é difícil. Aqui está seu colar!"
Dialogues,c2_sq15_necklace_wgm3,"Thank you, Wyrtha!","Спасибо тебе, Вирта!","Obrigado, Wyrtha!"
Dialogues,c2_sq15_sleep_wgm1,"What a night! My eyelids feel like lead. Sure, I need to put on my spiky necklace.","Что за ночь! Мои веки словно налились свинцом. Конечно же, ведь мне нужно надеть колье с шипами.","Que noite! Minhas pálpebras parecem de chumbo. Claro, preciso colocar meu colar com espinhos."
Dialogues,c2_sq15_aftersleep_wgm1,Alas! I forgot to put on my necklace and fell asleep. The apples have already been stolen. Next time I'll be more careful: I have to put on my necklace! ,Увы! Я забыл надеть ожерелье и уснул. Яблоко уже украли. В следующий раз я буду осторожнее: мне следует надеть ожерелье!,Droga! Esqueci de colocar o colar e adormeei. As maçãs já foram roubadas. Da próxima vez serei mais cuidadoso: preciso colocar o colar!
Dialogues,c2_sq15_leave_wgm1,Probably the apple has been already stolen. I will try another time.,"Наверное, яблоко уже украли. Я попробую в другой раз.",Provavelmente a maçã já foi roubada. Tentarei outra vez.
Dialogues,c2_sq15_applegrowstart_wgm1,I must protect this tree. Such a bright light can attract greedy creatures.,Я должен защитить это дерево. Такой яркий свет может привлечь жадных существ.,Preciso proteger esta árvore. Uma luz tão brilhante pode atrair criaturas gananciosas.
Dialogues,c2_sq15_applegrown_wgm1,A golden apple! So it is true. I’m sure that Eag will be happy to see such a wonder with his own eyes.,"Золотое яблоко! Значит, это правда. Я уверен, что Иг будет счастлив увидеть такое чудо своими глазами.",Uma maçã de ouro! Então é verdade. Tenho certeza de que Eag ficará feliz em ver essa maravilha com seus próprios olhos.
Dialogues,c2_sq15_return_grimme1,What a light! You did it!,Какой свет! У тебя получилось!,Que luz! Você conseguiu!
Dialogues,c2_sq15_return_grimme2,"Since great deeds deserve great gifts, here is your reward: the ""Sword Dance"" ability!","Поскольку великие деяния заслуживают великих даров, вот ваша награда: умение ""Танец смерти""!","Como grandes feitos merecem grandes presentes, aqui está sua recompensa: a habilidade ""Dança das Espadas""!"
Dialogues,c2_sq16_story_wig1,"My lady, you seem really sad. Is there something that I can do to help you?","Миледи, вы выглядите очень грустной. Могу ли я чем-нибудь вам помочь?","Minha senhora, você parece muito triste. Há algo que eu possa fazer para ajudá-la?"
Dialogues,c2_sq16_story_heo1,"Sir, it’s something really sad. But I do not want to overwhelm you with our story.","Сэр, это действительно печально. Но я не хочу перегружать вас нашей историей.","Senhor, é algo realmente triste. Mas não quero sobrecarregá-lo com nossa história."
Dialogues,c2_sq16_story_wig2,"""Our"" story? So, it's about you and someone else?","""Нашей"" историей? Значит, она о тебе и о ком-то еще?","""Nossa"" história? Então é sobre você e outra pessoa?"
Dialogues,c2_sq16_story_heo2,"It's about me, Heorthe, and my fiancé, Gaed. We were so happy... Our wedding day was approaching. I have to tell you, though, that Gaed has a flaw: he's proud of his craft. He's a very skilled carpenter but a very proud one. In a word, he considers himself the best. Not only that, but he does not accept the slightest criticism of his creations.","Это обо мне, Хеорте, и моем женихе Гаэде. Мы были так счастливы... Приближался день нашей свадьбы. Однако я должна сказать вам, что у Гаэда есть недостаток: он гордится своим ремеслом. Он очень умелый плотник, но очень гордый. Одним словом, он считает себя лучшим. Более того, он не приемлет ни малейшей критики в адрес своих творений.","É sobre mim, Heorthe, e meu noivo, Gaed. Éramos tão felizes... Nosso dia do casamento estava se aproximando. Devo lhe contar, porém, que Gaed tem um defeito: é orgulhoso do seu ofício. É um carpinteiro muito habilidoso, mas muito orgulhoso. Em suma, ele se considera o melhor. Não só isso, mas não aceita a menor crítica às suas criações."
Dialogues,c2_sq16_story_wig3,"Unfortunately, situations when the sin of pride conquers the hearts of the gifted are not uncommon. When you have a real talent, it is hard to remember always that you are as imperfect as your creations.","К сожалению, нередки ситуации, когда грех гордыни овладевает сердцами одаренных людей. Когда у тебя есть настоящий талант, трудно всегда помнить, что ты так же несовершенен, как и твои творения.","Infelizmente, situações em que o pecado do orgulho conquista o coração dos talentosos não são incomuns. Quando se tem um talento real, é difícil lembrar sempre que se é tão imperfeito quanto as próprias criações."
Dialogues,c2_sq16_story_heo3,"That's the truth, Sir. One day, an old lady asked him to make a small barrel for storing butter. When she returned to pick up the small barrel, she told Gaed that it was a bit rough. Gaed got upset and broke the barrel. Then, in a quiet voice, she told him that he would pay for his deed until someone who loved him showed him mercy by preparing a potion of love from a pure heart. Some say she was the queen of the fairies... I don't know if that's true or not. What I know is that since then, Gaed becomes a lycanthrope every night. That's why he hides from people in the Southern part of the Pass of the Needle in a ruined house. He doesn't want to hurt anyone when he becomes a beast. But, anyway, no one goes through those places anymore. I can't go either, for fear. Although I've been preparing the potion for a long time.","Это правда, сэр. Однажды пожилая дама попросила его сделать маленький бочонок для хранения масла. Когда она вернулась, чтобы забрать бочонок, она сказала Гаеду, что он немного грубоват. Гаед расстроился и разбил бочонок. Затем тихим голосом она сказала ему, что он будет расплачиваться за свой поступок до тех пор, пока кто-нибудь, кто его любит, не проявит к нему милосердие и не приготовит зелье любви от чистого сердца. Некоторые говорят, что она была королевой фей... Я не знаю, правда это или нет. Что я знаю, так это то, что с тех пор Гаэд каждую ночь становится ликантропом. Вот почему он прячется от людей в южной части Игольного перевала в разрушенном доме. Он не хочет никому причинять боль, когда превращается в зверя. Но, как бы то ни было, никто больше не ходит по этим местам. Я тоже не могу пойти из-за страха. Хотя я уже давно приготовила это зелье.","É a verdade, senhor. Um dia, uma senhora idosa pediu que ele fizesse um pequeno barril para guardar manteiga. Quando voltou para buscar o barril, disse a Gaed que estava um pouco tosco. Gaed ficou chateado e quebrou o barril. Então, em voz calma, ela lhe disse que pagaria pelo seu ato até que alguém que o amasse lhe mostrasse misericórdia preparando uma poção de amor de coração puro. Alguns dizem que ela era a rainha das fadas... Não sei se é verdade ou não. O que sei é que desde então Gaed se torna um lobisomem toda noite. Por isso se esconde das pessoas na parte sul da Passagem da Agulha, numa casa em ruínas. Não quer machucar ninguém quando se torna uma besta. Mas de qualquer forma, ninguém passa mais por esses lugares. Eu também não consigo ir, de medo. Mesmo já tendo preparado a poção há muito tempo."
Dialogues,c2_sq16_story_wig4,Are you saying you've already prepared the potion? I'll go! Right now! Just give it to me.,"Ты хочешь сказать, что уже приготовила зелье? Я пойду! Прямо сейчас! Просто отдай его мне.",Está dizendo que já preparou a poção? Irei! Agora mesmo! Só me dê ela.
Dialogues,c2_sq16_story_heo4,"Here it is. You are so kind, Sir...","Вот оно. Вы так добры, сэр...","Aqui está. Você é tão gentil, senhor..."
Dialogues,c2_sq16_story_wig5,"Wigmund, my name is Wigmund.","Вигмунд, меня зовут Вигмунд.","Wigmund, meu nome é Wigmund."
Dialogues,c2_sq16_story_heo5,"Oh! You are one of the lions of Templar! Sir, I am sure that his sufferings have reduced his pride.","О! Вы же один из львов тамплиеров! Сэр, я уверена, что страдания поубавили его гордость.","Oh! Você é um dos leões dos Templários! Senhor, tenho certeza de que seus sofrimentos diminuíram seu orgulho."
Dialogues,c2_sq16_story_wig6,"I'm as sure as you are, Heorthe. And just as one deserves to pay for a sin as great as pride, so he deserves redemption. If you made the potion out of pure love, he might have another chance. Bye, Heorthe!","Я уверен в этом так же, как и ты, Хеорта. И точно так же, как человек заслуживает расплаты за такой тяжкий грех, как гордыня, он заслуживает и искупления. Если ты приготовила зелье из чистой любви, у него, возможно, будет еще один шанс. Прощай, Хеорта!","Tenho a mesma certeza que você, Heorthe. E assim como alguém merece pagar por um pecado tão grande quanto o orgulho, também merece redenção. Se você fez a poção com amor puro, ele pode ter outra chance. Tchau, Heorthe!"
Dialogues,c2_sq16_story_heo6,"Sir Wigmund, be careful not to lose the potion. In the cork of the bottle I have hidden, a strand of my hair impregnated with basil scent. This is the only thing that can make him show up. Otherwise, he will not come. May the spirit of our King Alfred protect you!","Сэр Вигмунд, будьте осторожны, не потеряйте зелье. В пробке от бутылки, которую я спрятала, прядь моих волос, пропитанная ароматом базилика. Это единственное, что может заставить его появиться. Иначе он не придет. Да хранит вас дух нашего короля Альфреда!","Senhor Wigmund, tenha cuidado para não perder a poção. Na rolha da garrafa escondi um fio do meu cabelo impregnado com aroma de manjericão. É a única coisa que pode fazê-lo aparecer. Caso contrário, ele não virá. Que o espírito de nosso Rei Alfred o proteja!"
Dialogues,c2_sq16_fight_wig1,Gaed! Do not attack me! I am here to help you...,"Гаэд! Не нападай на меня! Я здесь, чтобы помочь тебе...",Gaed! Não me ataque! Estou aqui para ajudá-lo...
Dialogues,c2_sq16_fight_gaed1,"Grrrr.... no one can help me! I do not deserve to be helped! Prepare to die, you fool!","Грррр.... никто не может мне помочь! Я не заслуживаю помощи! Приготовься к смерти, глупец!","Grrrr.... ninguém pode me ajudar! Não mereço ser ajudado! Prepare-se para morrer, idiota!"
Dialogues,c2_sq16_fight_wig2,"No, I won't die!","Нет, я не умру!","Não, não vou morrer!"
Dialogues,c2_sq16_heal_gaed1,"No, please, don't kill me!","Нет, пожалуйста, не убивайте меня!","Não, por favor, não me mate!"
Dialogues,c2_sq16_heal_wig1,I am not here to kill you! Heorthe has given me a potion to heal you!,"Я здесь не для того, чтобы убивать тебя! Хеорта дала мне зелье, которое исцелит тебя!",Não estou aqui para te matar! Heorthe me deu uma poção para te curar!
Dialogues,c2_sq16_heal_gaed2,"Heorthe? Oh, my love... I lost her forever because of my pride. Kill me! Please, kill me! I cannot live such a life anymore!","Хеорта? О, любовь моя... Я потерял её навсегда из-за своей гордости. Убейте меня! Пожалуйста, убейте меня! Я больше не могу так жить!","Heorthe? Ah, meu amor... a perdi para sempre por causa do meu orgulho. Me mate! Por favor, me mate! Não consigo mais viver assim!"
Dialogues,c2_sq16_heal_wig2,"No, you have paid for your pride, but Heorthe really loves you. Her love has won your redemption. Here is the concrete proof of this. Take this potion. Drink it all!","Нет, ты уже поплатился за свою гордыню, но Хеорта действительно любит тебя. Ее любовь искупила твою вину. Вот тебе истинное доказательство этого. Возьми это зелье и выпей его до конца!","Não, você pagou pelo seu orgulho, mas Heorthe realmente te ama. O amor dela conquistou sua redenção. Aqui está a prova concreta disso. Pegue esta poção. Beba tudo!"
Dialogues,c2_sq16_heal_gaed3,"Oh! What a feeling! Man! I am a man again! Sir, please, receive all my gratitude! How can I reward you?","О! Что это за чувство! Мужчина! Я снова мужчина! Сэр, пожалуйста, примите всю мою благодарность! Как я могу отблагодарить вас?","Oh! Que sensação! Cara! Sou um homem novamente! Senhor, por favor, receba toda a minha gratidão! Como posso recompensá-lo?"
Dialogues,c2_sq16_heal_wig3,"Marry Heorthe. And pray for me - Wigmund, son of Wiglaf - with all the children you will have!","Женись на Хеорте. И помолись за меня - Вигмунда, сына Виглафа, - и за всех детей, которые у тебя будут!","Case com Heorthe. E reze por mim — Wigmund, filho de Wiglaf — com todos os filhos que tiver!"
Dialogues,c2_sq16_heal_gaed4,"Thank you, Sir Wigmund! That is how we will do it! I'm running to Heorthe now!","Спасибо, сэр Вигмунд! Вот как мы это сделаем! Я сейчас же отправлюсь к ней!","Obrigado, Senhor Wigmund! É assim que faremos! Estou correndo para Heorthe agora!"
Dialogues,c2_sq16_heal_wig4,"Never be proud again! The gift you have is not yours... Salve, Gaed! ","И никогда больше не гордись! Дар, которым ты обладаешь, не твой... Сальве, Гаэд!","Nunca mais seja orgulhoso! O dom que você tem não é seu... Salve, Gaed!"
Dialogues,c2_sq17_armor_wig1,"Interesting! This is a piece from an ancient armor. If I can find many pieces like this, maybe a good blacksmith will know how to restore the whole thing.","Интересно! Это фрагмент древнего доспеха. Если я смогу найти много таких деталей, может быть, хороший кузнец знает, как восстановить её.","Interessante! Esta é uma peça de uma armadura antiga. Se encontrar muitas peças como esta, talvez um bom ferreiro saiba como restaurar o conjunto todo."
Dialogues,c2_sq17_blackmisth_wig1,I’ve found these scraps. Can you restore the entire armor?,Я нашел эти куски. Ты можешь восстановить всю броню целиком?,Encontrei esses fragmentos. Você consegue restaurar a armadura inteira?
Dialogues,c2_sq17_blackmisth_blk1,"Of course, I can! But it will cost you 500 coins.",Конечно я могу! Но это будет стоить тебе 500 монет.,Claro! Mas vai custar 500 moedas.
Dialogues,c2_sq17_blackmisth_wig2.1,I’ll be back when I have all the money and armor pieces.,"Я вернусь позже, когда у меня будет достаточно монет и кусков брони.",Voltarei quando tiver o dinheiro e todas as peças da armadura.
Dialogues,c2_sq17_blackmisth_wig2.2,Here is the money!,Вот твои монеты!,Aqui está o dinheiro!
Dialogues,c2_sq17_blackmisth_blk2,"This is an excellent armor, Sir. Old things are always the best.","Это замечательная брона, сэр. Старые вещи всегда лучше новых.","Esta é uma armadura excelente, senhor. As coisas antigas são sempre as melhores."
Dialogues,c3_sq18_cage_wigs1,A prisoner? A dwarf? How could this be possible?,Заключенный?  Гном?  Как это возможно?,Um prisioneiro? Um anão? Como isso é possível?
Dialogues,c3_sq18_cage_wig1,"This is something rare. Usually, the goblins take prisoners only if they have some value for them.","Это редкость. Обычно гоблины берут пленных только в том случае, если они представляют для них какую-то ценность.","Isso é algo raro. Normalmente, os goblins fazem prisioneiros só se têm algum valor para eles."
Dialogues,c3_sq18_cage_wigs2,"Hey, dwarf! What are you doing here? You seem to be the goblin’s special guest. But we know that goblins are not polite at all – they prefer guests to be dead rather than alive.","Эй, гном! Почему ты здесь?  Похоже, ты особенный гость этого гоблина. Хотя мы знаем, что гоблины совсем Негостеприимны — они предпочитают, чтобы их гости были мертвыми, а не живыми.","Ei, anão! O que você está fazendo aqui? Parece ser o convidado especial dos goblins. Mas sabemos que goblins não são nada educados — preferem hóspedes mortos a vivos."
Dialogues,c3_sq18_cage_feor1,"Feorgear at your service, Sir! I notice that you are knights. Your presence gives me hope. The goblins could kill me anytime.","Фиоргеар к вашим услугам, сэр!  Я заметил, что вы рыцари.  Твое присутствие дает мне надежду.  Гоблины могут убить меня в любой момент.","Feorgear às suas ordens, senhor! Noto que são cavaleiros. A presença de vocês me dá esperança. Os goblins podem me matar a qualquer momento."
Dialogues,c3_sq18_cage_wig2,"I am Wigmund. And this is my brother, Wigstan. And there is Cyneric, our friend. Indeed, usually goblins like to kill, not to keep someone alive. But I suppose that you are special.","Я Вигмунд.  А это мой брат Вигстан.  И вот Цинерик, наш друг.  Действительно, обычно гоблины любят убивать, а не сохранять кому-то жизнь.  Но я полагаю, что ты особенный.","Sou Wigmund. E este é meu irmão, Wigstan. E ali está Cyneric, nosso amigo. De fato, normalmente os goblins gostam de matar, não de manter alguém vivo. Mas suponho que você seja especial."
Dialogues,c3_sq18_cage_feor2,"Not so special. I am the storekeeper of the castle. And, of course, I know where the goods are stored. Now you know why the goblins haven't killed me yet.","Не такой уж особенный.  Я кладовщик замка.  И, конечно, я знаю, где хранится товар.  Теперь ты знаешь, почему гоблины меня до сих пор не убили.","Não tão especial. Sou o almoxarife do castelo. E, claro, sei onde os produtos estão armazenados. Agora você sabe por que os goblins ainda não me mataram."
Dialogues,c3_sq18_cage_wig3,"If so, I am twice as happy to release you.","Если так, то я вдвойне счастлив освободить тебя.","Nesse caso, fico duplamente feliz em libertá-lo."
Dialogues,c3_sq18_cage_feor3,"Thank you, Sir Wigmund! I am glad to learn that the lions of Templar are back. And I already know what are you doing here.","Спасибо, сэр Вигмунд!  Я рад узнать, что львы тамплиеров вернулись.  И я уже знаю, что ты здесь делаешь.","Obrigado, Senhor Wigmund! Fico feliz em saber que os leões dos Templários voltaram. E já sei o que estão fazendo aqui."
Dialogues,c3_sq18_cage_wigs3,"Clearly, a storekeeper knows a lot of things. Maybe you know where is the key to this cell.","Видно, что кладовщик много чего знает.  Возможно, вы знаете, где находится ключ от этой камеры.","Claramente, um almoxarife sabe muitas coisas. Talvez saiba onde está a chave desta cela."
Dialogues,c3_sq18_cage_feor4,"That's easy, Sir Wigstan. There is a bunch of goblins around this place. One of them is called ""Big Eye."" Find him and you will find the key.","Это легко, сэр Вигстан.  Вокруг этого места толпа гоблинов.  Одного из них клычут 'Большой Глаз.' Найдите его и вы найдете ключ.","Fácil, Senhor Wigstan. Há um grupo de goblins por aqui. Um deles é chamado de ""Olho Grande"". Encontre-o e encontrará a chave."
Dialogues,c3_sq18_cage_wigs4,"See you later, Feorgear!","Увидимся позже, Феоргир!","Até logo, Feorgear!"
Dialogues,c3_sq18_return_feor1,"How good it is to see you alive, Sir! I've been worried all the time you've been away. ","Как хорошо видеть вас живым, Сэр! Я волновался всё то время, пока вас не было.","Que bom vê-los vivos, senhores! Fiquei preocupado o tempo todo em que estiveram fora."
Dialogues,c3_sq18_return_wig1,Now you have nothing to worry about. Here is the key!,Теперь тебе не о чем беспокоиться. Вот ключ!,Agora não tem mais nada com que se preocupar. Aqui está a chave!
Dialogues,c3_sq18_return_feor2,"We'll meet again, Sir Wigmund. I am sure about that. That's my job: to provide the best supplies. And perhaps you need something like this warhorn?","Мы еще с вами встретимся, сэр Вигмунд, я в этом уверен. Моя работа: предоставлять лучшие материалы.  А может быть, вам нужно что-то вроде этого боевого рога?","Nos encontraremos novamente, Senhor Wigmund. Tenho certeza disso. Este é meu trabalho: fornecer os melhores suprimentos. E talvez precise de algo como esta corneta de guerra?"
Dialogues,c3_sq18_return_wigs2,"Absolutely! We are deeply grateful to you, Feorgear.","Абсолютно!  Мы глубоко признательны тебе, Феоргир.","Com certeza! Somos profundamente gratos a você, Feorgear."
Dialogues,c3_sq18_return_feor3,"I am the one who must be deeply grateful! It is an honor to meet you, Wigmund, Wigstan and Cyneric. Salve and may the spirit of our King and Lord be with you!","Это я тот, кто должен быть глубоко признателен!  Для меня большая честь познакомиться с вами, Вигмунд, Вигстан и Цинерик. Сальве, и да пребудет с вами дух нашего Царя и Господа!","Sou eu quem deve ser profundamente grato! É uma honra conhecê-los, Wigmund, Wigstan e Cyneric. Salve e que o espírito de nosso Rei e Senhor esteja com vocês!"
Dialogues,c2_miniquest_hourglass_wig1,"An hourglass! Covered with old, mysterious letters like those used hundreds of years ago by the three wise men. Certainly, this is not an artifact created by wizards, but an ancient device… this letter seems to say something about it.","Песочные часы! Они покрыты старыми загадочными буквами, подобными тем, которыми сотни лет назад владели три мудреца. Конечно, это не артефакт, созданный волшебниками, а древнее устройство… Кажется, в этом письме что-то сказано об этом.","Uma ampulheta! Coberta de letras antigas e misteriosas como as usadas há centenas de anos pelos três reis magos. Certamente, isso não é um artefato criado por magos, mas um dispositivo antigo… esta carta parece dizer algo sobre ela."
Dialogues,c2_miniquest_hourglass_wig2,"“Dear Balthasar, I have discovered this marvelous thing in the ruins of that old temple whose creators are unknown: it can ‘rush’ the time until midnight. Nothing more, nothing less. Use it wisely. Yours faithfully, Melchior.”","Дорогой Бальтазар, я обнаружил эту чудесную вещь в руинах того старого храма, создатели которого неизвестны: он может торопить время до полуночи.  Ни больше ни меньше. Используй его мудро. С уважением, Мельхиор.","""Querido Baltasar, descobri esta coisa maravilhosa nas ruínas daquele templo antigo cujos criadores são desconhecidos: ela consegue 'apressar' o tempo até a meia-noite. Nada mais, nada menos. Use-a sabiamente. Atenciosamente, Melchior."""
Dialogues,c1_miniquest_arael_ara1,Do not fear! I am your guardian angel.,Отрить страх! Я твой ангел-хранитель.,Não tema! Sou seu anjo guardião.
Dialogues,c1_miniquest_arael_wig1,My guardian angel?! That's really something!,Мой ангел хранитель?!  К этому я не был готов!,Meu anjo guardião?! Isso é demais!
Dialogues,c1_miniquest_arael_ara2,Some of your quests are very dangerous and you may need my help. Would you like me to come with you?,"Некоторые из твоих заданий так опасны, тебе может понадобиться помощь. Хочешь, я сопровожу тебя в твоем путешествии?",Algumas de suas missões são muito perigosas e talvez precise da minha ajuda. Gostaria que eu fosse com você?
Dialogues,c1_miniquest_arael_wig2_yes,"Yes, it is not often that you meet your guardian angel.","Да уж, нечасто встречаешь своего ангела-хранителя.","Sim, não é sempre que se encontra o próprio anjo guardião."
Dialogues,c1_miniquest_arael_wig2_no,"No, at least now I would rather test my skills alone.","Нет, пока-что, не сейчас, я предпочитаю испытывать свои навыки в одиночку.","Não, por enquanto prefiro testar minhas habilidades sozinho."
Dialogues,c1_miniquest_arael_ara3_yes,"Take this runic stone. If you wear it, I will be with you. If not, you can use it when you need my help.","Возьми этот рунический камень. Если ты наденешь его, я буду всегда буду рядом с тобой. Если нет, ты можешь использовать его, тогда, когда тебе понадобится моя помощь.","Pegue esta pedra rúnica. Se a usar, estarei com você. Se não, pode usá-la quando precisar da minha ajuda."
Dialogues,c1_miniquest_arael_ara3_no,"Very well, Wigmund. You can find me here whenever you want.","Ну что же, так тому и быть, Вигмунд. Ты сможешь всегда найти меня здесь, когда пожелаешь.","Muito bem, Wigmund. Pode me encontrar aqui quando quiser."
Dialogues,global_gossip_leavebobber1,Oy! Leave my bobber alone!,Эй! А ну оставь мой поплавок в покое!,Ei! Larga a minha bóia!
Dialogues,global_gossip_leavebobber2,Do not scare my’ fish away!,Не шугай мою рыбу!,Não espanta meus peixes!
Dialogues,c1_sq1_gossip_templar_notworthy,You are not worthy to take the Holy Grail!,Ты недостоин Святого Грааля!,Você não é digno de pegar o Santo Graal!
Dialogues,c1_sq1_gossip_templar_worthy,Perhaps I was wrong… Choose the Grail wisely.,"Возможно, я ошибался… Что же, выбирайте Грааль с умом.",Talvez eu estivesse errado… Escolha o Graal com sabedoria.
Dialogues,c2_miniquest_puppy_wig1,"A puppy! Looks like you’re hungry, boy. I bet I can convince you to come with me. A roast chicken will be enough, isn’t it?","Щеночек! Похоже, ты голоден, мальчик. Могу поспорить, что ты даже захочешь пойти со мной. Хочешь жареной курочки, да?","Um filhotinho! Parece que está com fome, garoto. Aposto que consigo te convencer a vir comigo. Um frango assado vai bastar, não vai?"
Dialogues,c2_miniquest_puppy_pup1,Woof woof!,Гав-гав!,Au au!
Dialogues,c2_miniquest_puppy_wig2_offer,"Here boy, have this roast chicken! It is for you.","Вот, мальчик, забирай свою жареную курочку! Она твоя.","Aqui, garoto, este frango assado é para você!"
Dialogues,c2_miniquest_puppy_wig2_later,"Do not leave! I will come back later, boy!","Только никуда не уходи, мальчик, я скоро вернусь!","Não vá embora! Volto mais tarde, garoto!"
Dialogues,global_profession_intro_medicine,"Greetings Adventurer!

So you have decided to learn the secrets of medicine! A truly noble endeavor, mastered by years of practice and herb knowledge.

The principles are simple, gather herbs and other ingredients and craft your potion based on a medicine recipe.

Recipes:
During your journeys you might encounter certain recipes, either as drops or from vendors. Make sure to collect and learn them all!

Ingredients:
Herbs are the main ingredients for potions. However some ingredients can only be obtained as drops. Herbs do grow back after some time. Make sure to remember locations where you pick the herbs up and return to them from time to time.

Leveling:
Collecting herbs and crafting medicine will increase your level. The higher level the recipe, the higher the chance to level up your profession will be. Recipes will no longer reward you levels if they are of too low level.

Medicine:
Creating medicine will require a medicine workbench. After you discover one they will be marked on your map.","Приветствую, искатель приключений! 
 
Итак, вы решили познать тайны медицины!  Поистине благородное дело, освоенное годами практики и знаний о травах. 
 
Принципы просты: соберите травы и другие ингредиенты и создайте зелье на основе рецепта лекарства. 
 
Рецепты: 
Во время путешествий вы можете столкнуться с некоторыми  Обязательно соберите и изучите их все! 
 
Ингредиенты: 
Травы — основные ингредиенты для зелий.  Однако некоторые ингредиенты можно получить только в виде капель.  Травы через некоторое время снова отрастают.  Обязательно запомните места, где вы собираете травы, и время от времени возвращайтесь туда. 
 
Прокачка: 
Сбор трав и изготовление лекарств повысят ваш уровень.  Чем выше уровень рецепта, тем выше будет шанс повысить уровень вашей профессии.  Рецепты больше не будут вознаграждать вас за уровни, если они слишком низкого уровня. 
 
Медицина: 
Для создания лекарств потребуется верстак для лекарств.  После того, как вы их обнаружите, они будут отмечены на вашей карте.","Saudações, Aventureiro!

Então decidiu aprender os segredos da medicina! Uma empreitada verdadeiramente nobre, dominada com anos de prática e conhecimento de ervas.

Os princípios são simples: colete ervas e outros ingredientes e crie sua poção com base em uma receita médica.

Receitas:
Durante suas jornadas você pode encontrar certas receitas, seja como drops ou de vendedores. Certifique-se de coletá-las e aprendê-las todas!

Ingredientes:
Ervas são os principais ingredientes para poções. No entanto, alguns ingredientes só podem ser obtidos como drops. As ervas crescem novamente após algum tempo. Lembre-se dos locais onde as colheu e volte a eles de tempos em tempos.

Nível:
Coletar ervas e criar medicamentos aumentará seu nível. Quanto maior o nível da receita, maior será a chance de aumentar o nível da profissão. Receitas de nível muito baixo não darão mais pontos de nível.

Medicamentos:
Criar medicamentos requer uma bancada de medicina. Após descobri-la, ficará marcada no mapa."
Dialogues,global_profession_intro_craft,"Greetings Adventurer!

So you have decided to enhance your armor on your own! It will require a lot of skill and patience.

For crafting, gather reagents through mining and collecting them from enemies. Your efforts will surely be rewarded.

Recipes:
During your journeys you might encounter crafting blueprints. They will teach you to craft new items. Do not miss out any!

Mining:
If you find a mining pickaxe make sure to keep it well. It will allow you to collect ore from mining veins. If you encounter a vein, remember where it was. They do appear again after some time.

Leveling:
Collecting ores and crafting armors, upgrades and jewels will increase your level. The higher level the recipe, the higher the chance to level up your profession will be. Recipes will no longer reward you levels if they are of too low level.

Crafting:
Creating items will require a workbench. Some recipes will require a forge, other might require an anvil or a crafting workbench. Upon discovery, they will be marked on your map.","Приветствую, искатель приключений! 
 
Итак, вы решили улучшить свою броню самостоятельно!  Это потребует большого мастерства и терпения. 
 
Для крафта собирайте реагенты путем добычи полезных ископаемых и сбора их с врагов.  Ваши усилия обязательно будут вознаграждены. 
 
Рецепты: 
Во время путешествий вы можете столкнуться с созданием чертежей.  Они научат вас создавать новые предметы.  Не пропустите! 
 
Горное дело: 
Если вы найдете горную кирку, обязательно сохраните ее.  Это позволит вам собирать руду из шахтных жил.  Если вы встретите вену, вспомните, где она была.  Через некоторое время они появляются снова. 
 
Прокачка: 
Сбор руд и создание доспехов, улучшений и драгоценностей повысит ваш уровень.  Чем выше уровень рецепта, тем выше будет шанс повысить уровень вашей профессии.  Рецепты больше не будут вознаграждать вас за уровни, если они слишком низкого уровня. 
 
Изготовление: 
Для создания предметов потребуется верстак.  Для некоторых рецептов потребуется кузница, для других — наковальня или верстак.  При обнаружении они будут отмечены на вашей карте.","Saudações, Aventureiro!

Então decidiu melhorar sua armadura por conta própria! Vai exigir muita habilidade e paciência.

Para criação, colete reagentes minerando e coletando-os de inimigos. Seus esforços certamente serão recompensados.

Receitas:
Durante suas jornadas você pode encontrar plantas de criação. Elas ensinam a criar novos itens. Não perca nenhuma!

Mineração:
Se encontrar uma picareta de mineração, cuide bem dela. Ela permitirá coletar minério de veios. Se encontrar um veio, lembre onde estava. Eles reaparecem após algum tempo.

Nível:
Coletar minérios e criar armaduras, melhorias e joias aumentará seu nível. Quanto maior o nível da receita, maior será a chance de aumentar o nível da profissão. Receitas de nível muito baixo não darão mais pontos de nível.

Criação:
Criar itens requer uma bancada. Algumas receitas exigem uma forja, outras uma bigorna ou bancada de criação. Após descobri-las, ficarão marcadas no mapa."
Dialogues,global_profession_intro_suvival,"Greetings Adventurer!

So you have decided to learn how to survive! A truly difficult endeavor, not easily mastered by the weak-minded.

The principles are simple, gather ingredients, either by hunting, fishing or by collecting them.

Recipes:
During your journeys you might encounter recipes. Make sure to collect and learn them all!

Hunting:
Some critters like chickens, crabs or rabbits can be hunted. With the proper survival level, they can be caught by by clicking on them.

Fishing:
A great source of food is fishing. One can know if a spot is good enough for fishing if he can see fishes in the water or any signs of fishing in the area, like fishing poles. Cast your fishing pole and patiently wait until the fish bites and the fishing bobber violently jitters. Quickly reel your rod to catch the fish. The faster you react the higher the chance to catch a fish. 

Also, fishing in lower level areas will increase your chance to catch a fish. Increasing your survival level will also increase the chance for a successful catch.

Cooking:
Roasting, baking or braising will require a fire. Any fire will do: a stove, a bonfire or even a brazier in case of dire necessity.","Приветствую, искатель приключений! 
 
Итак, вы решили научиться выживать!  Поистине сложное занятие, с которым не так-то легко справиться. 
 
Принципы просты: собирайте ингредиенты либо охотясь, ловя рыбу, либо собирая их. 
 
Рецепты: 
Во время путешествий вы можете столкнуться с рецептами.  Обязательно соберите и изучите их все! 
 
Охота: 
На некоторых животных, таких как куры, крабы или кролики, можно охотиться.  При соответствующем уровне выживания их можно поймать, нажав на них. 
 
Рыбалка: 
Отличный источник еды — рыбалка.  Можно узнать, достаточно ли подходящее место для рыбалки, если увидеть рыбу в воде или какие-либо признаки рыбалки в этом районе, например удочки.  Закиньте удочку и терпеливо ждите, пока рыба клюнет и поплавок начнет сильно трястись.  Быстро наматывайте удочку, чтобы поймать рыбу.  Чем быстрее вы отреагируете, тем выше шанс поймать рыбу.   
 
Кроме того, рыбалка на более низких уровнях увеличит ваши шансы поймать рыбу.  Повышение уровня выживаемости также увеличит шанс на успешный улов. 
 
Приготовление пищи: 
Жарка, запекание или тушение потребует огня.  Подойдет любой огонь: печь, костер или даже мангал в случае крайней необходимости.","Saudações, Aventureiro!

Então decidiu aprender a sobreviver! Uma empreitada verdadeiramente difícil, não facilmente dominada pelos fracos de espírito.

Os princípios são simples: colete ingredientes caçando, pescando ou recolhendo-os.

Receitas:
Durante suas jornadas você pode encontrar receitas. Certifique-se de coletá-las e aprendê-las todas!

Caça:
Algumas criaturas como galinhas, caranguejos ou coelhos podem ser caçadas. Com o nível de sobrevivência adequado, podem ser capturadas clicando nelas.

Pesca:
Uma grande fonte de alimento é a pesca. Sabe-se que um ponto é bom para pescar quando se vê peixes na água ou sinais de pesca na área, como varas de pesca. Lance sua vara e aguarde pacientemente até o peixe morder e a bóia se mover violentamente. Puxe rapidamente a vara para pegar o peixe. Quanto mais rápido reagir, maior a chance de pegar o peixe.

Além disso, pescar em áreas de nível mais baixo aumenta a chance de pegar um peixe. Aumentar seu nível de sobrevivência também aumenta a chance de uma pescaria bem-sucedida.

Cozinha:
Assar, cozinhar ou brasear requer fogo. Qualquer fogo serve: um fogão, uma fogueira ou até mesmo um braseiro em casos de necessidade extrema."
